[key]; [value]
Version; 0x03050000
Name; Application.Trace
ApplicationName; Application
ApplicationDataGuid; 00000000-0000-0000-0000-000000000000
IecTaskName; MainTask
Comment; 
Trigger.Flags; 0
Condition.Name; 
Condition.AddrFlags; 0x00000000
Condition.Class; 0
Condition.Size; 0
EveryNCycles; 1
BufferEntries; 1000
Flags; 16
0.Variable; PLC_PRG.air_flow
0.Address.AddrFlags; 0x00000000
0.Class; 14
0.Size; 4
0.GraphColor; 4292519200
0.GraphType; 1
0.MinWarningColor; 4278190080
0.MaxWarningColor; 4294901760
0.CriticalLowerLimit; 0
0.CriticalUpperLimit; 0
0.ActivateMinWarning; 0
0.ActivateMaxWarning; 0
0.YAxis; 0
0.Data; 
; 11; 30
; 33; 30
; 54; 30
; 76; 30
; 96; 30
; 117; 30
; 139; 30
; 160; 30
; 181; 30
; 202; 30
; 223; 30
; 245; 30
; 266; 30
; 288; 30
; 308; 30
; 329; 30
; 350; 30
; 372; 30
; 393; 30
; 415; 30
; 436; 30
; 458; 30
; 479; 30
; 500; 30
; 522; 30
; 543; 30
; 565; 30
; 585; 30
; 605; 30
; 627; 30
; 648; 30
; 669; 30.020000457763672
; 691; 30.040000915527344
; 712; 30.060001373291016
; 734; 30.080001831054688
; 755; 30.100002288818359
; 777; 30.120002746582031
; 797; 30.140003204345703
; 818; 30.160003662109375
; 840; 30.180004119873047
; 861; 30.200004577636719
; 883; 30.220005035400391
; 903; 30.240005493164063
; 923; 30.260005950927734
; 944; 30.280006408691406
; 965; 30.300006866455078
; 987; 30.32000732421875
; 1007; 30.340007781982422
; 1028; 30.360008239746094
; 1050; 30.380008697509766
; 1070; 30.400009155273438
; 1092; 30.420009613037109
; 1113; 30.440010070800781
; 1134; 30.460010528564453
; 1156; 30.480010986328125
; 1177; 30.500011444091797
; 1197; 30.520011901855469
; 1219; 30.540012359619141
; 1240; 30.560012817382813
; 1262; 30.580013275146484
; 1283; 30.600013732910156
; 1304; 30.620014190673828
; 1325; 30.6400146484375
; 1346; 30.660015106201172
; 1367; 30.680015563964844
; 1389; 30.700016021728516
; 1410; 30.720016479492188
; 1432; 30.740016937255859
; 1453; 30.760017395019531
; 1475; 30.780017852783203
; 1496; 30.800018310546875
; 1517; 30.820018768310547
; 1539; 30.840019226074219
; 1560; 30.860019683837891
; 1582; 30.880020141601563
; 1602; 30.900020599365234
; 1623; 30.920021057128906
; 1644; 30.940021514892578
; 1665; 30.96002197265625
; 1687; 30.980022430419922
; 1708; 31.000022888183594
; 1728; 31.020023345947266
; 1749; 31.040023803710938
; 1770; 31.060024261474609
; 1792; 31.080024719238281
; 1812; 31.100025177001953
; 1832; 31.120025634765625
; 1854; 31.140026092529297
; 1875; 31.160026550292969
; 1897; 31.180027008056641
; 1918; 31.200027465820313
; 1940; 31.220027923583984
; 1961; 31.240028381347656
; 1983; 31.260028839111328
; 2004; 31.280029296875
; 2025; 31.300029754638672
; 2045; 31.320030212402344
; 2067; 31.340030670166016
; 2088; 31.360031127929688
; 2109; 31.380031585693359
; 2130; 31.400032043457031
; 2151; 31.420032501220703
; 2173; 31.440032958984375
; 2194; 31.460033416748047
; 2215; 31.480033874511719
; 2235; 31.500034332275391
; 2256; 31.520034790039063
; 2276; 31.540035247802734
; 2298; 31.560035705566406
; 2319; 31.580036163330078
; 2339; 31.60003662109375
; 2361; 31.620037078857422
; 2382; 31.640037536621094
; 2402; 31.660037994384766
; 2424; 31.680038452148438
; 2445; 31.700038909912109
; 2467; 31.720039367675781
; 2487; 31.740039825439453
; 2508; 31.760040283203125
; 2530; 31.780040740966797
; 2551; 31.800041198730469
; 2572; 31.820041656494141
; 2593; 31.840042114257813
; 2615; 31.860042572021484
; 2636; 31.880043029785156
; 2658; 31.900043487548828
; 2679; 31.9200439453125
; 2699; 31.940044403076172
; 2721; 31.960044860839844
; 2742; 31.980045318603516
; 2764; 32.000045776367188
; 2785; 32.020046234130859
; 2807; 32.040046691894531
; 2828; 32.0600471496582
; 2850; 32.080047607421875
; 2871; 32.100048065185547
; 2893; 32.120048522949219
; 2914; 32.140048980712891
; 2935; 32.160049438476563
; 2957; 32.180049896240234
; 2978; 32.200050354003906
; 3000; 32.220050811767578
; 3022; 32.24005126953125
; 3043; 32.260051727294922
; 3065; 32.280052185058594
; 3086; 32.300052642822266
; 3106; 32.320053100585938
; 3128; 32.340053558349609
; 3149; 32.360054016113281
; 3171; 32.380054473876953
; 3192; 32.400054931640625
; 3212; 32.4200553894043
; 3234; 32.440055847167969
; 3255; 32.460056304931641
; 3276; 32.480056762695313
; 3296; 32.500057220458984
; 3318; 32.520057678222656
; 3338; 32.540058135986328
; 3359; 32.56005859375
; 3381; 32.580059051513672
; 3401; 32.600059509277344
; 3422; 32.620059967041016
; 3444; 32.640060424804688
; 3465; 32.660060882568359
; 3487; 32.680061340332031
; 3508; 32.7000617980957
; 3530; 32.720062255859375
; 3551; 32.740062713623047
; 3573; 32.760063171386719
; 3593; 32.780063629150391
; 3614; 32.800064086914063
; 3633; 32.820064544677734
; 3654; 32.840065002441406
; 3674; 32.860065460205078
; 3695; 32.88006591796875
; 3717; 32.900066375732422
; 3738; 32.920066833496094
; 3760; 32.940067291259766
; 3781; 32.960067749023438
; 3802; 32.980068206787109
; 3822; 33.000068664550781
; 3843; 33.020069122314453
; 3865; 33.040069580078125
; 3886; 33.0600700378418
; 3906; 33.080070495605469
; 3928; 33.100070953369141
; 3949; 33.120071411132813
; 3971; 33.140071868896484
; 3992; 33.160072326660156
; 4012; 33.180072784423828
; 4034; 33.2000732421875
; 4055; 33.220073699951172
; 4077; 33.240074157714844
; 4098; 33.260074615478516
; 4119; 33.280075073242188
; 4140; 33.300075531005859
; 4161; 33.320075988769531
; 4183; 33.3400764465332
; 4203; 33.360076904296875
; 4225; 33.380077362060547
; 4246; 33.400077819824219
; 4268; 33.420078277587891
; 4289; 33.440078735351563
; 4309; 33.460079193115234
; 4331; 33.480079650878906
; 4351; 33.500080108642578
; 4372; 33.52008056640625
; 4394; 33.540081024169922
; 4415; 33.560081481933594
; 4437; 33.580081939697266
; 4458; 33.600082397460938
; 4480; 33.620082855224609
; 4501; 33.640083312988281
; 4522; 33.660083770751953
; 4544; 33.680084228515625
; 4565; 33.7000846862793
; 4587; 33.720085144042969
; 4608; 33.740085601806641
; 4629; 33.760086059570313
; 4651; 33.780086517333984
; 4671; 33.800086975097656
; 4693; 33.820087432861328
; 4714; 33.840087890625
; 4735; 33.860088348388672
; 4757; 33.880088806152344
; 4778; 33.900089263916016
; 4800; 33.920089721679688
; 4820; 33.940090179443359
; 4841; 33.960090637207031
; 4863; 33.9800910949707
; 4884; 34.000091552734375
; 4904; 34.020092010498047
; 4925; 34.040092468261719
; 4946; 34.060092926025391
; 4968; 34.080093383789063
; 4989; 34.100093841552734
; 5010; 34.120094299316406
; 5032; 34.140094757080078
; 5052; 34.16009521484375
; 5074; 34.180095672607422
; 5094; 34.200096130371094
; 5116; 34.220096588134766
; 5136; 34.240097045898438
; 5158; 34.260097503662109
; 5179; 34.280097961425781
; 5201; 34.300098419189453
; 5222; 34.320098876953125
; 5244; 34.3400993347168
; 5265; 34.360099792480469
; 5287; 34.380100250244141
; 5308; 34.400100708007813
; 5329; 34.420101165771484
; 5351; 34.440101623535156
; 5372; 34.460102081298828
; 5394; 34.4801025390625
; 5415; 34.500102996826172
; 5436; 34.520103454589844
; 5458; 34.540103912353516
; 5479; 34.560104370117188
; 5501; 34.580104827880859
; 5521; 34.600105285644531
; 5542; 34.6201057434082
; 5564; 34.640106201171875
; 5585; 34.660106658935547
; 5605; 34.680107116699219
; 5627; 34.700107574462891
; 5648; 34.720108032226563
; 5670; 34.740108489990234
; 5691; 34.760108947753906
; 5711; 34.780109405517578
; 5733; 34.80010986328125
; 5754; 34.820110321044922
; 5776; 34.840110778808594
; 5797; 34.860111236572266
; 5817; 34.880111694335938
; 5839; 34.900112152099609
; 5860; 34.920112609863281
; 5882; 34.940113067626953
; 5903; 34.960113525390625
; 5924; 34.9801139831543
; 5944; 35.000114440917969
; 5966; 35.020114898681641
; 5987; 35.040115356445313
; 6008; 35.060115814208984
; 6030; 35.080116271972656
; 6051; 35.100116729736328
; 6073; 35.1201171875
; 6094; 35.140117645263672
; 6114; 35.160118103027344
; 6136; 35.180118560791016
; 6157; 35.200119018554688
; 6179; 35.220119476318359
; 6200; 35.240119934082031
; 6221; 35.2601203918457
; 6243; 35.280120849609375
; 6264; 35.300121307373047
; 6286; 35.320121765136719
; 6306; 35.340122222900391
; 6328; 35.360122680664063
; 6349; 35.380123138427734
; 6370; 35.400123596191406
; 6391; 35.420124053955078
; 6413; 35.44012451171875
; 6434; 35.460124969482422
; 6456; 35.480125427246094
; 6478; 35.500125885009766
; 6498; 35.520126342773438
; 6520; 35.540126800537109
; 6540; 35.560127258300781
; 6562; 35.580127716064453
; 6583; 35.600128173828125
; 6605; 35.6201286315918
; 6626; 35.640129089355469
; 6646; 35.660129547119141
; 6667; 35.680130004882813
; 6688; 35.700130462646484
; 6710; 35.720130920410156
; 6731; 35.740131378173828
; 6753; 35.7601318359375
; 6774; 35.780132293701172
; 6796; 35.800132751464844
; 6816; 35.820133209228516
; 6837; 35.840133666992188
; 6859; 35.860134124755859
; 6880; 35.880134582519531
; 6902; 35.9001350402832
; 6922; 35.920135498046875
; 6943; 35.940135955810547
; 6965; 35.960136413574219
; 6986; 35.980136871337891
; 7008; 36.000137329101563
; 7030; 36.020137786865234
; 7051; 36.040138244628906
; 7073; 36.060138702392578
; 7094; 36.08013916015625
; 7114; 36.100139617919922
; 7134; 36.120140075683594
; 7156; 36.140140533447266
; 7177; 36.160140991210938
; 7199; 36.180141448974609
; 7220; 36.200141906738281
; 7242; 36.220142364501953
; 7263; 36.240142822265625
; 7284; 36.2601432800293
; 7306; 36.280143737792969
; 7326; 36.300144195556641
; 7347; 36.320144653320313
; 7368; 36.340145111083984
; 7390; 36.360145568847656
; 7411; 36.380146026611328
; 7432; 36.400146484375
; 7454; 36.420146942138672
; 7475; 36.440147399902344
; 7497; 36.460147857666016
; 7517; 36.480148315429688
; 7538; 36.500148773193359
; 7560; 36.520149230957031
; 7581; 36.5401496887207
; 7603; 36.560150146484375
; 7623; 36.580150604248047
; 7644; 36.600151062011719
; 7665; 36.620151519775391
; 7685; 36.640151977539063
; 7705; 36.660152435302734
; 7726; 36.680152893066406
; 7748; 36.700153350830078
; 7769; 36.72015380859375
; 7790; 36.740154266357422
; 7812; 36.760154724121094
; 7833; 36.780155181884766
; 7855; 36.800155639648438
; 7877; 36.820156097412109
; 7898; 36.840156555175781
; 7920; 36.860157012939453
; 7941; 36.880157470703125
; 7963; 36.9001579284668
; 7984; 36.920158386230469
; 8006; 36.940158843994141
; 8026; 36.960159301757813
; 8047; 36.980159759521484
; 8069; 37.000160217285156
; 8090; 37.020160675048828
; 8110; 37.0401611328125
; 8132; 37.060161590576172
; 8152; 37.080162048339844
; 8174; 37.100162506103516
; 8195; 37.120162963867188
; 8215; 37.140163421630859
; 8237; 37.160163879394531
; 8258; 37.1801643371582
; 8280; 37.200164794921875
; 8301; 37.220165252685547
; 8322; 37.240165710449219
; 8344; 37.260166168212891
; 8364; 37.280166625976563
; 8386; 37.300167083740234
; 8408; 37.320167541503906
; 8429; 37.340167999267578
; 8451; 37.36016845703125
; 8470; 37.380168914794922
; 8492; 37.400169372558594
; 8513; 37.420169830322266
; 8534; 37.440170288085938
; 8556; 37.460170745849609
; 8577; 37.480171203613281
; 8599; 37.500171661376953
; 8619; 37.520172119140625
; 8639; 37.5401725769043
; 8661; 37.560173034667969
; 8682; 37.580173492431641
; 8704; 37.600173950195313
; 8725; 37.620174407958984
; 8747; 37.640174865722656
; 8767; 37.660175323486328
; 8789; 37.68017578125
; 8810; 37.700176239013672
; 8831; 37.720176696777344
; 8853; 37.740177154541016
; 8874; 37.760177612304688
; 8896; 37.780178070068359
; 8916; 37.800178527832031
; 8937; 37.8201789855957
; 8959; 37.840179443359375
; 8979; 37.860179901123047
; 9000; 37.880180358886719
; 9020; 37.900180816650391
; 9041; 37.920181274414063
; 9063; 37.940181732177734
; 9084; 37.960182189941406
; 9106; 37.980182647705078
; 9126; 38.00018310546875
; 9147; 38.020183563232422
; 9169; 38.040184020996094
; 9190; 38.060184478759766
; 9212; 38.080184936523438
; 9234; 38.100185394287109
; 9255; 38.120185852050781
; 9276; 38.140186309814453
; 9297; 38.160186767578125
; 9318; 38.1801872253418
; 9340; 38.200187683105469
; 9361; 38.220188140869141
; 9383; 38.240188598632813
; 9404; 38.260189056396484
; 9425; 38.280189514160156
; 9446; 38.300189971923828
; 9467; 38.3201904296875
; 9489; 38.340190887451172
; 9509; 38.360191345214844
; 9530; 38.380191802978516
; 9551; 38.400192260742188
; 9573; 38.420192718505859
; 9594; 38.440193176269531
; 9616; 38.4601936340332
; 9637; 38.480194091796875
; 9659; 38.500194549560547
; 9679; 38.520195007324219
; 9701; 38.540195465087891
; 9722; 38.560195922851563
; 9743; 38.580196380615234
; 9765; 38.600196838378906
; 9785; 38.620197296142578
; 9805; 38.64019775390625
; 9826; 38.660198211669922
; 9848; 38.680198669433594
; 9869; 38.700199127197266
; 9890; 38.720199584960938
; 9911; 38.740200042724609
; 9932; 38.760200500488281
; 9953; 38.780200958251953
; 9974; 38.800201416015625
; 9995; 38.8202018737793
; 10017; 38.840202331542969
; 10038; 38.860202789306641
; 10059; 38.880203247070313
; 10080; 38.900203704833984
; 10102; 38.920204162597656
; 10122; 38.940204620361328
; 10142; 38.960205078125
; 10163; 38.980205535888672
; 10185; 39.000205993652344
; 10205; 39.020206451416016
; 10226; 39.040206909179688
; 10248; 39.060207366943359
; 10269; 39.080207824707031
; 10291; 39.1002082824707
; 10312; 39.120208740234375
; 10334; 39.140209197998047
; 10355; 39.160209655761719
; 10377; 39.180210113525391
; 10398; 39.200210571289063
; 10420; 39.220211029052734
; 10441; 39.240211486816406
; 10463; 39.260211944580078
; 10484; 39.28021240234375
; 10504; 39.300212860107422
; 10525; 39.320213317871094
; 10546; 39.340213775634766
; 10567; 39.360214233398438
; 10588; 39.380214691162109
; 10610; 39.400215148925781
; 10631; 39.420215606689453
; 10653; 39.440216064453125
; 10674; 39.4602165222168
; 10696; 39.480216979980469
; 10717; 39.500217437744141
; 10738; 39.520217895507813
; 10760; 39.540218353271484
; 10781; 39.560218811035156
; 10803; 39.580219268798828
; 10823; 39.6002197265625
; 10844; 39.620220184326172
; 10866; 39.640220642089844
; 10887; 39.660221099853516
; 10909; 39.680221557617188
; 10931; 39.700222015380859
; 10952; 39.720222473144531
; 10974; 39.7402229309082
; 10994; 39.760223388671875
; 11015; 39.780223846435547
; 11037; 39.800224304199219
; 11058; 39.820224761962891
; 11080; 39.840225219726563
; 11101; 39.860225677490234
; 11121; 39.880226135253906
; 11143; 39.900226593017578
; 11164; 39.92022705078125
; 11186; 39.940227508544922
; 11207; 39.960227966308594
; 11228; 39.980228424072266
; 11249; 40.000228881835938
; 11270; 40.020229339599609
; 11292; 40.040229797363281
; 11313; 40.060230255126953
; 11335; 40.080230712890625
; 11356; 40.1002311706543
; 11378; 40.120231628417969
; 11399; 40.140232086181641
; 11420; 40.160232543945313
; 11441; 40.180233001708984
; 11463; 40.200233459472656
; 11483; 40.220233917236328
; 11505; 40.240234375
; 11526; 40.260234832763672
; 11546; 40.280235290527344
; 11567; 40.300235748291016
; 11589; 40.320236206054688
; 11610; 40.340236663818359
; 11630; 40.360237121582031
; 11651; 40.3802375793457
; 11673; 40.400238037109375
; 11694; 40.420238494873047
; 11716; 40.440238952636719
; 11737; 40.460239410400391
; 11759; 40.480239868164063
; 11780; 40.500240325927734
; 11802; 40.520240783691406
; 11822; 40.540241241455078
; 11844; 40.56024169921875
; 11865; 40.580242156982422
; 11887; 40.600242614746094
; 11908; 40.620243072509766
; 11929; 40.640243530273438
; 11951; 40.660243988037109
; 11972; 40.680244445800781
; 11993; 40.700244903564453
; 12013; 40.720245361328125
; 12034; 40.7402458190918
; 12056; 40.760246276855469
; 12077; 40.780246734619141
; 12099; 40.800247192382813
; 12120; 40.820247650146484
; 12141; 40.840248107910156
; 12163; 40.860248565673828
; 12184; 40.8802490234375
; 12206; 40.900249481201172
; 12227; 40.920249938964844
; 12249; 40.940250396728516
; 12270; 40.960250854492188
; 12292; 40.980251312255859
; 12313; 41.000251770019531
; 12334; 41.0202522277832
; 12356; 41.040252685546875
; 12377; 41.060253143310547
; 12399; 41.080253601074219
; 12419; 41.100254058837891
; 12440; 41.120254516601563
; 12462; 41.140254974365234
; 12483; 41.160255432128906
; 12505; 41.180255889892578
; 12525; 41.20025634765625
; 12546; 41.220256805419922
; 12568; 41.240257263183594
; 12589; 41.260257720947266
; 12611; 41.280258178710938
; 12631; 41.300258636474609
; 12652; 41.320259094238281
; 12674; 41.340259552001953
; 12695; 41.360260009765625
; 12716; 41.3802604675293
; 12737; 41.400260925292969
; 12756; 41.420261383056641
; 12778; 41.440261840820313
; 12798; 41.460262298583984
; 12819; 41.480262756347656
; 12841; 41.500263214111328
; 12862; 41.520263671875
; 12884; 41.540264129638672
; 12905; 41.560264587402344
; 12925; 41.580265045166016
; 12947; 41.600265502929688
; 12968; 41.620265960693359
; 12990; 41.640266418457031
; 13011; 41.6602668762207
; 13031; 41.680267333984375
; 13053; 41.700267791748047
; 13075; 41.720268249511719
; 13095; 41.740268707275391
; 13117; 41.760269165039063
; 13136; 41.780269622802734
; 13157; 41.800270080566406
; 13178; 41.820270538330078
; 13200; 41.84027099609375
; 13220; 41.860271453857422
; 13242; 41.880271911621094
; 13263; 41.900272369384766
; 13284; 41.920272827148438
; 13305; 41.940273284912109
; 13325; 41.960273742675781
; 13347; 41.980274200439453
; 13368; 42.000274658203125
; 13390; 42.0202751159668
; 13411; 42.040275573730469
; 13431; 42.060276031494141
; 13453; 42.080276489257813
; 13474; 42.100276947021484
; 13496; 42.120277404785156
; 13517; 42.140277862548828
; 13538; 42.1602783203125
; 13559; 42.180278778076172
; 13581; 42.200279235839844
; 13602; 42.220279693603516
; 13624; 42.240280151367188
; 13645; 42.260280609130859
; 13667; 42.280281066894531
; 13688; 42.3002815246582
; 13710; 42.320281982421875
; 13731; 42.340282440185547
; 13752; 42.360282897949219
; 13774; 42.380283355712891
; 13795; 42.400283813476563
; 13817; 42.420284271240234
; 13837; 42.440284729003906
; 13858; 42.460285186767578
; 13880; 42.48028564453125
; 13901; 42.500286102294922
; 13921; 42.520286560058594
; 13942; 42.540287017822266
; 13963; 42.560287475585938
; 13985; 42.580287933349609
; 14006; 42.600288391113281
; 14027; 42.620288848876953
; 14049; 42.640289306640625
; 14070; 42.6602897644043
; 14092; 42.680290222167969
; 14113; 42.700290679931641
; 14134; 42.720291137695313
; 14155; 42.740291595458984
; 14176; 42.760292053222656
; 14198; 42.780292510986328
; 14219; 42.80029296875
; 14240; 42.820293426513672
; 14261; 42.840293884277344
; 14283; 42.860294342041016
; 14303; 42.880294799804688
; 14323; 42.900295257568359
; 14345; 42.920295715332031
; 14366; 42.9402961730957
; 14388; 42.960296630859375
; 14409; 42.980297088623047
; 14430; 43.000297546386719
; 14450; 43.020298004150391
; 14472; 43.040298461914063
; 14493; 43.060298919677734
; 14515; 43.080299377441406
; 14535; 43.100299835205078
; 14556; 43.12030029296875
; 14577; 43.140300750732422
; 14598; 43.160301208496094
; 14620; 43.180301666259766
; 14640; 43.200302124023438
; 14660; 43.220302581787109
; 14681; 43.240303039550781
; 14703; 43.260303497314453
; 14725; 43.280303955078125
; 14745; 43.3003044128418
; 14766; 43.320304870605469
; 14787; 43.340305328369141
; 14809; 43.360305786132813
; 14831; 43.380306243896484
; 14852; 43.400306701660156
; 14874; 43.420307159423828
; 14895; 43.4403076171875
; 14916; 43.460308074951172
; 14937; 43.480308532714844
; 14958; 43.500308990478516
; 14980; 43.520309448242188
; 15001; 43.540309906005859
; 15023; 43.560310363769531
; 15045; 43.5803108215332
; 15065; 43.600311279296875
; 15085; 43.620311737060547
; 15106; 43.640312194824219
; 15127; 43.660312652587891
; 15149; 43.680313110351563
; 15170; 43.700313568115234
; 15192; 43.720314025878906
; 15213; 43.740314483642578
; 15233; 43.76031494140625
; 15255; 43.780315399169922
; 15276; 43.800315856933594
; 15298; 43.820316314697266
; 15318; 43.840316772460938
; 15339; 43.860317230224609
; 15360; 43.880317687988281
; 15382; 43.900318145751953
; 15402; 43.920318603515625
; 15422; 43.9403190612793
; 15444; 43.960319519042969
; 15465; 43.980319976806641
; 15486; 44.000320434570313
; 15507; 44.020320892333984
; 15528; 44.040321350097656
; 15549; 44.060321807861328
; 15571; 44.080322265625
; 15592; 44.100322723388672
; 15614; 44.120323181152344
; 15634; 44.140323638916016
; 15655; 44.160324096679688
; 15677; 44.180324554443359
; 15699; 44.200325012207031
; 15720; 44.2203254699707
; 15740; 44.240325927734375
; 15762; 44.260326385498047
; 15783; 44.280326843261719
; 15805; 44.300327301025391
; 15826; 44.320327758789063
; 15847; 44.340328216552734
; 15867; 44.360328674316406
; 15889; 44.380329132080078
; 15909; 44.40032958984375
; 15930; 44.420330047607422
; 15951; 44.440330505371094
; 15973; 44.460330963134766
; 15994; 44.480331420898438
; 16015; 44.500331878662109
; 16037; 44.520332336425781
; 16059; 44.540332794189453
; 16080; 44.560333251953125
; 16101; 44.5803337097168
; 16123; 44.600334167480469
; 16143; 44.620334625244141
; 16165; 44.640335083007813
; 16186; 44.660335540771484
; 16207; 44.680335998535156
; 16228; 44.700336456298828
; 16249; 44.7203369140625
; 16271; 44.740337371826172
; 16293; 44.760337829589844
; 16314; 44.780338287353516
; 16336; 44.800338745117188
; 16357; 44.820339202880859
; 16379; 44.840339660644531
; 16400; 44.8603401184082
; 16422; 44.880340576171875
; 16442; 44.900341033935547
; 16463; 44.920341491699219
; 16483; 44.940341949462891
; 16505; 44.960342407226563
; 16526; 44.980342864990234
; 16548; 45.000343322753906
; 16569; 45.020343780517578
; 16590; 45.04034423828125
; 16612; 45.060344696044922
; 16633; 45.080345153808594
; 16655; 45.100345611572266
; 16676; 45.120346069335938
; 16698; 45.140346527099609
; 16718; 45.160346984863281
; 16739; 45.180347442626953
; 16761; 45.200347900390625
; 16782; 45.2203483581543
; 16804; 45.240348815917969
; 16825; 45.260349273681641
; 16846; 45.280349731445313
; 16868; 45.300350189208984
; 16889; 45.320350646972656
; 16910; 45.340351104736328
; 16930; 45.3603515625
; 16951; 45.380352020263672
; 16973; 45.400352478027344
; 16994; 45.420352935791016
; 17015; 45.440353393554688
; 17035; 45.460353851318359
; 17057; 45.480354309082031
; 17078; 45.5003547668457
; 17099; 45.520355224609375
; 17120; 45.540355682373047
; 17141; 45.560356140136719
; 17163; 45.580356597900391
; 17184; 45.600357055664063
; 17206; 45.620357513427734
; 17228; 45.640357971191406
; 17249; 45.660358428955078
; 17271; 45.68035888671875
; 17292; 45.700359344482422
; 17314; 45.720359802246094
; 17334; 45.740360260009766
; 17355; 45.760360717773438
; 17375; 45.780361175537109
; 17395; 45.800361633300781
; 17417; 45.820362091064453
; 17438; 45.840362548828125
; 17460; 45.8603630065918
; 17481; 45.880363464355469
; 17503; 45.900363922119141
; 17524; 45.920364379882813
; 17544; 45.940364837646484
; 17565; 45.960365295410156
; 17587; 45.980365753173828
; 17608; 46.0003662109375
; 17629; 46.020366668701172
; 17650; 46.040367126464844
; 17671; 46.060367584228516
; 17691; 46.080368041992188
; 17713; 46.100368499755859
; 17734; 46.120368957519531
; 17756; 46.1403694152832
; 17777; 46.160369873046875
; 17799; 46.180370330810547
; 17820; 46.200370788574219
; 17841; 46.220371246337891
; 17862; 46.240371704101563
; 17884; 46.260372161865234
; 17905; 46.280372619628906
; 17925; 46.300373077392578
; 17945; 46.32037353515625
; 17966; 46.340373992919922
; 17988; 46.360374450683594
; 18009; 46.380374908447266
; 18029; 46.400375366210938
; 18051; 46.420375823974609
; 18072; 46.440376281738281
; 18094; 46.460376739501953
; 18115; 46.480377197265625
; 18136; 46.5003776550293
; 18158; 46.520378112792969
; 18179; 46.540378570556641
; 18200; 46.560379028320313
; 18222; 46.580379486083984
; 18243; 46.600379943847656
; 18265; 46.620380401611328
; 18286; 46.640380859375
; 18308; 46.660381317138672
; 18328; 46.680381774902344
; 18348; 46.700382232666016
; 18369; 46.720382690429688
; 18390; 46.740383148193359
; 18411; 46.760383605957031
; 18431; 46.7803840637207
; 18451; 46.800384521484375
; 18472; 46.820384979248047
; 18493; 46.840385437011719
; 18514; 46.860385894775391
; 18535; 46.880386352539063
; 18556; 46.900386810302734
; 18578; 46.920387268066406
; 18599; 46.940387725830078
; 18621; 46.96038818359375
; 18642; 46.980388641357422
; 18663; 47.000389099121094
; 18685; 47.020389556884766
; 18707; 47.040390014648438
; 18728; 47.060390472412109
; 18748; 47.080390930175781
; 18770; 47.100391387939453
; 18791; 47.120391845703125
; 18813; 47.1403923034668
; 18833; 47.160392761230469
; 18854; 47.180393218994141
; 18875; 47.200393676757813
; 18896; 47.220394134521484
; 18918; 47.240394592285156
; 18939; 47.260395050048828
; 18960; 47.2803955078125
; 18981; 47.300395965576172
; 19002; 47.320396423339844
; 19024; 47.340396881103516
; 19045; 47.360397338867188
; 19065; 47.380397796630859
; 19086; 47.400398254394531
; 19107; 47.4203987121582
; 19129; 47.440399169921875
; 19149; 47.460399627685547
; 19170; 47.480400085449219
; 19191; 47.500400543212891
; 19212; 47.520401000976563
; 19233; 47.540401458740234
; 19254; 47.560401916503906
; 19275; 47.580402374267578
; 19297; 47.60040283203125
; 19316; 47.620403289794922
; 19337; 47.640403747558594
; 19359; 47.660404205322266
; 19380; 47.680404663085938
; 19402; 47.700405120849609
; 19423; 47.720405578613281
; 19443; 47.740406036376953
; 19464; 47.760406494140625
; 19485; 47.7804069519043
; 19507; 47.800407409667969
; 19527; 47.820407867431641
; 19549; 47.840408325195313
; 19570; 47.860408782958984
; 19592; 47.880409240722656
; 19613; 47.900409698486328
; 19634; 47.92041015625
; 19655; 47.940410614013672
; 19676; 47.960411071777344
; 19697; 47.980411529541016
; 19718; 48.000411987304688
; 19738; 48.020412445068359
; 19760; 48.040412902832031
; 19780; 48.0604133605957
; 19801; 48.080413818359375
; 19822; 48.100414276123047
; 19843; 48.120414733886719
; 19865; 48.140415191650391
; 19886; 48.160415649414063
; 19908; 48.180416107177734
; 19928; 48.200416564941406
; 19949; 48.220417022705078
; 19970; 48.24041748046875
; 19991; 48.260417938232422
; 20013; 48.280418395996094
; 20033; 48.300418853759766
; 20055; 48.320419311523438
; 20076; 48.340419769287109
; 20098; 48.360420227050781
; 20119; 48.380420684814453
; 20139; 48.400421142578125
; 20161; 48.4204216003418
; 20182; 48.440422058105469
; 20204; 48.460422515869141
; 20225; 48.480422973632813
; 20245; 48.500423431396484
; 20267; 48.520423889160156
; 20288; 48.540424346923828
; 20310; 48.5604248046875
; 20330; 48.580425262451172
; 20350; 48.600425720214844
; 20371; 48.620426177978516
; 20392; 48.640426635742188
; 20414; 48.660427093505859
; 20435; 48.680427551269531
; 20457; 48.7004280090332
; 20478; 48.720428466796875
; 20500; 48.740428924560547
; 20521; 48.760429382324219
; 20542; 48.780429840087891
; 20564; 48.800430297851563
; 20585; 48.820430755615234
; 20607; 48.840431213378906
; 20628; 48.860431671142578
; 20649; 48.88043212890625
; 20671; 48.900432586669922
; 20692; 48.920433044433594
; 20713; 48.940433502197266
; 20735; 48.960433959960938
1.Variable; PLC_PRG.concentrate_grade
1.Address.AddrFlags; 0x00000000
1.Class; 14
1.Size; 4
1.GraphColor; 4286611584
1.GraphType; 1
1.MinWarningColor; 4278190080
1.MaxWarningColor; 4294901760
1.CriticalLowerLimit; 0
1.CriticalUpperLimit; 0
1.ActivateMinWarning; 0
1.ActivateMaxWarning; 0
1.YAxis; 0
1.Data; 
; 11; 82
; 33; 82
; 54; 82
; 76; 82
; 96; 82
; 117; 82
; 139; 82
; 160; 82
; 181; 82
; 202; 82
; 223; 82
; 245; 82
; 266; 82
; 288; 82
; 308; 82
; 329; 82
; 350; 82
; 372; 82
; 393; 82
; 415; 82
; 436; 82
; 458; 82
; 479; 82
; 500; 82
; 522; 82
; 543; 82
; 565; 82
; 585; 82
; 605; 82
; 627; 82
; 648; 82
; 669; 82.150596618652344
; 691; 82.151199340820313
; 712; 82.151802062988281
; 734; 82.152397155761719
; 755; 82.152999877929688
; 777; 82.153602600097656
; 797; 82.1541976928711
; 818; 82.154800415039063
; 840; 82.155403137207031
; 861; 82.155998229980469
; 883; 82.156600952148438
; 903; 82.1572036743164
; 923; 82.157798767089844
; 944; 82.158401489257813
; 965; 82.15899658203125
; 987; 82.159599304199219
; 1007; 82.160202026367188
; 1028; 82.160797119140625
; 1050; 82.1613998413086
; 1070; 82.162002563476563
; 1092; 82.16259765625
; 1113; 82.163200378417969
; 1134; 82.163803100585938
; 1156; 82.164398193359375
; 1177; 82.165000915527344
; 1197; 82.165603637695313
; 1219; 82.16619873046875
; 1240; 82.166801452636719
; 1262; 82.167404174804688
; 1283; 82.167999267578125
; 1304; 82.1686019897461
; 1325; 82.169197082519531
; 1346; 82.1697998046875
; 1367; 82.170402526855469
; 1389; 82.1709976196289
; 1410; 82.171600341796875
; 1432; 82.172203063964844
; 1453; 82.172798156738281
; 1475; 82.17340087890625
; 1496; 82.174003601074219
; 1517; 82.174598693847656
; 1539; 82.175201416015625
; 1560; 82.1758041381836
; 1582; 82.176399230957031
; 1602; 82.177001953125
; 1623; 82.177597045898438
; 1644; 82.1781997680664
; 1665; 82.178802490234375
; 1687; 82.179397583007813
; 1708; 82.180000305175781
; 1728; 82.18060302734375
; 1749; 82.181198120117188
; 1770; 82.181800842285156
; 1792; 82.182403564453125
; 1812; 82.182998657226563
; 1832; 82.183601379394531
; 1854; 82.1842041015625
; 1875; 82.184799194335938
; 1897; 82.1854019165039
; 1918; 82.186004638671875
; 1940; 82.186599731445313
; 1961; 82.187202453613281
; 1983; 82.187797546386719
; 2004; 82.188400268554688
; 2025; 82.189002990722656
; 2045; 82.1895980834961
; 2067; 82.190200805664063
; 2088; 82.190803527832031
; 2109; 82.191398620605469
; 2130; 82.192001342773438
; 2151; 82.1926040649414
; 2173; 82.193199157714844
; 2194; 82.193801879882813
; 2215; 82.194404602050781
; 2235; 82.194999694824219
; 2256; 82.195602416992188
; 2276; 82.196197509765625
; 2298; 82.1968002319336
; 2319; 82.197402954101563
; 2339; 82.197998046875
; 2361; 82.198600769042969
; 2382; 82.199203491210938
; 2402; 82.199798583984375
; 2424; 82.200401306152344
; 2445; 82.201004028320313
; 2467; 82.20159912109375
; 2487; 82.202201843261719
; 2508; 82.202804565429688
; 2530; 82.203399658203125
; 2551; 82.2040023803711
; 2572; 82.204597473144531
; 2593; 82.2052001953125
; 2615; 82.205802917480469
; 2636; 82.2063980102539
; 2658; 82.207000732421875
; 2679; 82.207603454589844
; 2699; 82.208198547363281
; 2721; 82.20880126953125
; 2742; 82.209403991699219
; 2764; 82.209999084472656
; 2785; 82.210601806640625
; 2807; 82.2112045288086
; 2828; 82.211799621582031
; 2850; 82.21240234375
; 2871; 82.213005065917969
; 2893; 82.2136001586914
; 2914; 82.214202880859375
; 2935; 82.214797973632813
; 2957; 82.215400695800781
; 2978; 82.21600341796875
; 3000; 82.216598510742188
; 3022; 82.217201232910156
; 3043; 82.217803955078125
; 3065; 82.218399047851563
; 3086; 82.219001770019531
; 3106; 82.2196044921875
; 3128; 82.220199584960938
; 3149; 82.2208023071289
; 3171; 82.221405029296875
; 3192; 82.222000122070313
; 3212; 82.222602844238281
; 3234; 82.223197937011719
; 3255; 82.223800659179688
; 3276; 82.224403381347656
; 3296; 82.2249984741211
; 3318; 82.225601196289063
; 3338; 82.226203918457031
; 3359; 82.226799011230469
; 3381; 82.227401733398438
; 3401; 82.2280044555664
; 3422; 82.228599548339844
; 3444; 82.229202270507813
; 3465; 82.229804992675781
; 3487; 82.230400085449219
; 3508; 82.231002807617188
; 3530; 82.231605529785156
; 3551; 82.2322006225586
; 3573; 82.232803344726563
; 3593; 82.2333984375
; 3614; 82.234001159667969
; 3633; 82.234603881835938
; 3654; 82.235198974609375
; 3674; 82.235801696777344
; 3695; 82.236404418945313
; 3717; 82.23699951171875
; 3738; 82.237602233886719
; 3760; 82.238204956054688
; 3781; 82.238800048828125
; 3802; 82.2394027709961
; 3822; 82.240005493164063
; 3843; 82.2406005859375
; 3865; 82.241203308105469
; 3886; 82.2417984008789
; 3906; 82.242401123046875
; 3928; 82.243003845214844
; 3949; 82.243598937988281
; 3971; 82.24420166015625
; 3992; 82.244804382324219
; 4012; 82.245399475097656
; 4034; 82.246002197265625
; 4055; 82.2466049194336
; 4077; 82.247200012207031
; 4098; 82.247802734375
; 4119; 82.248405456542969
; 4140; 82.2490005493164
; 4161; 82.249603271484375
; 4183; 82.250205993652344
; 4203; 82.250801086425781
; 4225; 82.25140380859375
; 4246; 82.251998901367188
; 4268; 82.252601623535156
; 4289; 82.253204345703125
; 4309; 82.253799438476563
; 4331; 82.254402160644531
; 4351; 82.2550048828125
; 4372; 82.255599975585938
; 4394; 82.2562026977539
; 4415; 82.256805419921875
; 4437; 82.257400512695313
; 4458; 82.258003234863281
; 4480; 82.25860595703125
; 4501; 82.259201049804688
; 4522; 82.259803771972656
; 4544; 82.2603988647461
; 4565; 82.261001586914063
; 4587; 82.261604309082031
; 4608; 82.262199401855469
; 4629; 82.262802124023438
; 4651; 82.2634048461914
; 4671; 82.263999938964844
; 4693; 82.264602661132813
; 4714; 82.265205383300781
; 4735; 82.265800476074219
; 4757; 82.266403198242188
; 4778; 82.267005920410156
; 4800; 82.2676010131836
; 4820; 82.268203735351563
; 4841; 82.268806457519531
; 4863; 82.269401550292969
; 4884; 82.270004272460938
; 4904; 82.270599365234375
; 4925; 82.271202087402344
; 4946; 82.271804809570313
; 4968; 82.27239990234375
; 4989; 82.273002624511719
; 5010; 82.273605346679688
; 5032; 82.274200439453125
; 5052; 82.2748031616211
; 5074; 82.275405883789063
; 5094; 82.2760009765625
; 5116; 82.276603698730469
; 5136; 82.277206420898438
; 5158; 82.277801513671875
; 5179; 82.278404235839844
; 5201; 82.278999328613281
; 5222; 82.27960205078125
; 5244; 82.280204772949219
; 5265; 82.280799865722656
; 5287; 82.281402587890625
; 5308; 82.2820053100586
; 5329; 82.282600402832031
; 5351; 82.283203125
; 5372; 82.283805847167969
; 5394; 82.2844009399414
; 5415; 82.285003662109375
; 5436; 82.285606384277344
; 5458; 82.286201477050781
; 5479; 82.28680419921875
; 5501; 82.287406921386719
; 5521; 82.288002014160156
; 5542; 82.288604736328125
; 5564; 82.289199829101563
; 5585; 82.289802551269531
; 5605; 82.2904052734375
; 5627; 82.291000366210938
; 5648; 82.2916030883789
; 5670; 82.292205810546875
; 5691; 82.292800903320313
; 5711; 82.293403625488281
; 5733; 82.29400634765625
; 5754; 82.294601440429688
; 5776; 82.295204162597656
; 5797; 82.295806884765625
; 5817; 82.296401977539063
; 5839; 82.297004699707031
; 5860; 82.297599792480469
; 5882; 82.298202514648438
; 5903; 82.2988052368164
; 5924; 82.299400329589844
; 5944; 82.300003051757813
; 5966; 82.300605773925781
; 5987; 82.301200866699219
; 6008; 82.301803588867188
; 6030; 82.302406311035156
; 6051; 82.3030014038086
; 6073; 82.303604125976563
; 6094; 82.304206848144531
; 6114; 82.304801940917969
; 6136; 82.305404663085938
; 6157; 82.305999755859375
; 6179; 82.306602478027344
; 6200; 82.307205200195313
; 6221; 82.30780029296875
; 6243; 82.308403015136719
; 6264; 82.309005737304688
; 6286; 82.309600830078125
; 6306; 82.3102035522461
; 6328; 82.310806274414063
; 6349; 82.3114013671875
; 6370; 82.312004089355469
; 6391; 82.312606811523438
; 6413; 82.313201904296875
; 6434; 82.313804626464844
; 6456; 82.314407348632813
; 6478; 82.31500244140625
; 6498; 82.315605163574219
; 6520; 82.316200256347656
; 6540; 82.316802978515625
; 6562; 82.3174057006836
; 6583; 82.318000793457031
; 6605; 82.318603515625
; 6626; 82.319206237792969
; 6646; 82.3198013305664
; 6667; 82.320404052734375
; 6688; 82.321006774902344
; 6710; 82.321601867675781
; 6731; 82.32220458984375
; 6753; 82.322807312011719
; 6774; 82.323402404785156
; 6796; 82.324005126953125
; 6816; 82.324600219726563
; 6837; 82.325202941894531
; 6859; 82.3258056640625
; 6880; 82.326400756835938
; 6902; 82.3270034790039
; 6922; 82.327606201171875
; 6943; 82.328201293945313
; 6965; 82.328804016113281
; 6986; 82.32940673828125
; 7008; 82.330001831054688
; 7030; 82.330604553222656
; 7051; 82.331207275390625
; 7073; 82.331802368164063
; 7094; 82.332405090332031
; 7114; 82.3330078125
; 7134; 82.333602905273438
; 7156; 82.3342056274414
; 7177; 82.334800720214844
; 7199; 82.335403442382813
; 7220; 82.336006164550781
; 7242; 82.336601257324219
; 7263; 82.337203979492188
; 7284; 82.337806701660156
; 7306; 82.3384017944336
; 7326; 82.339004516601563
; 7347; 82.339607238769531
; 7368; 82.340202331542969
; 7390; 82.340805053710938
; 7411; 82.3414077758789
; 7432; 82.342002868652344
; 7454; 82.342605590820313
; 7475; 82.34320068359375
; 7497; 82.343803405761719
; 7517; 82.344406127929688
; 7538; 82.345001220703125
; 7560; 82.3456039428711
; 7581; 82.346206665039063
; 7603; 82.3468017578125
; 7623; 82.347404479980469
; 7644; 82.348007202148438
; 7665; 82.348602294921875
; 7685; 82.349205017089844
; 7705; 82.349807739257813
; 7726; 82.35040283203125
; 7748; 82.351005554199219
; 7769; 82.351608276367188
; 7790; 82.352203369140625
; 7812; 82.3528060913086
; 7833; 82.353401184082031
; 7855; 82.35400390625
; 7877; 82.354606628417969
; 7898; 82.3552017211914
; 7920; 82.355804443359375
; 7941; 82.356407165527344
; 7963; 82.357002258300781
; 7984; 82.35760498046875
; 8006; 82.358207702636719
; 8026; 82.358802795410156
; 8047; 82.359405517578125
; 8069; 82.3600082397461
; 8090; 82.360603332519531
; 8110; 82.3612060546875
; 8132; 82.361801147460938
; 8152; 82.3624038696289
; 8174; 82.363006591796875
; 8195; 82.363601684570313
; 8215; 82.364204406738281
; 8237; 82.36480712890625
; 8258; 82.365402221679688
; 8280; 82.366004943847656
; 8301; 82.366607666015625
; 8322; 82.367202758789063
; 8344; 82.367805480957031
; 8364; 82.368408203125
; 8386; 82.369003295898438
; 8408; 82.3696060180664
; 8429; 82.370208740234375
; 8451; 82.370803833007813
; 8470; 82.371406555175781
; 8492; 82.372001647949219
; 8513; 82.372604370117188
; 8534; 82.373207092285156
; 8556; 82.3738021850586
; 8577; 82.374404907226563
; 8599; 82.375007629394531
; 8619; 82.375602722167969
; 8639; 82.376205444335938
; 8661; 82.3768081665039
; 8682; 82.377403259277344
; 8704; 82.378005981445313
; 8725; 82.378608703613281
; 8747; 82.379203796386719
; 8767; 82.379806518554688
; 8789; 82.380401611328125
; 8810; 82.3810043334961
; 8831; 82.381607055664063
; 8853; 82.3822021484375
; 8874; 82.382804870605469
; 8896; 82.383407592773438
; 8916; 82.384002685546875
; 8937; 82.384605407714844
; 8959; 82.385208129882813
; 8979; 82.38580322265625
; 9000; 82.386405944824219
; 9020; 82.387008666992188
; 9041; 82.387603759765625
; 9063; 82.3882064819336
; 9084; 82.388809204101563
; 9106; 82.389404296875
; 9126; 82.390007019042969
; 9147; 82.3906021118164
; 9169; 82.391204833984375
; 9190; 82.391807556152344
; 9212; 82.392402648925781
; 9234; 82.39300537109375
; 9255; 82.393608093261719
; 9276; 82.394203186035156
; 9297; 82.394805908203125
; 9318; 82.3954086303711
; 9340; 82.396003723144531
; 9361; 82.3966064453125
; 9383; 82.397209167480469
; 9404; 82.3978042602539
; 9425; 82.398406982421875
; 9446; 82.399002075195313
; 9467; 82.399604797363281
; 9489; 82.40020751953125
; 9509; 82.400802612304688
; 9530; 82.401405334472656
; 9551; 82.402008056640625
; 9573; 82.402603149414063
; 9594; 82.403205871582031
; 9616; 82.40380859375
; 9637; 82.404403686523438
; 9659; 82.4050064086914
; 9679; 82.405609130859375
; 9701; 82.406204223632813
; 9722; 82.406806945800781
; 9743; 82.40740966796875
; 9765; 82.408004760742188
; 9785; 82.408607482910156
; 9805; 82.4092025756836
; 9826; 82.409805297851563
; 9848; 82.410408020019531
; 9869; 82.411003112792969
; 9890; 82.411605834960938
; 9911; 82.4122085571289
; 9932; 82.412803649902344
; 9953; 82.413406372070313
; 9974; 82.414009094238281
; 9995; 82.414604187011719
; 10017; 82.415206909179688
; 10038; 82.415809631347656
; 10059; 82.4164047241211
; 10080; 82.417007446289063
; 10102; 82.4176025390625
; 10122; 82.418205261230469
; 10142; 82.418807983398438
; 10163; 82.419403076171875
; 10185; 82.420005798339844
; 10205; 82.420608520507813
; 10226; 82.42120361328125
; 10248; 82.421806335449219
; 10269; 82.422409057617188
; 10291; 82.423004150390625
; 10312; 82.4236068725586
; 10334; 82.424209594726563
; 10355; 82.4248046875
; 10377; 82.425407409667969
; 10398; 82.426010131835938
; 10420; 82.426605224609375
; 10441; 82.427207946777344
; 10463; 82.427803039550781
; 10484; 82.42840576171875
; 10504; 82.429008483886719
; 10525; 82.429603576660156
; 10546; 82.430206298828125
; 10567; 82.4308090209961
; 10588; 82.431404113769531
; 10610; 82.4320068359375
; 10631; 82.432609558105469
; 10653; 82.4332046508789
; 10674; 82.433807373046875
; 10696; 82.434410095214844
; 10717; 82.435005187988281
; 10738; 82.43560791015625
; 10760; 82.436203002929688
; 10781; 82.436805725097656
; 10803; 82.437408447265625
; 10823; 82.438003540039063
; 10844; 82.438606262207031
; 10866; 82.439208984375
; 10887; 82.439804077148438
; 10909; 82.4404067993164
; 10931; 82.441009521484375
; 10952; 82.441604614257813
; 10974; 82.442207336425781
; 10994; 82.44281005859375
; 11015; 82.443405151367188
; 11037; 82.444007873535156
; 11058; 82.4446029663086
; 11080; 82.445205688476563
; 11101; 82.445808410644531
; 11121; 82.446403503417969
; 11143; 82.447006225585938
; 11164; 82.4476089477539
; 11186; 82.448204040527344
; 11207; 82.448806762695313
; 11228; 82.449409484863281
; 11249; 82.450004577636719
; 11270; 82.450607299804688
; 11292; 82.451210021972656
; 11313; 82.4518051147461
; 11335; 82.452407836914063
; 11356; 82.453010559082031
; 11378; 82.453605651855469
; 11399; 82.454208374023438
; 11420; 82.454803466796875
; 11441; 82.455406188964844
; 11463; 82.456008911132813
; 11483; 82.45660400390625
; 11505; 82.457206726074219
; 11526; 82.457809448242188
; 11546; 82.458404541015625
; 11567; 82.4590072631836
; 11589; 82.459609985351563
; 11610; 82.460205078125
; 11630; 82.460807800292969
; 11651; 82.461410522460938
; 11673; 82.462005615234375
; 11694; 82.462608337402344
; 11716; 82.463203430175781
; 11737; 82.46380615234375
; 11759; 82.464408874511719
; 11780; 82.465003967285156
; 11802; 82.465606689453125
; 11822; 82.4662094116211
; 11844; 82.466804504394531
; 11865; 82.4674072265625
; 11887; 82.468009948730469
; 11908; 82.4686050415039
; 11929; 82.469207763671875
; 11951; 82.469810485839844
; 11972; 82.470405578613281
; 11993; 82.47100830078125
; 12013; 82.471611022949219
; 12034; 82.472206115722656
; 12056; 82.472808837890625
; 12077; 82.473403930664063
; 12099; 82.474006652832031
; 12120; 82.474609375
; 12141; 82.475204467773438
; 12163; 82.4758071899414
; 12184; 82.476409912109375
; 12206; 82.477005004882813
; 12227; 82.477607727050781
; 12249; 82.47821044921875
; 12270; 82.478805541992188
; 12292; 82.479408264160156
; 12313; 82.480010986328125
; 12334; 82.480606079101563
; 12356; 82.481208801269531
; 12377; 82.481803894042969
; 12399; 82.482406616210938
; 12419; 82.4830093383789
; 12440; 82.483604431152344
; 12462; 82.484207153320313
; 12483; 82.484809875488281
; 12505; 82.485404968261719
; 12525; 82.486007690429688
; 12546; 82.486610412597656
; 12568; 82.4872055053711
; 12589; 82.487808227539063
; 12611; 82.488410949707031
; 12631; 82.489006042480469
; 12652; 82.489608764648438
; 12674; 82.4902114868164
; 12695; 82.490806579589844
; 12716; 82.491409301757813
; 12737; 82.49200439453125
; 12756; 82.492607116699219
; 12778; 82.493209838867188
; 12798; 82.493804931640625
; 12819; 82.4944076538086
; 12841; 82.495010375976563
; 12862; 82.49560546875
; 12884; 82.496208190917969
; 12905; 82.496810913085938
; 12925; 82.497406005859375
; 12947; 82.498008728027344
; 12968; 82.498611450195313
; 12990; 82.49920654296875
; 13011; 82.499809265136719
; 13031; 82.500404357910156
; 13053; 82.501007080078125
; 13075; 82.5016098022461
; 13095; 82.502204895019531
; 13117; 82.5028076171875
; 13136; 82.503410339355469
; 13157; 82.5040054321289
; 13178; 82.504608154296875
; 13200; 82.505210876464844
; 13220; 82.505805969238281
; 13242; 82.50640869140625
; 13263; 82.507011413574219
; 13284; 82.507606506347656
; 13305; 82.508209228515625
; 13325; 82.5088119506836
; 13347; 82.509407043457031
; 13368; 82.510009765625
; 13390; 82.510604858398438
; 13411; 82.5112075805664
; 13431; 82.511810302734375
; 13453; 82.512405395507813
; 13474; 82.513008117675781
; 13496; 82.51361083984375
; 13517; 82.514205932617188
; 13538; 82.514808654785156
; 13559; 82.515411376953125
; 13581; 82.516006469726563
; 13602; 82.516609191894531
; 13624; 82.5172119140625
; 13645; 82.517807006835938
; 13667; 82.5184097290039
; 13688; 82.519004821777344
; 13710; 82.519607543945313
; 13731; 82.520210266113281
; 13752; 82.520805358886719
; 13774; 82.521408081054688
; 13795; 82.522010803222656
; 13817; 82.5226058959961
; 13837; 82.523208618164063
; 13858; 82.523811340332031
; 13880; 82.524406433105469
; 13901; 82.525009155273438
; 13921; 82.5256118774414
; 13942; 82.526206970214844
; 13963; 82.526809692382813
; 13985; 82.52740478515625
; 14006; 82.528007507324219
; 14027; 82.528610229492188
; 14049; 82.529205322265625
; 14070; 82.5298080444336
; 14092; 82.530410766601563
; 14113; 82.531005859375
; 14134; 82.531608581542969
; 14155; 82.532211303710938
; 14176; 82.532806396484375
; 14198; 82.533409118652344
; 14219; 82.534011840820313
; 14240; 82.53460693359375
; 14261; 82.535209655761719
; 14283; 82.535812377929688
; 14303; 82.536407470703125
; 14323; 82.5370101928711
; 14345; 82.537605285644531
; 14366; 82.5382080078125
; 14388; 82.538810729980469
; 14409; 82.5394058227539
; 14430; 82.540008544921875
; 14450; 82.540611267089844
; 14472; 82.541206359863281
; 14493; 82.54180908203125
; 14515; 82.542411804199219
; 14535; 82.543006896972656
; 14556; 82.543609619140625
; 14577; 82.5442123413086
; 14598; 82.544807434082031
; 14620; 82.54541015625
; 14640; 82.546005249023438
; 14660; 82.5466079711914
; 14681; 82.547210693359375
; 14703; 82.547805786132813
; 14725; 82.548408508300781
; 14745; 82.54901123046875
; 14766; 82.549606323242188
; 14787; 82.550209045410156
; 14809; 82.550811767578125
; 14831; 82.551406860351563
; 14852; 82.552009582519531
; 14874; 82.5526123046875
; 14895; 82.553207397460938
; 14916; 82.5538101196289
; 14937; 82.554412841796875
; 14958; 82.555007934570313
; 14980; 82.555610656738281
; 15001; 82.556205749511719
; 15023; 82.556808471679688
; 15045; 82.557411193847656
; 15065; 82.5580062866211
; 15085; 82.558609008789063
; 15106; 82.559211730957031
; 15127; 82.559806823730469
; 15149; 82.560409545898438
; 15170; 82.5610122680664
; 15192; 82.561607360839844
; 15213; 82.562210083007813
; 15233; 82.562812805175781
; 15255; 82.563407897949219
; 15276; 82.564010620117188
; 15298; 82.564605712890625
; 15318; 82.5652084350586
; 15339; 82.565811157226563
; 15360; 82.56640625
; 15382; 82.567008972167969
; 15402; 82.567611694335938
; 15422; 82.568206787109375
; 15444; 82.568809509277344
; 15465; 82.569412231445313
; 15486; 82.57000732421875
; 15507; 82.570610046386719
; 15528; 82.571212768554688
; 15549; 82.571807861328125
; 15571; 82.5724105834961
; 15592; 82.573013305664063
; 15614; 82.5736083984375
; 15634; 82.574211120605469
; 15655; 82.5748062133789
; 15677; 82.575408935546875
; 15699; 82.576011657714844
; 15720; 82.576606750488281
; 15740; 82.57720947265625
; 15762; 82.577812194824219
; 15783; 82.578407287597656
; 15805; 82.579010009765625
; 15826; 82.5796127319336
; 15847; 82.580207824707031
; 15867; 82.580810546875
; 15889; 82.581413269042969
; 15909; 82.5820083618164
; 15930; 82.582611083984375
; 15951; 82.583206176757813
; 15973; 82.583808898925781
; 15994; 82.58441162109375
; 16015; 82.585006713867188
; 16037; 82.585609436035156
; 16059; 82.586212158203125
; 16080; 82.586807250976563
; 16101; 82.587409973144531
; 16123; 82.5880126953125
; 16143; 82.588607788085938
; 16165; 82.5892105102539
; 16186; 82.589813232421875
; 16207; 82.590408325195313
; 16228; 82.591011047363281
; 16249; 82.59161376953125
; 16271; 82.592208862304688
; 16293; 82.592811584472656
; 16314; 82.5934066772461
; 16336; 82.594009399414063
; 16357; 82.594612121582031
; 16379; 82.595207214355469
; 16400; 82.595809936523438
; 16422; 82.5964126586914
; 16442; 82.597007751464844
; 16463; 82.597610473632813
; 16483; 82.598213195800781
; 16505; 82.598808288574219
; 16526; 82.599411010742188
; 16548; 82.600013732910156
; 16569; 82.6006088256836
; 16590; 82.601211547851563
; 16612; 82.601806640625
; 16633; 82.602409362792969
; 16655; 82.603012084960938
; 16676; 82.603607177734375
; 16698; 82.604209899902344
; 16718; 82.604812622070313
; 16739; 82.60540771484375
; 16761; 82.606010437011719
; 16782; 82.606613159179688
; 16804; 82.607208251953125
; 16825; 82.6078109741211
; 16846; 82.608413696289063
; 16868; 82.6090087890625
; 16889; 82.609611511230469
; 16910; 82.610214233398438
; 16930; 82.610809326171875
; 16951; 82.611412048339844
; 16973; 82.612007141113281
; 16994; 82.61260986328125
; 17015; 82.613212585449219
; 17035; 82.613807678222656
; 17057; 82.614410400390625
; 17078; 82.6150131225586
; 17099; 82.615608215332031
; 17120; 82.6162109375
; 17141; 82.616813659667969
; 17163; 82.6174087524414
; 17184; 82.618011474609375
; 17206; 82.618614196777344
; 17228; 82.619209289550781
; 17249; 82.61981201171875
; 17271; 82.620407104492188
; 17292; 82.621009826660156
; 17314; 82.621612548828125
; 17334; 82.622207641601563
; 17355; 82.622810363769531
; 17375; 82.6234130859375
; 17395; 82.624008178710938
; 17417; 82.6246109008789
; 17438; 82.625213623046875
; 17460; 82.625808715820313
; 17481; 82.626411437988281
; 17503; 82.62701416015625
; 17524; 82.627609252929688
; 17544; 82.628211975097656
; 17565; 82.628814697265625
; 17587; 82.629409790039063
; 17608; 82.630012512207031
; 17629; 82.630607604980469
; 17650; 82.631210327148438
; 17671; 82.6318130493164
; 17691; 82.632408142089844
; 17713; 82.633010864257813
; 17734; 82.633613586425781
; 17756; 82.634208679199219
; 17777; 82.634811401367188
; 17799; 82.635414123535156
; 17820; 82.6360092163086
; 17841; 82.636611938476563
; 17862; 82.637214660644531
; 17884; 82.637809753417969
; 17905; 82.638412475585938
; 17925; 82.639007568359375
; 17945; 82.639610290527344
; 17966; 82.640213012695313
; 17988; 82.64080810546875
; 18009; 82.641410827636719
; 18029; 82.642013549804688
; 18051; 82.642608642578125
; 18072; 82.6432113647461
; 18094; 82.643814086914063
; 18115; 82.6444091796875
; 18136; 82.645011901855469
; 18158; 82.645614624023438
; 18179; 82.646209716796875
; 18200; 82.646812438964844
; 18222; 82.647415161132813
; 18243; 82.64801025390625
; 18265; 82.648612976074219
; 18286; 82.649208068847656
; 18308; 82.649810791015625
; 18328; 82.6504135131836
; 18348; 82.651008605957031
; 18369; 82.651611328125
; 18390; 82.652214050292969
; 18411; 82.6528091430664
; 18431; 82.653411865234375
; 18451; 82.654014587402344
; 18472; 82.654609680175781
; 18493; 82.65521240234375
; 18514; 82.655815124511719
; 18535; 82.656410217285156
; 18556; 82.657012939453125
; 18578; 82.657608032226563
; 18599; 82.658210754394531
; 18621; 82.6588134765625
; 18642; 82.659408569335938
; 18663; 82.6600112915039
; 18685; 82.660614013671875
; 18707; 82.661209106445313
; 18728; 82.661811828613281
; 18748; 82.66241455078125
; 18770; 82.663009643554688
; 18791; 82.663612365722656
; 18813; 82.664215087890625
; 18833; 82.664810180664063
; 18854; 82.665412902832031
; 18875; 82.666015625
; 18896; 82.666610717773438
; 18918; 82.6672134399414
; 18939; 82.667808532714844
; 18960; 82.668411254882813
; 18981; 82.669013977050781
; 19002; 82.669609069824219
; 19024; 82.670211791992188
; 19045; 82.670814514160156
; 19065; 82.6714096069336
; 19086; 82.672012329101563
; 19107; 82.672615051269531
; 19129; 82.673210144042969
; 19149; 82.673812866210938
; 19170; 82.6744155883789
; 19191; 82.675010681152344
; 19212; 82.675613403320313
; 19233; 82.67620849609375
; 19254; 82.676811218261719
; 19275; 82.677413940429688
; 19297; 82.678009033203125
; 19316; 82.6786117553711
; 19337; 82.679214477539063
; 19359; 82.6798095703125
; 19380; 82.680412292480469
; 19402; 82.681015014648438
; 19423; 82.681610107421875
; 19443; 82.682212829589844
; 19464; 82.682815551757813
; 19485; 82.68341064453125
; 19507; 82.684013366699219
; 19527; 82.684608459472656
; 19549; 82.685211181640625
; 19570; 82.6858139038086
; 19592; 82.686408996582031
; 19613; 82.68701171875
; 19634; 82.687614440917969
; 19655; 82.6882095336914
; 19676; 82.688812255859375
; 19697; 82.689414978027344
; 19718; 82.690010070800781
; 19738; 82.69061279296875
; 19760; 82.691215515136719
; 19780; 82.691810607910156
; 19801; 82.692413330078125
; 19822; 82.6930160522461
; 19843; 82.693611145019531
; 19865; 82.6942138671875
; 19886; 82.694808959960938
; 19908; 82.6954116821289
; 19928; 82.696014404296875
; 19949; 82.696609497070313
; 19970; 82.697212219238281
; 19991; 82.69781494140625
; 20013; 82.698410034179688
; 20033; 82.699012756347656
; 20055; 82.699615478515625
; 20076; 82.700210571289063
; 20098; 82.700813293457031
; 20119; 82.701416015625
; 20139; 82.702011108398438
; 20161; 82.7026138305664
; 20182; 82.703208923339844
; 20204; 82.703811645507813
; 20225; 82.704414367675781
; 20245; 82.705009460449219
; 20267; 82.705612182617188
; 20288; 82.706214904785156
; 20310; 82.7068099975586
; 20330; 82.707412719726563
; 20350; 82.708015441894531
; 20371; 82.708610534667969
; 20392; 82.709213256835938
; 20414; 82.7098159790039
; 20435; 82.710411071777344
; 20457; 82.711013793945313
; 20478; 82.711616516113281
; 20500; 82.712211608886719
; 20521; 82.712814331054688
; 20542; 82.713409423828125
; 20564; 82.7140121459961
; 20585; 82.714614868164063
; 20607; 82.7152099609375
; 20628; 82.715812683105469
; 20649; 82.716415405273438
; 20671; 82.717010498046875
; 20692; 82.717613220214844
; 20713; 82.718215942382813
; 20735; 82.71881103515625
2.Variable; PLC_PRG.cycle
2.Address.AddrFlags; 0x00000000
2.Class; 8
2.Size; 4
2.GraphColor; 4278255360
2.GraphType; 1
2.MinWarningColor; 4278190080
2.MaxWarningColor; 4294901760
2.CriticalLowerLimit; 0
2.CriticalUpperLimit; 0
2.ActivateMinWarning; 0
2.ActivateMaxWarning; 0
2.YAxis; 0
2.Data; 
; 11; 0
; 33; 0
; 54; 0
; 76; 0
; 96; 0
; 117; 0
; 139; 0
; 160; 0
; 181; 0
; 202; 0
; 223; 0
; 245; 0
; 266; 0
; 288; 0
; 308; 0
; 329; 0
; 350; 0
; 372; 0
; 393; 0
; 415; 0
; 436; 0
; 458; 0
; 479; 0
; 500; 0
; 522; 0
; 543; 0
; 565; 0
; 585; 0
; 605; 0
; 627; 0
; 648; 0
; 669; 1
; 691; 2
; 712; 3
; 734; 4
; 755; 5
; 777; 6
; 797; 7
; 818; 8
; 840; 9
; 861; 10
; 883; 11
; 903; 12
; 923; 13
; 944; 14
; 965; 15
; 987; 16
; 1007; 17
; 1028; 18
; 1050; 19
; 1070; 20
; 1092; 21
; 1113; 22
; 1134; 23
; 1156; 24
; 1177; 25
; 1197; 26
; 1219; 27
; 1240; 28
; 1262; 29
; 1283; 30
; 1304; 31
; 1325; 32
; 1346; 33
; 1367; 34
; 1389; 35
; 1410; 36
; 1432; 37
; 1453; 38
; 1475; 39
; 1496; 40
; 1517; 41
; 1539; 42
; 1560; 43
; 1582; 44
; 1602; 45
; 1623; 46
; 1644; 47
; 1665; 48
; 1687; 49
; 1708; 50
; 1728; 51
; 1749; 52
; 1770; 53
; 1792; 54
; 1812; 55
; 1832; 56
; 1854; 57
; 1875; 58
; 1897; 59
; 1918; 60
; 1940; 61
; 1961; 62
; 1983; 63
; 2004; 64
; 2025; 65
; 2045; 66
; 2067; 67
; 2088; 68
; 2109; 69
; 2130; 70
; 2151; 71
; 2173; 72
; 2194; 73
; 2215; 74
; 2235; 75
; 2256; 76
; 2276; 77
; 2298; 78
; 2319; 79
; 2339; 80
; 2361; 81
; 2382; 82
; 2402; 83
; 2424; 84
; 2445; 85
; 2467; 86
; 2487; 87
; 2508; 88
; 2530; 89
; 2551; 90
; 2572; 91
; 2593; 92
; 2615; 93
; 2636; 94
; 2658; 95
; 2679; 96
; 2699; 97
; 2721; 98
; 2742; 99
; 2764; 100
; 2785; 101
; 2807; 102
; 2828; 103
; 2850; 104
; 2871; 105
; 2893; 106
; 2914; 107
; 2935; 108
; 2957; 109
; 2978; 110
; 3000; 111
; 3022; 112
; 3043; 113
; 3065; 114
; 3086; 115
; 3106; 116
; 3128; 117
; 3149; 118
; 3171; 119
; 3192; 120
; 3212; 121
; 3234; 122
; 3255; 123
; 3276; 124
; 3296; 125
; 3318; 126
; 3338; 127
; 3359; 128
; 3381; 129
; 3401; 130
; 3422; 131
; 3444; 132
; 3465; 133
; 3487; 134
; 3508; 135
; 3530; 136
; 3551; 137
; 3573; 138
; 3593; 139
; 3614; 140
; 3633; 141
; 3654; 142
; 3674; 143
; 3695; 144
; 3717; 145
; 3738; 146
; 3760; 147
; 3781; 148
; 3802; 149
; 3822; 150
; 3843; 151
; 3865; 152
; 3886; 153
; 3906; 154
; 3928; 155
; 3949; 156
; 3971; 157
; 3992; 158
; 4012; 159
; 4034; 160
; 4055; 161
; 4077; 162
; 4098; 163
; 4119; 164
; 4140; 165
; 4161; 166
; 4183; 167
; 4203; 168
; 4225; 169
; 4246; 170
; 4268; 171
; 4289; 172
; 4309; 173
; 4331; 174
; 4351; 175
; 4372; 176
; 4394; 177
; 4415; 178
; 4437; 179
; 4458; 180
; 4480; 181
; 4501; 182
; 4522; 183
; 4544; 184
; 4565; 185
; 4587; 186
; 4608; 187
; 4629; 188
; 4651; 189
; 4671; 190
; 4693; 191
; 4714; 192
; 4735; 193
; 4757; 194
; 4778; 195
; 4800; 196
; 4820; 197
; 4841; 198
; 4863; 199
; 4884; 200
; 4904; 201
; 4925; 202
; 4946; 203
; 4968; 204
; 4989; 205
; 5010; 206
; 5032; 207
; 5052; 208
; 5074; 209
; 5094; 210
; 5116; 211
; 5136; 212
; 5158; 213
; 5179; 214
; 5201; 215
; 5222; 216
; 5244; 217
; 5265; 218
; 5287; 219
; 5308; 220
; 5329; 221
; 5351; 222
; 5372; 223
; 5394; 224
; 5415; 225
; 5436; 226
; 5458; 227
; 5479; 228
; 5501; 229
; 5521; 230
; 5542; 231
; 5564; 232
; 5585; 233
; 5605; 234
; 5627; 235
; 5648; 236
; 5670; 237
; 5691; 238
; 5711; 239
; 5733; 240
; 5754; 241
; 5776; 242
; 5797; 243
; 5817; 244
; 5839; 245
; 5860; 246
; 5882; 247
; 5903; 248
; 5924; 249
; 5944; 250
; 5966; 251
; 5987; 252
; 6008; 253
; 6030; 254
; 6051; 255
; 6073; 256
; 6094; 257
; 6114; 258
; 6136; 259
; 6157; 260
; 6179; 261
; 6200; 262
; 6221; 263
; 6243; 264
; 6264; 265
; 6286; 266
; 6306; 267
; 6328; 268
; 6349; 269
; 6370; 270
; 6391; 271
; 6413; 272
; 6434; 273
; 6456; 274
; 6478; 275
; 6498; 276
; 6520; 277
; 6540; 278
; 6562; 279
; 6583; 280
; 6605; 281
; 6626; 282
; 6646; 283
; 6667; 284
; 6688; 285
; 6710; 286
; 6731; 287
; 6753; 288
; 6774; 289
; 6796; 290
; 6816; 291
; 6837; 292
; 6859; 293
; 6880; 294
; 6902; 295
; 6922; 296
; 6943; 297
; 6965; 298
; 6986; 299
; 7008; 300
; 7030; 301
; 7051; 302
; 7073; 303
; 7094; 304
; 7114; 305
; 7134; 306
; 7156; 307
; 7177; 308
; 7199; 309
; 7220; 310
; 7242; 311
; 7263; 312
; 7284; 313
; 7306; 314
; 7326; 315
; 7347; 316
; 7368; 317
; 7390; 318
; 7411; 319
; 7432; 320
; 7454; 321
; 7475; 322
; 7497; 323
; 7517; 324
; 7538; 325
; 7560; 326
; 7581; 327
; 7603; 328
; 7623; 329
; 7644; 330
; 7665; 331
; 7685; 332
; 7705; 333
; 7726; 334
; 7748; 335
; 7769; 336
; 7790; 337
; 7812; 338
; 7833; 339
; 7855; 340
; 7877; 341
; 7898; 342
; 7920; 343
; 7941; 344
; 7963; 345
; 7984; 346
; 8006; 347
; 8026; 348
; 8047; 349
; 8069; 350
; 8090; 351
; 8110; 352
; 8132; 353
; 8152; 354
; 8174; 355
; 8195; 356
; 8215; 357
; 8237; 358
; 8258; 359
; 8280; 360
; 8301; 361
; 8322; 362
; 8344; 363
; 8364; 364
; 8386; 365
; 8408; 366
; 8429; 367
; 8451; 368
; 8470; 369
; 8492; 370
; 8513; 371
; 8534; 372
; 8556; 373
; 8577; 374
; 8599; 375
; 8619; 376
; 8639; 377
; 8661; 378
; 8682; 379
; 8704; 380
; 8725; 381
; 8747; 382
; 8767; 383
; 8789; 384
; 8810; 385
; 8831; 386
; 8853; 387
; 8874; 388
; 8896; 389
; 8916; 390
; 8937; 391
; 8959; 392
; 8979; 393
; 9000; 394
; 9020; 395
; 9041; 396
; 9063; 397
; 9084; 398
; 9106; 399
; 9126; 400
; 9147; 401
; 9169; 402
; 9190; 403
; 9212; 404
; 9234; 405
; 9255; 406
; 9276; 407
; 9297; 408
; 9318; 409
; 9340; 410
; 9361; 411
; 9383; 412
; 9404; 413
; 9425; 414
; 9446; 415
; 9467; 416
; 9489; 417
; 9509; 418
; 9530; 419
; 9551; 420
; 9573; 421
; 9594; 422
; 9616; 423
; 9637; 424
; 9659; 425
; 9679; 426
; 9701; 427
; 9722; 428
; 9743; 429
; 9765; 430
; 9785; 431
; 9805; 432
; 9826; 433
; 9848; 434
; 9869; 435
; 9890; 436
; 9911; 437
; 9932; 438
; 9953; 439
; 9974; 440
; 9995; 441
; 10017; 442
; 10038; 443
; 10059; 444
; 10080; 445
; 10102; 446
; 10122; 447
; 10142; 448
; 10163; 449
; 10185; 450
; 10205; 451
; 10226; 452
; 10248; 453
; 10269; 454
; 10291; 455
; 10312; 456
; 10334; 457
; 10355; 458
; 10377; 459
; 10398; 460
; 10420; 461
; 10441; 462
; 10463; 463
; 10484; 464
; 10504; 465
; 10525; 466
; 10546; 467
; 10567; 468
; 10588; 469
; 10610; 470
; 10631; 471
; 10653; 472
; 10674; 473
; 10696; 474
; 10717; 475
; 10738; 476
; 10760; 477
; 10781; 478
; 10803; 479
; 10823; 480
; 10844; 481
; 10866; 482
; 10887; 483
; 10909; 484
; 10931; 485
; 10952; 486
; 10974; 487
; 10994; 488
; 11015; 489
; 11037; 490
; 11058; 491
; 11080; 492
; 11101; 493
; 11121; 494
; 11143; 495
; 11164; 496
; 11186; 497
; 11207; 498
; 11228; 499
; 11249; 500
; 11270; 501
; 11292; 502
; 11313; 503
; 11335; 504
; 11356; 505
; 11378; 506
; 11399; 507
; 11420; 508
; 11441; 509
; 11463; 510
; 11483; 511
; 11505; 512
; 11526; 513
; 11546; 514
; 11567; 515
; 11589; 516
; 11610; 517
; 11630; 518
; 11651; 519
; 11673; 520
; 11694; 521
; 11716; 522
; 11737; 523
; 11759; 524
; 11780; 525
; 11802; 526
; 11822; 527
; 11844; 528
; 11865; 529
; 11887; 530
; 11908; 531
; 11929; 532
; 11951; 533
; 11972; 534
; 11993; 535
; 12013; 536
; 12034; 537
; 12056; 538
; 12077; 539
; 12099; 540
; 12120; 541
; 12141; 542
; 12163; 543
; 12184; 544
; 12206; 545
; 12227; 546
; 12249; 547
; 12270; 548
; 12292; 549
; 12313; 550
; 12334; 551
; 12356; 552
; 12377; 553
; 12399; 554
; 12419; 555
; 12440; 556
; 12462; 557
; 12483; 558
; 12505; 559
; 12525; 560
; 12546; 561
; 12568; 562
; 12589; 563
; 12611; 564
; 12631; 565
; 12652; 566
; 12674; 567
; 12695; 568
; 12716; 569
; 12737; 570
; 12756; 571
; 12778; 572
; 12798; 573
; 12819; 574
; 12841; 575
; 12862; 576
; 12884; 577
; 12905; 578
; 12925; 579
; 12947; 580
; 12968; 581
; 12990; 582
; 13011; 583
; 13031; 584
; 13053; 585
; 13075; 586
; 13095; 587
; 13117; 588
; 13136; 589
; 13157; 590
; 13178; 591
; 13200; 592
; 13220; 593
; 13242; 594
; 13263; 595
; 13284; 596
; 13305; 597
; 13325; 598
; 13347; 599
; 13368; 600
; 13390; 601
; 13411; 602
; 13431; 603
; 13453; 604
; 13474; 605
; 13496; 606
; 13517; 607
; 13538; 608
; 13559; 609
; 13581; 610
; 13602; 611
; 13624; 612
; 13645; 613
; 13667; 614
; 13688; 615
; 13710; 616
; 13731; 617
; 13752; 618
; 13774; 619
; 13795; 620
; 13817; 621
; 13837; 622
; 13858; 623
; 13880; 624
; 13901; 625
; 13921; 626
; 13942; 627
; 13963; 628
; 13985; 629
; 14006; 630
; 14027; 631
; 14049; 632
; 14070; 633
; 14092; 634
; 14113; 635
; 14134; 636
; 14155; 637
; 14176; 638
; 14198; 639
; 14219; 640
; 14240; 641
; 14261; 642
; 14283; 643
; 14303; 644
; 14323; 645
; 14345; 646
; 14366; 647
; 14388; 648
; 14409; 649
; 14430; 650
; 14450; 651
; 14472; 652
; 14493; 653
; 14515; 654
; 14535; 655
; 14556; 656
; 14577; 657
; 14598; 658
; 14620; 659
; 14640; 660
; 14660; 661
; 14681; 662
; 14703; 663
; 14725; 664
; 14745; 665
; 14766; 666
; 14787; 667
; 14809; 668
; 14831; 669
; 14852; 670
; 14874; 671
; 14895; 672
; 14916; 673
; 14937; 674
; 14958; 675
; 14980; 676
; 15001; 677
; 15023; 678
; 15045; 679
; 15065; 680
; 15085; 681
; 15106; 682
; 15127; 683
; 15149; 684
; 15170; 685
; 15192; 686
; 15213; 687
; 15233; 688
; 15255; 689
; 15276; 690
; 15298; 691
; 15318; 692
; 15339; 693
; 15360; 694
; 15382; 695
; 15402; 696
; 15422; 697
; 15444; 698
; 15465; 699
; 15486; 700
; 15507; 701
; 15528; 702
; 15549; 703
; 15571; 704
; 15592; 705
; 15614; 706
; 15634; 707
; 15655; 708
; 15677; 709
; 15699; 710
; 15720; 711
; 15740; 712
; 15762; 713
; 15783; 714
; 15805; 715
; 15826; 716
; 15847; 717
; 15867; 718
; 15889; 719
; 15909; 720
; 15930; 721
; 15951; 722
; 15973; 723
; 15994; 724
; 16015; 725
; 16037; 726
; 16059; 727
; 16080; 728
; 16101; 729
; 16123; 730
; 16143; 731
; 16165; 732
; 16186; 733
; 16207; 734
; 16228; 735
; 16249; 736
; 16271; 737
; 16293; 738
; 16314; 739
; 16336; 740
; 16357; 741
; 16379; 742
; 16400; 743
; 16422; 744
; 16442; 745
; 16463; 746
; 16483; 747
; 16505; 748
; 16526; 749
; 16548; 750
; 16569; 751
; 16590; 752
; 16612; 753
; 16633; 754
; 16655; 755
; 16676; 756
; 16698; 757
; 16718; 758
; 16739; 759
; 16761; 760
; 16782; 761
; 16804; 762
; 16825; 763
; 16846; 764
; 16868; 765
; 16889; 766
; 16910; 767
; 16930; 768
; 16951; 769
; 16973; 770
; 16994; 771
; 17015; 772
; 17035; 773
; 17057; 774
; 17078; 775
; 17099; 776
; 17120; 777
; 17141; 778
; 17163; 779
; 17184; 780
; 17206; 781
; 17228; 782
; 17249; 783
; 17271; 784
; 17292; 785
; 17314; 786
; 17334; 787
; 17355; 788
; 17375; 789
; 17395; 790
; 17417; 791
; 17438; 792
; 17460; 793
; 17481; 794
; 17503; 795
; 17524; 796
; 17544; 797
; 17565; 798
; 17587; 799
; 17608; 800
; 17629; 801
; 17650; 802
; 17671; 803
; 17691; 804
; 17713; 805
; 17734; 806
; 17756; 807
; 17777; 808
; 17799; 809
; 17820; 810
; 17841; 811
; 17862; 812
; 17884; 813
; 17905; 814
; 17925; 815
; 17945; 816
; 17966; 817
; 17988; 818
; 18009; 819
; 18029; 820
; 18051; 821
; 18072; 822
; 18094; 823
; 18115; 824
; 18136; 825
; 18158; 826
; 18179; 827
; 18200; 828
; 18222; 829
; 18243; 830
; 18265; 831
; 18286; 832
; 18308; 833
; 18328; 834
; 18348; 835
; 18369; 836
; 18390; 837
; 18411; 838
; 18431; 839
; 18451; 840
; 18472; 841
; 18493; 842
; 18514; 843
; 18535; 844
; 18556; 845
; 18578; 846
; 18599; 847
; 18621; 848
; 18642; 849
; 18663; 850
; 18685; 851
; 18707; 852
; 18728; 853
; 18748; 854
; 18770; 855
; 18791; 856
; 18813; 857
; 18833; 858
; 18854; 859
; 18875; 860
; 18896; 861
; 18918; 862
; 18939; 863
; 18960; 864
; 18981; 865
; 19002; 866
; 19024; 867
; 19045; 868
; 19065; 869
; 19086; 870
; 19107; 871
; 19129; 872
; 19149; 873
; 19170; 874
; 19191; 875
; 19212; 876
; 19233; 877
; 19254; 878
; 19275; 879
; 19297; 880
; 19316; 881
; 19337; 882
; 19359; 883
; 19380; 884
; 19402; 885
; 19423; 886
; 19443; 887
; 19464; 888
; 19485; 889
; 19507; 890
; 19527; 891
; 19549; 892
; 19570; 893
; 19592; 894
; 19613; 895
; 19634; 896
; 19655; 897
; 19676; 898
; 19697; 899
; 19718; 900
; 19738; 901
; 19760; 902
; 19780; 903
; 19801; 904
; 19822; 905
; 19843; 906
; 19865; 907
; 19886; 908
; 19908; 909
; 19928; 910
; 19949; 911
; 19970; 912
; 19991; 913
; 20013; 914
; 20033; 915
; 20055; 916
; 20076; 917
; 20098; 918
; 20119; 919
; 20139; 920
; 20161; 921
; 20182; 922
; 20204; 923
; 20225; 924
; 20245; 925
; 20267; 926
; 20288; 927
; 20310; 928
; 20330; 929
; 20350; 930
; 20371; 931
; 20392; 932
; 20414; 933
; 20435; 934
; 20457; 935
; 20478; 936
; 20500; 937
; 20521; 938
; 20542; 939
; 20564; 940
; 20585; 941
; 20607; 942
; 20628; 943
; 20649; 944
; 20671; 945
; 20692; 946
; 20713; 947
; 20735; 948
3.Variable; PLC_PRG.emergency_stop
3.Address.AddrFlags; 0x00000000
3.Class; 0
3.Size; 1
3.GraphColor; 4290623339
3.GraphType; 1
3.MinWarningColor; 4278190080
3.MaxWarningColor; 4294901760
3.CriticalLowerLimit; 0
3.CriticalUpperLimit; 0
3.ActivateMinWarning; 0
3.ActivateMaxWarning; 0
3.YAxis; 0
3.Data; 
; 11; 0
; 33; 0
; 54; 0
; 76; 0
; 96; 0
; 117; 0
; 139; 0
; 160; 0
; 181; 0
; 202; 0
; 223; 0
; 245; 0
; 266; 0
; 288; 0
; 308; 0
; 329; 0
; 350; 0
; 372; 0
; 393; 0
; 415; 0
; 436; 0
; 458; 0
; 479; 0
; 500; 0
; 522; 0
; 543; 0
; 565; 0
; 585; 0
; 605; 0
; 627; 0
; 648; 0
; 669; 0
; 691; 0
; 712; 0
; 734; 0
; 755; 0
; 777; 0
; 797; 0
; 818; 0
; 840; 0
; 861; 0
; 883; 0
; 903; 0
; 923; 0
; 944; 0
; 965; 0
; 987; 0
; 1007; 0
; 1028; 0
; 1050; 0
; 1070; 0
; 1092; 0
; 1113; 0
; 1134; 0
; 1156; 0
; 1177; 0
; 1197; 0
; 1219; 0
; 1240; 0
; 1262; 0
; 1283; 0
; 1304; 0
; 1325; 0
; 1346; 0
; 1367; 0
; 1389; 0
; 1410; 0
; 1432; 0
; 1453; 0
; 1475; 0
; 1496; 0
; 1517; 0
; 1539; 0
; 1560; 0
; 1582; 0
; 1602; 0
; 1623; 0
; 1644; 0
; 1665; 0
; 1687; 0
; 1708; 0
; 1728; 0
; 1749; 0
; 1770; 0
; 1792; 0
; 1812; 0
; 1832; 0
; 1854; 0
; 1875; 0
; 1897; 0
; 1918; 0
; 1940; 0
; 1961; 0
; 1983; 0
; 2004; 0
; 2025; 0
; 2045; 0
; 2067; 0
; 2088; 0
; 2109; 0
; 2130; 0
; 2151; 0
; 2173; 0
; 2194; 0
; 2215; 0
; 2235; 0
; 2256; 0
; 2276; 0
; 2298; 0
; 2319; 0
; 2339; 0
; 2361; 0
; 2382; 0
; 2402; 0
; 2424; 0
; 2445; 0
; 2467; 0
; 2487; 0
; 2508; 0
; 2530; 0
; 2551; 0
; 2572; 0
; 2593; 0
; 2615; 0
; 2636; 0
; 2658; 0
; 2679; 0
; 2699; 0
; 2721; 0
; 2742; 0
; 2764; 0
; 2785; 0
; 2807; 0
; 2828; 0
; 2850; 0
; 2871; 0
; 2893; 0
; 2914; 0
; 2935; 0
; 2957; 0
; 2978; 0
; 3000; 0
; 3022; 0
; 3043; 0
; 3065; 0
; 3086; 0
; 3106; 0
; 3128; 0
; 3149; 0
; 3171; 0
; 3192; 0
; 3212; 0
; 3234; 0
; 3255; 0
; 3276; 0
; 3296; 0
; 3318; 0
; 3338; 0
; 3359; 0
; 3381; 0
; 3401; 0
; 3422; 0
; 3444; 0
; 3465; 0
; 3487; 0
; 3508; 0
; 3530; 0
; 3551; 0
; 3573; 0
; 3593; 0
; 3614; 0
; 3633; 0
; 3654; 0
; 3674; 0
; 3695; 0
; 3717; 0
; 3738; 0
; 3760; 0
; 3781; 0
; 3802; 0
; 3822; 0
; 3843; 0
; 3865; 0
; 3886; 0
; 3906; 0
; 3928; 0
; 3949; 0
; 3971; 0
; 3992; 0
; 4012; 0
; 4034; 0
; 4055; 0
; 4077; 0
; 4098; 0
; 4119; 0
; 4140; 0
; 4161; 0
; 4183; 0
; 4203; 0
; 4225; 0
; 4246; 0
; 4268; 0
; 4289; 0
; 4309; 0
; 4331; 0
; 4351; 0
; 4372; 0
; 4394; 0
; 4415; 0
; 4437; 0
; 4458; 0
; 4480; 0
; 4501; 0
; 4522; 0
; 4544; 0
; 4565; 0
; 4587; 0
; 4608; 0
; 4629; 0
; 4651; 0
; 4671; 0
; 4693; 0
; 4714; 0
; 4735; 0
; 4757; 0
; 4778; 0
; 4800; 0
; 4820; 0
; 4841; 0
; 4863; 0
; 4884; 0
; 4904; 0
; 4925; 0
; 4946; 0
; 4968; 0
; 4989; 0
; 5010; 0
; 5032; 0
; 5052; 0
; 5074; 0
; 5094; 0
; 5116; 0
; 5136; 0
; 5158; 0
; 5179; 0
; 5201; 0
; 5222; 0
; 5244; 0
; 5265; 0
; 5287; 0
; 5308; 0
; 5329; 0
; 5351; 0
; 5372; 0
; 5394; 0
; 5415; 0
; 5436; 0
; 5458; 0
; 5479; 0
; 5501; 0
; 5521; 0
; 5542; 0
; 5564; 0
; 5585; 0
; 5605; 0
; 5627; 0
; 5648; 0
; 5670; 0
; 5691; 0
; 5711; 0
; 5733; 0
; 5754; 0
; 5776; 0
; 5797; 0
; 5817; 0
; 5839; 0
; 5860; 0
; 5882; 0
; 5903; 0
; 5924; 0
; 5944; 0
; 5966; 0
; 5987; 0
; 6008; 0
; 6030; 0
; 6051; 0
; 6073; 0
; 6094; 0
; 6114; 0
; 6136; 0
; 6157; 0
; 6179; 0
; 6200; 0
; 6221; 0
; 6243; 0
; 6264; 0
; 6286; 0
; 6306; 0
; 6328; 0
; 6349; 0
; 6370; 0
; 6391; 0
; 6413; 0
; 6434; 0
; 6456; 0
; 6478; 0
; 6498; 0
; 6520; 0
; 6540; 0
; 6562; 0
; 6583; 0
; 6605; 0
; 6626; 0
; 6646; 0
; 6667; 0
; 6688; 0
; 6710; 0
; 6731; 0
; 6753; 0
; 6774; 0
; 6796; 0
; 6816; 0
; 6837; 0
; 6859; 0
; 6880; 0
; 6902; 0
; 6922; 0
; 6943; 0
; 6965; 0
; 6986; 0
; 7008; 0
; 7030; 0
; 7051; 0
; 7073; 0
; 7094; 0
; 7114; 0
; 7134; 0
; 7156; 0
; 7177; 0
; 7199; 0
; 7220; 0
; 7242; 0
; 7263; 0
; 7284; 0
; 7306; 0
; 7326; 0
; 7347; 0
; 7368; 0
; 7390; 0
; 7411; 0
; 7432; 0
; 7454; 0
; 7475; 0
; 7497; 0
; 7517; 0
; 7538; 0
; 7560; 0
; 7581; 0
; 7603; 0
; 7623; 0
; 7644; 0
; 7665; 0
; 7685; 0
; 7705; 0
; 7726; 0
; 7748; 0
; 7769; 0
; 7790; 0
; 7812; 0
; 7833; 0
; 7855; 0
; 7877; 0
; 7898; 0
; 7920; 0
; 7941; 0
; 7963; 0
; 7984; 0
; 8006; 0
; 8026; 0
; 8047; 0
; 8069; 0
; 8090; 0
; 8110; 0
; 8132; 0
; 8152; 0
; 8174; 0
; 8195; 0
; 8215; 0
; 8237; 0
; 8258; 0
; 8280; 0
; 8301; 0
; 8322; 0
; 8344; 0
; 8364; 0
; 8386; 0
; 8408; 0
; 8429; 0
; 8451; 0
; 8470; 0
; 8492; 0
; 8513; 0
; 8534; 0
; 8556; 0
; 8577; 0
; 8599; 0
; 8619; 0
; 8639; 0
; 8661; 0
; 8682; 0
; 8704; 0
; 8725; 0
; 8747; 0
; 8767; 0
; 8789; 0
; 8810; 0
; 8831; 0
; 8853; 0
; 8874; 0
; 8896; 0
; 8916; 0
; 8937; 0
; 8959; 0
; 8979; 0
; 9000; 0
; 9020; 0
; 9041; 0
; 9063; 0
; 9084; 0
; 9106; 0
; 9126; 0
; 9147; 0
; 9169; 0
; 9190; 0
; 9212; 0
; 9234; 0
; 9255; 0
; 9276; 0
; 9297; 0
; 9318; 0
; 9340; 0
; 9361; 0
; 9383; 0
; 9404; 0
; 9425; 0
; 9446; 0
; 9467; 0
; 9489; 0
; 9509; 0
; 9530; 0
; 9551; 0
; 9573; 0
; 9594; 0
; 9616; 0
; 9637; 0
; 9659; 0
; 9679; 0
; 9701; 0
; 9722; 0
; 9743; 0
; 9765; 0
; 9785; 0
; 9805; 0
; 9826; 0
; 9848; 0
; 9869; 0
; 9890; 0
; 9911; 0
; 9932; 0
; 9953; 0
; 9974; 0
; 9995; 0
; 10017; 0
; 10038; 0
; 10059; 0
; 10080; 0
; 10102; 0
; 10122; 0
; 10142; 0
; 10163; 0
; 10185; 0
; 10205; 0
; 10226; 0
; 10248; 0
; 10269; 0
; 10291; 0
; 10312; 0
; 10334; 0
; 10355; 0
; 10377; 0
; 10398; 0
; 10420; 0
; 10441; 0
; 10463; 0
; 10484; 0
; 10504; 0
; 10525; 0
; 10546; 0
; 10567; 0
; 10588; 0
; 10610; 0
; 10631; 0
; 10653; 0
; 10674; 0
; 10696; 0
; 10717; 0
; 10738; 0
; 10760; 0
; 10781; 0
; 10803; 0
; 10823; 0
; 10844; 0
; 10866; 0
; 10887; 0
; 10909; 0
; 10931; 0
; 10952; 0
; 10974; 0
; 10994; 0
; 11015; 0
; 11037; 0
; 11058; 0
; 11080; 0
; 11101; 0
; 11121; 0
; 11143; 0
; 11164; 0
; 11186; 0
; 11207; 0
; 11228; 0
; 11249; 0
; 11270; 0
; 11292; 0
; 11313; 0
; 11335; 0
; 11356; 0
; 11378; 0
; 11399; 0
; 11420; 0
; 11441; 0
; 11463; 0
; 11483; 0
; 11505; 0
; 11526; 0
; 11546; 0
; 11567; 0
; 11589; 0
; 11610; 0
; 11630; 0
; 11651; 0
; 11673; 0
; 11694; 0
; 11716; 0
; 11737; 0
; 11759; 0
; 11780; 0
; 11802; 0
; 11822; 0
; 11844; 0
; 11865; 0
; 11887; 0
; 11908; 0
; 11929; 0
; 11951; 0
; 11972; 0
; 11993; 0
; 12013; 0
; 12034; 0
; 12056; 0
; 12077; 0
; 12099; 0
; 12120; 0
; 12141; 0
; 12163; 0
; 12184; 0
; 12206; 0
; 12227; 0
; 12249; 0
; 12270; 0
; 12292; 0
; 12313; 0
; 12334; 0
; 12356; 0
; 12377; 0
; 12399; 0
; 12419; 0
; 12440; 0
; 12462; 0
; 12483; 0
; 12505; 0
; 12525; 0
; 12546; 0
; 12568; 0
; 12589; 0
; 12611; 0
; 12631; 0
; 12652; 0
; 12674; 0
; 12695; 0
; 12716; 0
; 12737; 0
; 12756; 0
; 12778; 0
; 12798; 0
; 12819; 0
; 12841; 0
; 12862; 0
; 12884; 0
; 12905; 0
; 12925; 0
; 12947; 0
; 12968; 0
; 12990; 0
; 13011; 0
; 13031; 0
; 13053; 0
; 13075; 0
; 13095; 0
; 13117; 0
; 13136; 0
; 13157; 0
; 13178; 0
; 13200; 0
; 13220; 0
; 13242; 0
; 13263; 0
; 13284; 0
; 13305; 0
; 13325; 0
; 13347; 0
; 13368; 0
; 13390; 0
; 13411; 0
; 13431; 0
; 13453; 0
; 13474; 0
; 13496; 0
; 13517; 0
; 13538; 0
; 13559; 0
; 13581; 0
; 13602; 0
; 13624; 0
; 13645; 0
; 13667; 0
; 13688; 0
; 13710; 0
; 13731; 0
; 13752; 0
; 13774; 0
; 13795; 0
; 13817; 0
; 13837; 0
; 13858; 0
; 13880; 0
; 13901; 0
; 13921; 0
; 13942; 0
; 13963; 0
; 13985; 0
; 14006; 0
; 14027; 0
; 14049; 0
; 14070; 0
; 14092; 0
; 14113; 0
; 14134; 0
; 14155; 0
; 14176; 0
; 14198; 0
; 14219; 0
; 14240; 0
; 14261; 0
; 14283; 0
; 14303; 0
; 14323; 0
; 14345; 0
; 14366; 0
; 14388; 0
; 14409; 0
; 14430; 0
; 14450; 0
; 14472; 0
; 14493; 0
; 14515; 0
; 14535; 0
; 14556; 0
; 14577; 0
; 14598; 0
; 14620; 0
; 14640; 0
; 14660; 0
; 14681; 0
; 14703; 0
; 14725; 0
; 14745; 0
; 14766; 0
; 14787; 0
; 14809; 0
; 14831; 0
; 14852; 0
; 14874; 0
; 14895; 0
; 14916; 0
; 14937; 0
; 14958; 0
; 14980; 0
; 15001; 0
; 15023; 0
; 15045; 0
; 15065; 0
; 15085; 0
; 15106; 0
; 15127; 0
; 15149; 0
; 15170; 0
; 15192; 0
; 15213; 0
; 15233; 0
; 15255; 0
; 15276; 0
; 15298; 0
; 15318; 0
; 15339; 0
; 15360; 0
; 15382; 0
; 15402; 0
; 15422; 0
; 15444; 0
; 15465; 0
; 15486; 0
; 15507; 0
; 15528; 0
; 15549; 0
; 15571; 0
; 15592; 0
; 15614; 0
; 15634; 0
; 15655; 0
; 15677; 0
; 15699; 0
; 15720; 0
; 15740; 0
; 15762; 0
; 15783; 0
; 15805; 0
; 15826; 0
; 15847; 0
; 15867; 0
; 15889; 0
; 15909; 0
; 15930; 0
; 15951; 0
; 15973; 0
; 15994; 0
; 16015; 0
; 16037; 0
; 16059; 0
; 16080; 0
; 16101; 0
; 16123; 0
; 16143; 0
; 16165; 0
; 16186; 0
; 16207; 0
; 16228; 0
; 16249; 0
; 16271; 0
; 16293; 0
; 16314; 0
; 16336; 0
; 16357; 0
; 16379; 0
; 16400; 0
; 16422; 0
; 16442; 0
; 16463; 0
; 16483; 0
; 16505; 0
; 16526; 0
; 16548; 0
; 16569; 0
; 16590; 0
; 16612; 0
; 16633; 0
; 16655; 0
; 16676; 0
; 16698; 0
; 16718; 0
; 16739; 0
; 16761; 0
; 16782; 0
; 16804; 0
; 16825; 0
; 16846; 0
; 16868; 0
; 16889; 0
; 16910; 0
; 16930; 0
; 16951; 0
; 16973; 0
; 16994; 0
; 17015; 0
; 17035; 0
; 17057; 0
; 17078; 0
; 17099; 0
; 17120; 0
; 17141; 0
; 17163; 0
; 17184; 0
; 17206; 0
; 17228; 0
; 17249; 0
; 17271; 0
; 17292; 0
; 17314; 0
; 17334; 0
; 17355; 0
; 17375; 0
; 17395; 0
; 17417; 0
; 17438; 0
; 17460; 0
; 17481; 0
; 17503; 0
; 17524; 0
; 17544; 0
; 17565; 0
; 17587; 0
; 17608; 0
; 17629; 0
; 17650; 0
; 17671; 0
; 17691; 0
; 17713; 0
; 17734; 0
; 17756; 0
; 17777; 0
; 17799; 0
; 17820; 0
; 17841; 0
; 17862; 0
; 17884; 0
; 17905; 0
; 17925; 0
; 17945; 0
; 17966; 0
; 17988; 0
; 18009; 0
; 18029; 0
; 18051; 0
; 18072; 0
; 18094; 0
; 18115; 0
; 18136; 0
; 18158; 0
; 18179; 0
; 18200; 0
; 18222; 0
; 18243; 0
; 18265; 0
; 18286; 0
; 18308; 0
; 18328; 0
; 18348; 0
; 18369; 0
; 18390; 0
; 18411; 0
; 18431; 0
; 18451; 0
; 18472; 0
; 18493; 0
; 18514; 0
; 18535; 0
; 18556; 0
; 18578; 0
; 18599; 0
; 18621; 0
; 18642; 0
; 18663; 0
; 18685; 0
; 18707; 0
; 18728; 0
; 18748; 0
; 18770; 0
; 18791; 0
; 18813; 0
; 18833; 0
; 18854; 0
; 18875; 0
; 18896; 0
; 18918; 0
; 18939; 0
; 18960; 0
; 18981; 0
; 19002; 0
; 19024; 0
; 19045; 0
; 19065; 0
; 19086; 0
; 19107; 0
; 19129; 0
; 19149; 0
; 19170; 0
; 19191; 0
; 19212; 0
; 19233; 0
; 19254; 0
; 19275; 0
; 19297; 0
; 19316; 0
; 19337; 0
; 19359; 0
; 19380; 0
; 19402; 0
; 19423; 0
; 19443; 0
; 19464; 0
; 19485; 0
; 19507; 0
; 19527; 0
; 19549; 0
; 19570; 0
; 19592; 0
; 19613; 0
; 19634; 0
; 19655; 0
; 19676; 0
; 19697; 0
; 19718; 0
; 19738; 0
; 19760; 0
; 19780; 0
; 19801; 0
; 19822; 0
; 19843; 0
; 19865; 0
; 19886; 0
; 19908; 0
; 19928; 0
; 19949; 0
; 19970; 0
; 19991; 0
; 20013; 0
; 20033; 0
; 20055; 0
; 20076; 0
; 20098; 0
; 20119; 0
; 20139; 0
; 20161; 0
; 20182; 0
; 20204; 0
; 20225; 0
; 20245; 0
; 20267; 0
; 20288; 0
; 20310; 0
; 20330; 0
; 20350; 0
; 20371; 0
; 20392; 0
; 20414; 0
; 20435; 0
; 20457; 0
; 20478; 0
; 20500; 0
; 20521; 0
; 20542; 0
; 20564; 0
; 20585; 0
; 20607; 0
; 20628; 0
; 20649; 0
; 20671; 0
; 20692; 0
; 20713; 0
; 20735; 0
4.Variable; PLC_PRG.feed_flow
4.Address.AddrFlags; 0x00000000
4.Class; 14
4.Size; 4
4.GraphColor; 4278255615
4.GraphType; 1
4.MinWarningColor; 4278190080
4.MaxWarningColor; 4294901760
4.CriticalLowerLimit; 0
4.CriticalUpperLimit; 0
4.ActivateMinWarning; 0
4.ActivateMaxWarning; 0
4.YAxis; 0
4.Data; 
; 11; 40
; 33; 40
; 54; 40
; 76; 40
; 96; 40
; 117; 40
; 139; 40
; 160; 40
; 181; 40
; 202; 40
; 223; 40
; 245; 40
; 266; 40
; 288; 40
; 308; 40
; 329; 40
; 350; 40
; 372; 40
; 393; 40
; 415; 40
; 436; 40
; 458; 40
; 479; 40
; 500; 40
; 522; 40
; 543; 40
; 565; 40
; 585; 40
; 605; 40
; 627; 40
; 648; 40
; 669; 40.020000457763672
; 691; 40.040000915527344
; 712; 40.060001373291016
; 734; 40.080001831054688
; 755; 40.100002288818359
; 777; 40.120002746582031
; 797; 40.1400032043457
; 818; 40.160003662109375
; 840; 40.180004119873047
; 861; 40.200004577636719
; 883; 40.220005035400391
; 903; 40.240005493164063
; 923; 40.260005950927734
; 944; 40.280006408691406
; 965; 40.300006866455078
; 987; 40.32000732421875
; 1007; 40.340007781982422
; 1028; 40.360008239746094
; 1050; 40.380008697509766
; 1070; 40.400009155273438
; 1092; 40.420009613037109
; 1113; 40.440010070800781
; 1134; 40.460010528564453
; 1156; 40.480010986328125
; 1177; 40.5000114440918
; 1197; 40.520011901855469
; 1219; 40.540012359619141
; 1240; 40.560012817382813
; 1262; 40.580013275146484
; 1283; 40.600013732910156
; 1304; 40.620014190673828
; 1325; 40.6400146484375
; 1346; 40.660015106201172
; 1367; 40.680015563964844
; 1389; 40.700016021728516
; 1410; 40.720016479492188
; 1432; 40.740016937255859
; 1453; 40.760017395019531
; 1475; 40.7800178527832
; 1496; 40.800018310546875
; 1517; 40.820018768310547
; 1539; 40.840019226074219
; 1560; 40.860019683837891
; 1582; 40.880020141601563
; 1602; 40.900020599365234
; 1623; 40.920021057128906
; 1644; 40.940021514892578
; 1665; 40.96002197265625
; 1687; 40.980022430419922
; 1708; 41.000022888183594
; 1728; 41.020023345947266
; 1749; 41.040023803710938
; 1770; 41.060024261474609
; 1792; 41.080024719238281
; 1812; 41.100025177001953
; 1832; 41.120025634765625
; 1854; 41.1400260925293
; 1875; 41.160026550292969
; 1897; 41.180027008056641
; 1918; 41.200027465820313
; 1940; 41.220027923583984
; 1961; 41.240028381347656
; 1983; 41.260028839111328
; 2004; 41.280029296875
; 2025; 41.300029754638672
; 2045; 41.320030212402344
; 2067; 41.340030670166016
; 2088; 41.360031127929688
; 2109; 41.380031585693359
; 2130; 41.400032043457031
; 2151; 41.4200325012207
; 2173; 41.440032958984375
; 2194; 41.460033416748047
; 2215; 41.480033874511719
; 2235; 41.500034332275391
; 2256; 41.520034790039063
; 2276; 41.540035247802734
; 2298; 41.560035705566406
; 2319; 41.580036163330078
; 2339; 41.60003662109375
; 2361; 41.620037078857422
; 2382; 41.640037536621094
; 2402; 41.660037994384766
; 2424; 41.680038452148438
; 2445; 41.700038909912109
; 2467; 41.720039367675781
; 2487; 41.740039825439453
; 2508; 41.760040283203125
; 2530; 41.7800407409668
; 2551; 41.800041198730469
; 2572; 41.820041656494141
; 2593; 41.840042114257813
; 2615; 41.860042572021484
; 2636; 41.880043029785156
; 2658; 41.900043487548828
; 2679; 41.9200439453125
; 2699; 41.940044403076172
; 2721; 41.960044860839844
; 2742; 41.980045318603516
; 2764; 42.000045776367188
; 2785; 42.020046234130859
; 2807; 42.040046691894531
; 2828; 42.0600471496582
; 2850; 42.080047607421875
; 2871; 42.100048065185547
; 2893; 42.120048522949219
; 2914; 42.140048980712891
; 2935; 42.160049438476563
; 2957; 42.180049896240234
; 2978; 42.200050354003906
; 3000; 42.220050811767578
; 3022; 42.24005126953125
; 3043; 42.260051727294922
; 3065; 42.280052185058594
; 3086; 42.300052642822266
; 3106; 42.320053100585938
; 3128; 42.340053558349609
; 3149; 42.360054016113281
; 3171; 42.380054473876953
; 3192; 42.400054931640625
; 3212; 42.4200553894043
; 3234; 42.440055847167969
; 3255; 42.460056304931641
; 3276; 42.480056762695313
; 3296; 42.500057220458984
; 3318; 42.520057678222656
; 3338; 42.540058135986328
; 3359; 42.56005859375
; 3381; 42.580059051513672
; 3401; 42.600059509277344
; 3422; 42.620059967041016
; 3444; 42.640060424804688
; 3465; 42.660060882568359
; 3487; 42.680061340332031
; 3508; 42.7000617980957
; 3530; 42.720062255859375
; 3551; 42.740062713623047
; 3573; 42.760063171386719
; 3593; 42.780063629150391
; 3614; 42.800064086914063
; 3633; 42.820064544677734
; 3654; 42.840065002441406
; 3674; 42.860065460205078
; 3695; 42.88006591796875
; 3717; 42.900066375732422
; 3738; 42.920066833496094
; 3760; 42.940067291259766
; 3781; 42.960067749023438
; 3802; 42.980068206787109
; 3822; 43.000068664550781
; 3843; 43.020069122314453
; 3865; 43.040069580078125
; 3886; 43.0600700378418
; 3906; 43.080070495605469
; 3928; 43.100070953369141
; 3949; 43.120071411132813
; 3971; 43.140071868896484
; 3992; 43.160072326660156
; 4012; 43.180072784423828
; 4034; 43.2000732421875
; 4055; 43.220073699951172
; 4077; 43.240074157714844
; 4098; 43.260074615478516
; 4119; 43.280075073242188
; 4140; 43.300075531005859
; 4161; 43.320075988769531
; 4183; 43.3400764465332
; 4203; 43.360076904296875
; 4225; 43.380077362060547
; 4246; 43.400077819824219
; 4268; 43.420078277587891
; 4289; 43.440078735351563
; 4309; 43.460079193115234
; 4331; 43.480079650878906
; 4351; 43.500080108642578
; 4372; 43.52008056640625
; 4394; 43.540081024169922
; 4415; 43.560081481933594
; 4437; 43.580081939697266
; 4458; 43.600082397460938
; 4480; 43.620082855224609
; 4501; 43.640083312988281
; 4522; 43.660083770751953
; 4544; 43.680084228515625
; 4565; 43.7000846862793
; 4587; 43.720085144042969
; 4608; 43.740085601806641
; 4629; 43.760086059570313
; 4651; 43.780086517333984
; 4671; 43.800086975097656
; 4693; 43.820087432861328
; 4714; 43.840087890625
; 4735; 43.860088348388672
; 4757; 43.880088806152344
; 4778; 43.900089263916016
; 4800; 43.920089721679688
; 4820; 43.940090179443359
; 4841; 43.960090637207031
; 4863; 43.9800910949707
; 4884; 44.000091552734375
; 4904; 44.020092010498047
; 4925; 44.040092468261719
; 4946; 44.060092926025391
; 4968; 44.080093383789063
; 4989; 44.100093841552734
; 5010; 44.120094299316406
; 5032; 44.140094757080078
; 5052; 44.16009521484375
; 5074; 44.180095672607422
; 5094; 44.200096130371094
; 5116; 44.220096588134766
; 5136; 44.240097045898438
; 5158; 44.260097503662109
; 5179; 44.280097961425781
; 5201; 44.300098419189453
; 5222; 44.320098876953125
; 5244; 44.3400993347168
; 5265; 44.360099792480469
; 5287; 44.380100250244141
; 5308; 44.400100708007813
; 5329; 44.420101165771484
; 5351; 44.440101623535156
; 5372; 44.460102081298828
; 5394; 44.4801025390625
; 5415; 44.500102996826172
; 5436; 44.520103454589844
; 5458; 44.540103912353516
; 5479; 44.560104370117188
; 5501; 44.580104827880859
; 5521; 44.600105285644531
; 5542; 44.6201057434082
; 5564; 44.640106201171875
; 5585; 44.660106658935547
; 5605; 44.680107116699219
; 5627; 44.700107574462891
; 5648; 44.720108032226563
; 5670; 44.740108489990234
; 5691; 44.760108947753906
; 5711; 44.780109405517578
; 5733; 44.80010986328125
; 5754; 44.820110321044922
; 5776; 44.840110778808594
; 5797; 44.860111236572266
; 5817; 44.880111694335938
; 5839; 44.900112152099609
; 5860; 44.920112609863281
; 5882; 44.940113067626953
; 5903; 44.960113525390625
; 5924; 44.9801139831543
; 5944; 45.000114440917969
; 5966; 45.020114898681641
; 5987; 45.040115356445313
; 6008; 45.060115814208984
; 6030; 45.080116271972656
; 6051; 45.100116729736328
; 6073; 45.1201171875
; 6094; 45.140117645263672
; 6114; 45.160118103027344
; 6136; 45.180118560791016
; 6157; 45.200119018554688
; 6179; 45.220119476318359
; 6200; 45.240119934082031
; 6221; 45.2601203918457
; 6243; 45.280120849609375
; 6264; 45.300121307373047
; 6286; 45.320121765136719
; 6306; 45.340122222900391
; 6328; 45.360122680664063
; 6349; 45.380123138427734
; 6370; 45.400123596191406
; 6391; 45.420124053955078
; 6413; 45.44012451171875
; 6434; 45.460124969482422
; 6456; 45.480125427246094
; 6478; 45.500125885009766
; 6498; 45.520126342773438
; 6520; 45.540126800537109
; 6540; 45.560127258300781
; 6562; 45.580127716064453
; 6583; 45.600128173828125
; 6605; 45.6201286315918
; 6626; 45.640129089355469
; 6646; 45.660129547119141
; 6667; 45.680130004882813
; 6688; 45.700130462646484
; 6710; 45.720130920410156
; 6731; 45.740131378173828
; 6753; 45.7601318359375
; 6774; 45.780132293701172
; 6796; 45.800132751464844
; 6816; 45.820133209228516
; 6837; 45.840133666992188
; 6859; 45.860134124755859
; 6880; 45.880134582519531
; 6902; 45.9001350402832
; 6922; 45.920135498046875
; 6943; 45.940135955810547
; 6965; 45.960136413574219
; 6986; 45.980136871337891
; 7008; 46.000137329101563
; 7030; 46.020137786865234
; 7051; 46.040138244628906
; 7073; 46.060138702392578
; 7094; 46.08013916015625
; 7114; 46.100139617919922
; 7134; 46.120140075683594
; 7156; 46.140140533447266
; 7177; 46.160140991210938
; 7199; 46.180141448974609
; 7220; 46.200141906738281
; 7242; 46.220142364501953
; 7263; 46.240142822265625
; 7284; 46.2601432800293
; 7306; 46.280143737792969
; 7326; 46.300144195556641
; 7347; 46.320144653320313
; 7368; 46.340145111083984
; 7390; 46.360145568847656
; 7411; 46.380146026611328
; 7432; 46.400146484375
; 7454; 46.420146942138672
; 7475; 46.440147399902344
; 7497; 46.460147857666016
; 7517; 46.480148315429688
; 7538; 46.500148773193359
; 7560; 46.520149230957031
; 7581; 46.5401496887207
; 7603; 46.560150146484375
; 7623; 46.580150604248047
; 7644; 46.600151062011719
; 7665; 46.620151519775391
; 7685; 46.640151977539063
; 7705; 46.660152435302734
; 7726; 46.680152893066406
; 7748; 46.700153350830078
; 7769; 46.72015380859375
; 7790; 46.740154266357422
; 7812; 46.760154724121094
; 7833; 46.780155181884766
; 7855; 46.800155639648438
; 7877; 46.820156097412109
; 7898; 46.840156555175781
; 7920; 46.860157012939453
; 7941; 46.880157470703125
; 7963; 46.9001579284668
; 7984; 46.920158386230469
; 8006; 46.940158843994141
; 8026; 46.960159301757813
; 8047; 46.980159759521484
; 8069; 47.000160217285156
; 8090; 47.020160675048828
; 8110; 47.0401611328125
; 8132; 47.060161590576172
; 8152; 47.080162048339844
; 8174; 47.100162506103516
; 8195; 47.120162963867188
; 8215; 47.140163421630859
; 8237; 47.160163879394531
; 8258; 47.1801643371582
; 8280; 47.200164794921875
; 8301; 47.220165252685547
; 8322; 47.240165710449219
; 8344; 47.260166168212891
; 8364; 47.280166625976563
; 8386; 47.300167083740234
; 8408; 47.320167541503906
; 8429; 47.340167999267578
; 8451; 47.36016845703125
; 8470; 47.380168914794922
; 8492; 47.400169372558594
; 8513; 47.420169830322266
; 8534; 47.440170288085938
; 8556; 47.460170745849609
; 8577; 47.480171203613281
; 8599; 47.500171661376953
; 8619; 47.520172119140625
; 8639; 47.5401725769043
; 8661; 47.560173034667969
; 8682; 47.580173492431641
; 8704; 47.600173950195313
; 8725; 47.620174407958984
; 8747; 47.640174865722656
; 8767; 47.660175323486328
; 8789; 47.68017578125
; 8810; 47.700176239013672
; 8831; 47.720176696777344
; 8853; 47.740177154541016
; 8874; 47.760177612304688
; 8896; 47.780178070068359
; 8916; 47.800178527832031
; 8937; 47.8201789855957
; 8959; 47.840179443359375
; 8979; 47.860179901123047
; 9000; 47.880180358886719
; 9020; 47.900180816650391
; 9041; 47.920181274414063
; 9063; 47.940181732177734
; 9084; 47.960182189941406
; 9106; 47.980182647705078
; 9126; 48.00018310546875
; 9147; 48.020183563232422
; 9169; 48.040184020996094
; 9190; 48.060184478759766
; 9212; 48.080184936523438
; 9234; 48.100185394287109
; 9255; 48.120185852050781
; 9276; 48.140186309814453
; 9297; 48.160186767578125
; 9318; 48.1801872253418
; 9340; 48.200187683105469
; 9361; 48.220188140869141
; 9383; 48.240188598632813
; 9404; 48.260189056396484
; 9425; 48.280189514160156
; 9446; 48.300189971923828
; 9467; 48.3201904296875
; 9489; 48.340190887451172
; 9509; 48.360191345214844
; 9530; 48.380191802978516
; 9551; 48.400192260742188
; 9573; 48.420192718505859
; 9594; 48.440193176269531
; 9616; 48.4601936340332
; 9637; 48.480194091796875
; 9659; 48.500194549560547
; 9679; 48.520195007324219
; 9701; 48.540195465087891
; 9722; 48.560195922851563
; 9743; 48.580196380615234
; 9765; 48.600196838378906
; 9785; 48.620197296142578
; 9805; 48.64019775390625
; 9826; 48.660198211669922
; 9848; 48.680198669433594
; 9869; 48.700199127197266
; 9890; 48.720199584960938
; 9911; 48.740200042724609
; 9932; 48.760200500488281
; 9953; 48.780200958251953
; 9974; 48.800201416015625
; 9995; 48.8202018737793
; 10017; 48.840202331542969
; 10038; 48.860202789306641
; 10059; 48.880203247070313
; 10080; 48.900203704833984
; 10102; 48.920204162597656
; 10122; 48.940204620361328
; 10142; 48.960205078125
; 10163; 48.980205535888672
; 10185; 49.000205993652344
; 10205; 49.020206451416016
; 10226; 49.040206909179688
; 10248; 49.060207366943359
; 10269; 49.080207824707031
; 10291; 49.1002082824707
; 10312; 49.120208740234375
; 10334; 49.140209197998047
; 10355; 49.160209655761719
; 10377; 49.180210113525391
; 10398; 49.200210571289063
; 10420; 49.220211029052734
; 10441; 49.240211486816406
; 10463; 49.260211944580078
; 10484; 49.28021240234375
; 10504; 49.300212860107422
; 10525; 49.320213317871094
; 10546; 49.340213775634766
; 10567; 49.360214233398438
; 10588; 49.380214691162109
; 10610; 49.400215148925781
; 10631; 49.420215606689453
; 10653; 49.440216064453125
; 10674; 49.4602165222168
; 10696; 49.480216979980469
; 10717; 49.500217437744141
; 10738; 49.520217895507813
; 10760; 49.540218353271484
; 10781; 49.560218811035156
; 10803; 49.580219268798828
; 10823; 49.6002197265625
; 10844; 49.620220184326172
; 10866; 49.640220642089844
; 10887; 49.660221099853516
; 10909; 49.680221557617188
; 10931; 49.700222015380859
; 10952; 49.720222473144531
; 10974; 49.7402229309082
; 10994; 49.760223388671875
; 11015; 49.780223846435547
; 11037; 49.800224304199219
; 11058; 49.820224761962891
; 11080; 49.840225219726563
; 11101; 49.860225677490234
; 11121; 49.880226135253906
; 11143; 49.900226593017578
; 11164; 49.92022705078125
; 11186; 49.940227508544922
; 11207; 49.960227966308594
; 11228; 49.980228424072266
; 11249; 50.000228881835938
; 11270; 50.020229339599609
; 11292; 50.040229797363281
; 11313; 50.060230255126953
; 11335; 50.080230712890625
; 11356; 50.1002311706543
; 11378; 50.120231628417969
; 11399; 50.140232086181641
; 11420; 50.160232543945313
; 11441; 50.180233001708984
; 11463; 50.200233459472656
; 11483; 50.220233917236328
; 11505; 50.240234375
; 11526; 50.260234832763672
; 11546; 50.280235290527344
; 11567; 50.300235748291016
; 11589; 50.320236206054688
; 11610; 50.340236663818359
; 11630; 50.360237121582031
; 11651; 50.3802375793457
; 11673; 50.400238037109375
; 11694; 50.420238494873047
; 11716; 50.440238952636719
; 11737; 50.460239410400391
; 11759; 50.480239868164063
; 11780; 50.500240325927734
; 11802; 50.520240783691406
; 11822; 50.540241241455078
; 11844; 50.56024169921875
; 11865; 50.580242156982422
; 11887; 50.600242614746094
; 11908; 50.620243072509766
; 11929; 50.640243530273438
; 11951; 50.660243988037109
; 11972; 50.680244445800781
; 11993; 50.700244903564453
; 12013; 50.720245361328125
; 12034; 50.7402458190918
; 12056; 50.760246276855469
; 12077; 50.780246734619141
; 12099; 50.800247192382813
; 12120; 50.820247650146484
; 12141; 50.840248107910156
; 12163; 50.860248565673828
; 12184; 50.8802490234375
; 12206; 50.900249481201172
; 12227; 50.920249938964844
; 12249; 50.940250396728516
; 12270; 50.960250854492188
; 12292; 50.980251312255859
; 12313; 51.000251770019531
; 12334; 51.0202522277832
; 12356; 51.040252685546875
; 12377; 51.060253143310547
; 12399; 51.080253601074219
; 12419; 51.100254058837891
; 12440; 51.120254516601563
; 12462; 51.140254974365234
; 12483; 51.160255432128906
; 12505; 51.180255889892578
; 12525; 51.20025634765625
; 12546; 51.220256805419922
; 12568; 51.240257263183594
; 12589; 51.260257720947266
; 12611; 51.280258178710938
; 12631; 51.300258636474609
; 12652; 51.320259094238281
; 12674; 51.340259552001953
; 12695; 51.360260009765625
; 12716; 51.3802604675293
; 12737; 51.400260925292969
; 12756; 51.420261383056641
; 12778; 51.440261840820313
; 12798; 51.460262298583984
; 12819; 51.480262756347656
; 12841; 51.500263214111328
; 12862; 51.520263671875
; 12884; 51.540264129638672
; 12905; 51.560264587402344
; 12925; 51.580265045166016
; 12947; 51.600265502929688
; 12968; 51.620265960693359
; 12990; 51.640266418457031
; 13011; 51.6602668762207
; 13031; 51.680267333984375
; 13053; 51.700267791748047
; 13075; 51.720268249511719
; 13095; 51.740268707275391
; 13117; 51.760269165039063
; 13136; 51.780269622802734
; 13157; 51.800270080566406
; 13178; 51.820270538330078
; 13200; 51.84027099609375
; 13220; 51.860271453857422
; 13242; 51.880271911621094
; 13263; 51.900272369384766
; 13284; 51.920272827148438
; 13305; 51.940273284912109
; 13325; 51.960273742675781
; 13347; 51.980274200439453
; 13368; 52.000274658203125
; 13390; 52.0202751159668
; 13411; 52.040275573730469
; 13431; 52.060276031494141
; 13453; 52.080276489257813
; 13474; 52.100276947021484
; 13496; 52.120277404785156
; 13517; 52.140277862548828
; 13538; 52.1602783203125
; 13559; 52.180278778076172
; 13581; 52.200279235839844
; 13602; 52.220279693603516
; 13624; 52.240280151367188
; 13645; 52.260280609130859
; 13667; 52.280281066894531
; 13688; 52.3002815246582
; 13710; 52.320281982421875
; 13731; 52.340282440185547
; 13752; 52.360282897949219
; 13774; 52.380283355712891
; 13795; 52.400283813476563
; 13817; 52.420284271240234
; 13837; 52.440284729003906
; 13858; 52.460285186767578
; 13880; 52.48028564453125
; 13901; 52.500286102294922
; 13921; 52.520286560058594
; 13942; 52.540287017822266
; 13963; 52.560287475585938
; 13985; 52.580287933349609
; 14006; 52.600288391113281
; 14027; 52.620288848876953
; 14049; 52.640289306640625
; 14070; 52.6602897644043
; 14092; 52.680290222167969
; 14113; 52.700290679931641
; 14134; 52.720291137695313
; 14155; 52.740291595458984
; 14176; 52.760292053222656
; 14198; 52.780292510986328
; 14219; 52.80029296875
; 14240; 52.820293426513672
; 14261; 52.840293884277344
; 14283; 52.860294342041016
; 14303; 52.880294799804688
; 14323; 52.900295257568359
; 14345; 52.920295715332031
; 14366; 52.9402961730957
; 14388; 52.960296630859375
; 14409; 52.980297088623047
; 14430; 53.000297546386719
; 14450; 53.020298004150391
; 14472; 53.040298461914063
; 14493; 53.060298919677734
; 14515; 53.080299377441406
; 14535; 53.100299835205078
; 14556; 53.12030029296875
; 14577; 53.140300750732422
; 14598; 53.160301208496094
; 14620; 53.180301666259766
; 14640; 53.200302124023438
; 14660; 53.220302581787109
; 14681; 53.240303039550781
; 14703; 53.260303497314453
; 14725; 53.280303955078125
; 14745; 53.3003044128418
; 14766; 53.320304870605469
; 14787; 53.340305328369141
; 14809; 53.360305786132813
; 14831; 53.380306243896484
; 14852; 53.400306701660156
; 14874; 53.420307159423828
; 14895; 53.4403076171875
; 14916; 53.460308074951172
; 14937; 53.480308532714844
; 14958; 53.500308990478516
; 14980; 53.520309448242188
; 15001; 53.540309906005859
; 15023; 53.560310363769531
; 15045; 53.5803108215332
; 15065; 53.600311279296875
; 15085; 53.620311737060547
; 15106; 53.640312194824219
; 15127; 53.660312652587891
; 15149; 53.680313110351563
; 15170; 53.700313568115234
; 15192; 53.720314025878906
; 15213; 53.740314483642578
; 15233; 53.76031494140625
; 15255; 53.780315399169922
; 15276; 53.800315856933594
; 15298; 53.820316314697266
; 15318; 53.840316772460938
; 15339; 53.860317230224609
; 15360; 53.880317687988281
; 15382; 53.900318145751953
; 15402; 53.920318603515625
; 15422; 53.9403190612793
; 15444; 53.960319519042969
; 15465; 53.980319976806641
; 15486; 54.000320434570313
; 15507; 54.020320892333984
; 15528; 54.040321350097656
; 15549; 54.060321807861328
; 15571; 54.080322265625
; 15592; 54.100322723388672
; 15614; 54.120323181152344
; 15634; 54.140323638916016
; 15655; 54.160324096679688
; 15677; 54.180324554443359
; 15699; 54.200325012207031
; 15720; 54.2203254699707
; 15740; 54.240325927734375
; 15762; 54.260326385498047
; 15783; 54.280326843261719
; 15805; 54.300327301025391
; 15826; 54.320327758789063
; 15847; 54.340328216552734
; 15867; 54.360328674316406
; 15889; 54.380329132080078
; 15909; 54.40032958984375
; 15930; 54.420330047607422
; 15951; 54.440330505371094
; 15973; 54.460330963134766
; 15994; 54.480331420898438
; 16015; 54.500331878662109
; 16037; 54.520332336425781
; 16059; 54.540332794189453
; 16080; 54.560333251953125
; 16101; 54.5803337097168
; 16123; 54.600334167480469
; 16143; 54.620334625244141
; 16165; 54.640335083007813
; 16186; 54.660335540771484
; 16207; 54.680335998535156
; 16228; 54.700336456298828
; 16249; 54.7203369140625
; 16271; 54.740337371826172
; 16293; 54.760337829589844
; 16314; 54.780338287353516
; 16336; 54.800338745117188
; 16357; 54.820339202880859
; 16379; 54.840339660644531
; 16400; 54.8603401184082
; 16422; 54.880340576171875
; 16442; 54.900341033935547
; 16463; 54.920341491699219
; 16483; 54.940341949462891
; 16505; 54.960342407226563
; 16526; 54.980342864990234
; 16548; 55.000343322753906
; 16569; 55.020343780517578
; 16590; 55.04034423828125
; 16612; 55.060344696044922
; 16633; 55.080345153808594
; 16655; 55.100345611572266
; 16676; 55.120346069335938
; 16698; 55.140346527099609
; 16718; 55.160346984863281
; 16739; 55.180347442626953
; 16761; 55.200347900390625
; 16782; 55.2203483581543
; 16804; 55.240348815917969
; 16825; 55.260349273681641
; 16846; 55.280349731445313
; 16868; 55.300350189208984
; 16889; 55.320350646972656
; 16910; 55.340351104736328
; 16930; 55.3603515625
; 16951; 55.380352020263672
; 16973; 55.400352478027344
; 16994; 55.420352935791016
; 17015; 55.440353393554688
; 17035; 55.460353851318359
; 17057; 55.480354309082031
; 17078; 55.5003547668457
; 17099; 55.520355224609375
; 17120; 55.540355682373047
; 17141; 55.560356140136719
; 17163; 55.580356597900391
; 17184; 55.600357055664063
; 17206; 55.620357513427734
; 17228; 55.640357971191406
; 17249; 55.660358428955078
; 17271; 55.68035888671875
; 17292; 55.700359344482422
; 17314; 55.720359802246094
; 17334; 55.740360260009766
; 17355; 55.760360717773438
; 17375; 55.780361175537109
; 17395; 55.800361633300781
; 17417; 55.820362091064453
; 17438; 55.840362548828125
; 17460; 55.8603630065918
; 17481; 55.880363464355469
; 17503; 55.900363922119141
; 17524; 55.920364379882813
; 17544; 55.940364837646484
; 17565; 55.960365295410156
; 17587; 55.980365753173828
; 17608; 56.0003662109375
; 17629; 56.020366668701172
; 17650; 56.040367126464844
; 17671; 56.060367584228516
; 17691; 56.080368041992188
; 17713; 56.100368499755859
; 17734; 56.120368957519531
; 17756; 56.1403694152832
; 17777; 56.160369873046875
; 17799; 56.180370330810547
; 17820; 56.200370788574219
; 17841; 56.220371246337891
; 17862; 56.240371704101563
; 17884; 56.260372161865234
; 17905; 56.280372619628906
; 17925; 56.300373077392578
; 17945; 56.32037353515625
; 17966; 56.340373992919922
; 17988; 56.360374450683594
; 18009; 56.380374908447266
; 18029; 56.400375366210938
; 18051; 56.420375823974609
; 18072; 56.440376281738281
; 18094; 56.460376739501953
; 18115; 56.480377197265625
; 18136; 56.5003776550293
; 18158; 56.520378112792969
; 18179; 56.540378570556641
; 18200; 56.560379028320313
; 18222; 56.580379486083984
; 18243; 56.600379943847656
; 18265; 56.620380401611328
; 18286; 56.640380859375
; 18308; 56.660381317138672
; 18328; 56.680381774902344
; 18348; 56.700382232666016
; 18369; 56.720382690429688
; 18390; 56.740383148193359
; 18411; 56.760383605957031
; 18431; 56.7803840637207
; 18451; 56.800384521484375
; 18472; 56.820384979248047
; 18493; 56.840385437011719
; 18514; 56.860385894775391
; 18535; 56.880386352539063
; 18556; 56.900386810302734
; 18578; 56.920387268066406
; 18599; 56.940387725830078
; 18621; 56.96038818359375
; 18642; 56.980388641357422
; 18663; 57.000389099121094
; 18685; 57.020389556884766
; 18707; 57.040390014648438
; 18728; 57.060390472412109
; 18748; 57.080390930175781
; 18770; 57.100391387939453
; 18791; 57.120391845703125
; 18813; 57.1403923034668
; 18833; 57.160392761230469
; 18854; 57.180393218994141
; 18875; 57.200393676757813
; 18896; 57.220394134521484
; 18918; 57.240394592285156
; 18939; 57.260395050048828
; 18960; 57.2803955078125
; 18981; 57.300395965576172
; 19002; 57.320396423339844
; 19024; 57.340396881103516
; 19045; 57.360397338867188
; 19065; 57.380397796630859
; 19086; 57.400398254394531
; 19107; 57.4203987121582
; 19129; 57.440399169921875
; 19149; 57.460399627685547
; 19170; 57.480400085449219
; 19191; 57.500400543212891
; 19212; 57.520401000976563
; 19233; 57.540401458740234
; 19254; 57.560401916503906
; 19275; 57.580402374267578
; 19297; 57.60040283203125
; 19316; 57.620403289794922
; 19337; 57.640403747558594
; 19359; 57.660404205322266
; 19380; 57.680404663085938
; 19402; 57.700405120849609
; 19423; 57.720405578613281
; 19443; 57.740406036376953
; 19464; 57.760406494140625
; 19485; 57.7804069519043
; 19507; 57.800407409667969
; 19527; 57.820407867431641
; 19549; 57.840408325195313
; 19570; 57.860408782958984
; 19592; 57.880409240722656
; 19613; 57.900409698486328
; 19634; 57.92041015625
; 19655; 57.940410614013672
; 19676; 57.960411071777344
; 19697; 57.980411529541016
; 19718; 58.000411987304688
; 19738; 58.020412445068359
; 19760; 58.040412902832031
; 19780; 58.0604133605957
; 19801; 58.080413818359375
; 19822; 58.100414276123047
; 19843; 58.120414733886719
; 19865; 58.140415191650391
; 19886; 58.160415649414063
; 19908; 58.180416107177734
; 19928; 58.200416564941406
; 19949; 58.220417022705078
; 19970; 58.24041748046875
; 19991; 58.260417938232422
; 20013; 58.280418395996094
; 20033; 58.300418853759766
; 20055; 58.320419311523438
; 20076; 58.340419769287109
; 20098; 58.360420227050781
; 20119; 58.380420684814453
; 20139; 58.400421142578125
; 20161; 58.4204216003418
; 20182; 58.440422058105469
; 20204; 58.460422515869141
; 20225; 58.480422973632813
; 20245; 58.500423431396484
; 20267; 58.520423889160156
; 20288; 58.540424346923828
; 20310; 58.5604248046875
; 20330; 58.580425262451172
; 20350; 58.600425720214844
; 20371; 58.620426177978516
; 20392; 58.640426635742188
; 20414; 58.660427093505859
; 20435; 58.680427551269531
; 20457; 58.7004280090332
; 20478; 58.720428466796875
; 20500; 58.740428924560547
; 20521; 58.760429382324219
; 20542; 58.780429840087891
; 20564; 58.800430297851563
; 20585; 58.820430755615234
; 20607; 58.840431213378906
; 20628; 58.860431671142578
; 20649; 58.88043212890625
; 20671; 58.900432586669922
; 20692; 58.920433044433594
; 20713; 58.940433502197266
; 20735; 58.960433959960938
5.Variable; PLC_PRG.high_level
5.Address.AddrFlags; 0x00000000
5.Class; 0
5.Size; 1
5.GraphColor; 4294928820
5.GraphType; 1
5.MinWarningColor; 4278190080
5.MaxWarningColor; 4294901760
5.CriticalLowerLimit; 0
5.CriticalUpperLimit; 0
5.ActivateMinWarning; 0
5.ActivateMaxWarning; 0
5.YAxis; 0
5.Data; 
; 11; 0
; 33; 0
; 54; 0
; 76; 0
; 96; 0
; 117; 0
; 139; 0
; 160; 0
; 181; 0
; 202; 0
; 223; 0
; 245; 0
; 266; 0
; 288; 0
; 308; 0
; 329; 0
; 350; 0
; 372; 0
; 393; 0
; 415; 0
; 436; 0
; 458; 0
; 479; 0
; 500; 0
; 522; 0
; 543; 0
; 565; 0
; 585; 0
; 605; 0
; 627; 0
; 648; 0
; 669; 0
; 691; 0
; 712; 0
; 734; 0
; 755; 0
; 777; 0
; 797; 0
; 818; 0
; 840; 0
; 861; 0
; 883; 0
; 903; 0
; 923; 0
; 944; 0
; 965; 0
; 987; 0
; 1007; 0
; 1028; 0
; 1050; 0
; 1070; 0
; 1092; 0
; 1113; 0
; 1134; 0
; 1156; 0
; 1177; 0
; 1197; 0
; 1219; 0
; 1240; 0
; 1262; 0
; 1283; 0
; 1304; 0
; 1325; 0
; 1346; 0
; 1367; 0
; 1389; 0
; 1410; 0
; 1432; 0
; 1453; 0
; 1475; 0
; 1496; 0
; 1517; 0
; 1539; 0
; 1560; 0
; 1582; 0
; 1602; 0
; 1623; 0
; 1644; 0
; 1665; 0
; 1687; 0
; 1708; 0
; 1728; 0
; 1749; 0
; 1770; 0
; 1792; 0
; 1812; 0
; 1832; 0
; 1854; 0
; 1875; 0
; 1897; 0
; 1918; 0
; 1940; 0
; 1961; 0
; 1983; 0
; 2004; 0
; 2025; 0
; 2045; 0
; 2067; 0
; 2088; 0
; 2109; 0
; 2130; 0
; 2151; 0
; 2173; 0
; 2194; 0
; 2215; 0
; 2235; 0
; 2256; 0
; 2276; 0
; 2298; 0
; 2319; 0
; 2339; 0
; 2361; 0
; 2382; 0
; 2402; 0
; 2424; 0
; 2445; 0
; 2467; 0
; 2487; 0
; 2508; 0
; 2530; 0
; 2551; 0
; 2572; 0
; 2593; 0
; 2615; 0
; 2636; 0
; 2658; 0
; 2679; 0
; 2699; 0
; 2721; 0
; 2742; 0
; 2764; 0
; 2785; 0
; 2807; 0
; 2828; 0
; 2850; 0
; 2871; 0
; 2893; 0
; 2914; 0
; 2935; 0
; 2957; 0
; 2978; 0
; 3000; 0
; 3022; 0
; 3043; 0
; 3065; 0
; 3086; 0
; 3106; 0
; 3128; 0
; 3149; 0
; 3171; 0
; 3192; 0
; 3212; 0
; 3234; 0
; 3255; 0
; 3276; 0
; 3296; 0
; 3318; 0
; 3338; 0
; 3359; 0
; 3381; 0
; 3401; 0
; 3422; 0
; 3444; 0
; 3465; 0
; 3487; 0
; 3508; 0
; 3530; 0
; 3551; 0
; 3573; 0
; 3593; 0
; 3614; 0
; 3633; 0
; 3654; 0
; 3674; 0
; 3695; 0
; 3717; 0
; 3738; 0
; 3760; 0
; 3781; 0
; 3802; 0
; 3822; 0
; 3843; 0
; 3865; 0
; 3886; 0
; 3906; 0
; 3928; 0
; 3949; 0
; 3971; 0
; 3992; 0
; 4012; 0
; 4034; 0
; 4055; 0
; 4077; 0
; 4098; 0
; 4119; 0
; 4140; 0
; 4161; 0
; 4183; 0
; 4203; 0
; 4225; 0
; 4246; 0
; 4268; 0
; 4289; 0
; 4309; 0
; 4331; 0
; 4351; 0
; 4372; 0
; 4394; 0
; 4415; 0
; 4437; 0
; 4458; 0
; 4480; 0
; 4501; 0
; 4522; 0
; 4544; 0
; 4565; 0
; 4587; 0
; 4608; 0
; 4629; 0
; 4651; 0
; 4671; 0
; 4693; 0
; 4714; 0
; 4735; 0
; 4757; 0
; 4778; 0
; 4800; 0
; 4820; 0
; 4841; 0
; 4863; 0
; 4884; 0
; 4904; 0
; 4925; 0
; 4946; 0
; 4968; 0
; 4989; 0
; 5010; 0
; 5032; 0
; 5052; 0
; 5074; 0
; 5094; 0
; 5116; 0
; 5136; 0
; 5158; 0
; 5179; 0
; 5201; 0
; 5222; 0
; 5244; 0
; 5265; 0
; 5287; 0
; 5308; 0
; 5329; 0
; 5351; 0
; 5372; 0
; 5394; 0
; 5415; 0
; 5436; 0
; 5458; 0
; 5479; 0
; 5501; 0
; 5521; 0
; 5542; 0
; 5564; 0
; 5585; 0
; 5605; 0
; 5627; 0
; 5648; 0
; 5670; 0
; 5691; 0
; 5711; 0
; 5733; 0
; 5754; 0
; 5776; 0
; 5797; 0
; 5817; 0
; 5839; 0
; 5860; 0
; 5882; 0
; 5903; 0
; 5924; 0
; 5944; 0
; 5966; 0
; 5987; 0
; 6008; 0
; 6030; 0
; 6051; 0
; 6073; 0
; 6094; 0
; 6114; 0
; 6136; 0
; 6157; 0
; 6179; 0
; 6200; 0
; 6221; 0
; 6243; 0
; 6264; 0
; 6286; 0
; 6306; 0
; 6328; 0
; 6349; 0
; 6370; 0
; 6391; 0
; 6413; 0
; 6434; 0
; 6456; 0
; 6478; 0
; 6498; 0
; 6520; 0
; 6540; 0
; 6562; 0
; 6583; 0
; 6605; 0
; 6626; 0
; 6646; 0
; 6667; 0
; 6688; 0
; 6710; 0
; 6731; 0
; 6753; 0
; 6774; 0
; 6796; 0
; 6816; 0
; 6837; 0
; 6859; 0
; 6880; 0
; 6902; 0
; 6922; 0
; 6943; 0
; 6965; 0
; 6986; 0
; 7008; 0
; 7030; 0
; 7051; 0
; 7073; 0
; 7094; 0
; 7114; 0
; 7134; 0
; 7156; 0
; 7177; 0
; 7199; 0
; 7220; 0
; 7242; 0
; 7263; 0
; 7284; 0
; 7306; 0
; 7326; 0
; 7347; 0
; 7368; 0
; 7390; 0
; 7411; 0
; 7432; 0
; 7454; 0
; 7475; 0
; 7497; 0
; 7517; 0
; 7538; 0
; 7560; 0
; 7581; 0
; 7603; 0
; 7623; 0
; 7644; 0
; 7665; 0
; 7685; 0
; 7705; 0
; 7726; 0
; 7748; 0
; 7769; 0
; 7790; 0
; 7812; 0
; 7833; 0
; 7855; 0
; 7877; 0
; 7898; 0
; 7920; 0
; 7941; 0
; 7963; 0
; 7984; 0
; 8006; 0
; 8026; 0
; 8047; 0
; 8069; 0
; 8090; 0
; 8110; 0
; 8132; 0
; 8152; 0
; 8174; 0
; 8195; 0
; 8215; 0
; 8237; 0
; 8258; 0
; 8280; 0
; 8301; 0
; 8322; 0
; 8344; 0
; 8364; 0
; 8386; 0
; 8408; 0
; 8429; 0
; 8451; 0
; 8470; 0
; 8492; 0
; 8513; 0
; 8534; 0
; 8556; 0
; 8577; 0
; 8599; 0
; 8619; 0
; 8639; 0
; 8661; 0
; 8682; 0
; 8704; 0
; 8725; 0
; 8747; 0
; 8767; 0
; 8789; 0
; 8810; 0
; 8831; 0
; 8853; 0
; 8874; 0
; 8896; 0
; 8916; 0
; 8937; 0
; 8959; 0
; 8979; 0
; 9000; 0
; 9020; 0
; 9041; 0
; 9063; 0
; 9084; 0
; 9106; 0
; 9126; 0
; 9147; 0
; 9169; 0
; 9190; 0
; 9212; 0
; 9234; 0
; 9255; 0
; 9276; 0
; 9297; 0
; 9318; 0
; 9340; 0
; 9361; 0
; 9383; 0
; 9404; 0
; 9425; 0
; 9446; 0
; 9467; 0
; 9489; 0
; 9509; 0
; 9530; 0
; 9551; 0
; 9573; 0
; 9594; 0
; 9616; 0
; 9637; 0
; 9659; 0
; 9679; 0
; 9701; 0
; 9722; 0
; 9743; 0
; 9765; 0
; 9785; 0
; 9805; 0
; 9826; 0
; 9848; 0
; 9869; 0
; 9890; 0
; 9911; 0
; 9932; 0
; 9953; 0
; 9974; 0
; 9995; 0
; 10017; 0
; 10038; 0
; 10059; 0
; 10080; 0
; 10102; 0
; 10122; 0
; 10142; 0
; 10163; 0
; 10185; 0
; 10205; 0
; 10226; 0
; 10248; 0
; 10269; 0
; 10291; 0
; 10312; 0
; 10334; 0
; 10355; 0
; 10377; 0
; 10398; 0
; 10420; 0
; 10441; 0
; 10463; 0
; 10484; 0
; 10504; 0
; 10525; 0
; 10546; 0
; 10567; 0
; 10588; 0
; 10610; 0
; 10631; 0
; 10653; 0
; 10674; 0
; 10696; 0
; 10717; 0
; 10738; 0
; 10760; 0
; 10781; 0
; 10803; 0
; 10823; 0
; 10844; 0
; 10866; 0
; 10887; 0
; 10909; 0
; 10931; 0
; 10952; 0
; 10974; 0
; 10994; 0
; 11015; 0
; 11037; 0
; 11058; 0
; 11080; 0
; 11101; 0
; 11121; 0
; 11143; 0
; 11164; 0
; 11186; 0
; 11207; 0
; 11228; 0
; 11249; 0
; 11270; 0
; 11292; 0
; 11313; 0
; 11335; 0
; 11356; 0
; 11378; 0
; 11399; 0
; 11420; 0
; 11441; 0
; 11463; 0
; 11483; 0
; 11505; 0
; 11526; 0
; 11546; 0
; 11567; 0
; 11589; 0
; 11610; 0
; 11630; 0
; 11651; 0
; 11673; 0
; 11694; 0
; 11716; 0
; 11737; 0
; 11759; 0
; 11780; 0
; 11802; 0
; 11822; 0
; 11844; 0
; 11865; 0
; 11887; 0
; 11908; 0
; 11929; 0
; 11951; 0
; 11972; 0
; 11993; 0
; 12013; 0
; 12034; 0
; 12056; 0
; 12077; 0
; 12099; 0
; 12120; 0
; 12141; 0
; 12163; 0
; 12184; 0
; 12206; 0
; 12227; 0
; 12249; 0
; 12270; 0
; 12292; 0
; 12313; 0
; 12334; 0
; 12356; 0
; 12377; 0
; 12399; 0
; 12419; 0
; 12440; 0
; 12462; 0
; 12483; 0
; 12505; 0
; 12525; 0
; 12546; 0
; 12568; 0
; 12589; 0
; 12611; 0
; 12631; 0
; 12652; 0
; 12674; 0
; 12695; 0
; 12716; 0
; 12737; 0
; 12756; 0
; 12778; 0
; 12798; 0
; 12819; 0
; 12841; 0
; 12862; 0
; 12884; 0
; 12905; 0
; 12925; 0
; 12947; 0
; 12968; 0
; 12990; 0
; 13011; 0
; 13031; 0
; 13053; 0
; 13075; 0
; 13095; 0
; 13117; 0
; 13136; 0
; 13157; 0
; 13178; 0
; 13200; 0
; 13220; 0
; 13242; 0
; 13263; 0
; 13284; 0
; 13305; 0
; 13325; 0
; 13347; 0
; 13368; 0
; 13390; 0
; 13411; 0
; 13431; 0
; 13453; 0
; 13474; 0
; 13496; 0
; 13517; 0
; 13538; 0
; 13559; 0
; 13581; 0
; 13602; 0
; 13624; 0
; 13645; 0
; 13667; 0
; 13688; 0
; 13710; 0
; 13731; 0
; 13752; 0
; 13774; 0
; 13795; 0
; 13817; 0
; 13837; 0
; 13858; 0
; 13880; 0
; 13901; 0
; 13921; 0
; 13942; 0
; 13963; 0
; 13985; 0
; 14006; 0
; 14027; 0
; 14049; 0
; 14070; 0
; 14092; 0
; 14113; 0
; 14134; 0
; 14155; 0
; 14176; 0
; 14198; 0
; 14219; 0
; 14240; 0
; 14261; 0
; 14283; 0
; 14303; 0
; 14323; 0
; 14345; 0
; 14366; 0
; 14388; 0
; 14409; 0
; 14430; 0
; 14450; 0
; 14472; 0
; 14493; 0
; 14515; 0
; 14535; 0
; 14556; 0
; 14577; 0
; 14598; 0
; 14620; 0
; 14640; 0
; 14660; 0
; 14681; 0
; 14703; 0
; 14725; 0
; 14745; 0
; 14766; 0
; 14787; 0
; 14809; 0
; 14831; 0
; 14852; 0
; 14874; 0
; 14895; 0
; 14916; 0
; 14937; 0
; 14958; 0
; 14980; 0
; 15001; 0
; 15023; 0
; 15045; 0
; 15065; 0
; 15085; 0
; 15106; 0
; 15127; 0
; 15149; 0
; 15170; 0
; 15192; 0
; 15213; 0
; 15233; 0
; 15255; 0
; 15276; 0
; 15298; 0
; 15318; 0
; 15339; 0
; 15360; 0
; 15382; 0
; 15402; 0
; 15422; 0
; 15444; 0
; 15465; 0
; 15486; 0
; 15507; 0
; 15528; 0
; 15549; 0
; 15571; 0
; 15592; 0
; 15614; 0
; 15634; 0
; 15655; 0
; 15677; 0
; 15699; 0
; 15720; 0
; 15740; 0
; 15762; 0
; 15783; 0
; 15805; 0
; 15826; 0
; 15847; 0
; 15867; 0
; 15889; 0
; 15909; 0
; 15930; 0
; 15951; 0
; 15973; 0
; 15994; 0
; 16015; 0
; 16037; 0
; 16059; 0
; 16080; 0
; 16101; 0
; 16123; 0
; 16143; 0
; 16165; 0
; 16186; 0
; 16207; 0
; 16228; 0
; 16249; 0
; 16271; 0
; 16293; 0
; 16314; 0
; 16336; 0
; 16357; 0
; 16379; 0
; 16400; 0
; 16422; 0
; 16442; 0
; 16463; 0
; 16483; 0
; 16505; 0
; 16526; 0
; 16548; 0
; 16569; 0
; 16590; 0
; 16612; 0
; 16633; 0
; 16655; 0
; 16676; 0
; 16698; 0
; 16718; 0
; 16739; 0
; 16761; 0
; 16782; 0
; 16804; 0
; 16825; 0
; 16846; 0
; 16868; 0
; 16889; 0
; 16910; 0
; 16930; 0
; 16951; 0
; 16973; 0
; 16994; 0
; 17015; 0
; 17035; 0
; 17057; 0
; 17078; 0
; 17099; 0
; 17120; 0
; 17141; 0
; 17163; 0
; 17184; 0
; 17206; 0
; 17228; 0
; 17249; 0
; 17271; 0
; 17292; 0
; 17314; 0
; 17334; 0
; 17355; 0
; 17375; 0
; 17395; 0
; 17417; 0
; 17438; 0
; 17460; 0
; 17481; 0
; 17503; 0
; 17524; 0
; 17544; 0
; 17565; 0
; 17587; 0
; 17608; 0
; 17629; 0
; 17650; 0
; 17671; 0
; 17691; 0
; 17713; 0
; 17734; 0
; 17756; 0
; 17777; 0
; 17799; 0
; 17820; 0
; 17841; 0
; 17862; 0
; 17884; 0
; 17905; 0
; 17925; 0
; 17945; 0
; 17966; 0
; 17988; 0
; 18009; 0
; 18029; 0
; 18051; 0
; 18072; 0
; 18094; 0
; 18115; 0
; 18136; 0
; 18158; 0
; 18179; 0
; 18200; 0
; 18222; 0
; 18243; 0
; 18265; 0
; 18286; 0
; 18308; 0
; 18328; 0
; 18348; 0
; 18369; 0
; 18390; 0
; 18411; 0
; 18431; 0
; 18451; 0
; 18472; 0
; 18493; 0
; 18514; 0
; 18535; 0
; 18556; 0
; 18578; 0
; 18599; 0
; 18621; 0
; 18642; 0
; 18663; 0
; 18685; 0
; 18707; 0
; 18728; 0
; 18748; 0
; 18770; 0
; 18791; 0
; 18813; 0
; 18833; 0
; 18854; 0
; 18875; 0
; 18896; 0
; 18918; 0
; 18939; 0
; 18960; 0
; 18981; 0
; 19002; 0
; 19024; 0
; 19045; 0
; 19065; 0
; 19086; 0
; 19107; 0
; 19129; 0
; 19149; 0
; 19170; 0
; 19191; 0
; 19212; 0
; 19233; 0
; 19254; 0
; 19275; 0
; 19297; 0
; 19316; 0
; 19337; 0
; 19359; 0
; 19380; 0
; 19402; 0
; 19423; 0
; 19443; 0
; 19464; 0
; 19485; 0
; 19507; 0
; 19527; 0
; 19549; 0
; 19570; 0
; 19592; 0
; 19613; 0
; 19634; 0
; 19655; 0
; 19676; 0
; 19697; 0
; 19718; 0
; 19738; 0
; 19760; 0
; 19780; 0
; 19801; 0
; 19822; 0
; 19843; 0
; 19865; 0
; 19886; 0
; 19908; 0
; 19928; 0
; 19949; 0
; 19970; 0
; 19991; 0
; 20013; 0
; 20033; 0
; 20055; 0
; 20076; 0
; 20098; 0
; 20119; 0
; 20139; 0
; 20161; 0
; 20182; 0
; 20204; 0
; 20225; 0
; 20245; 0
; 20267; 0
; 20288; 0
; 20310; 0
; 20330; 0
; 20350; 0
; 20371; 0
; 20392; 0
; 20414; 0
; 20435; 0
; 20457; 0
; 20478; 0
; 20500; 0
; 20521; 0
; 20542; 0
; 20564; 0
; 20585; 0
; 20607; 0
; 20628; 0
; 20649; 0
; 20671; 0
; 20692; 0
; 20713; 0
; 20735; 0
6.Variable; PLC_PRG.level
6.Address.AddrFlags; 0x00000000
6.Class; 14
6.Size; 4
6.GraphColor; 4289014314
6.GraphType; 1
6.MinWarningColor; 4278190080
6.MaxWarningColor; 4294901760
6.CriticalLowerLimit; 0
6.CriticalUpperLimit; 0
6.ActivateMinWarning; 0
6.ActivateMaxWarning; 0
6.YAxis; 0
6.Data; 
; 11; 50
; 33; 50
; 54; 50
; 76; 50
; 96; 50
; 117; 50
; 139; 50
; 160; 50
; 181; 50
; 202; 50
; 223; 50
; 245; 50
; 266; 50
; 288; 50
; 308; 50
; 329; 50
; 350; 50
; 372; 50
; 393; 50
; 415; 50
; 436; 50
; 458; 50
; 479; 50
; 500; 50
; 522; 50
; 543; 50
; 565; 50
; 585; 50
; 605; 50
; 627; 50
; 648; 50
; 669; 50.001033782958984
; 691; 50.002101898193359
; 712; 50.003208160400391
; 734; 50.004348754882813
; 755; 50.005523681640625
; 777; 50.006732940673828
; 797; 50.007976531982422
; 818; 50.009258270263672
; 840; 50.010574340820313
; 861; 50.011924743652344
; 883; 50.013309478759766
; 903; 50.014728546142578
; 923; 50.016181945800781
; 944; 50.017673492431641
; 965; 50.019199371337891
; 987; 50.020759582519531
; 1007; 50.022354125976563
; 1028; 50.023983001708984
; 1050; 50.0256462097168
; 1070; 50.027347564697266
; 1092; 50.029083251953125
; 1113; 50.030853271484375
; 1134; 50.032657623291016
; 1156; 50.034496307373047
; 1177; 50.036373138427734
; 1197; 50.038284301757813
; 1219; 50.040229797363281
; 1240; 50.042209625244141
; 1262; 50.044223785400391
; 1283; 50.046272277832031
; 1304; 50.048358917236328
; 1325; 50.050479888916016
; 1346; 50.052635192871094
; 1367; 50.054824829101563
; 1389; 50.057048797607422
; 1410; 50.059307098388672
; 1432; 50.061603546142578
; 1453; 50.063934326171875
; 1475; 50.066299438476563
; 1496; 50.068698883056641
; 1517; 50.071132659912109
; 1539; 50.073600769042969
; 1560; 50.076107025146484
; 1582; 50.078647613525391
; 1602; 50.081222534179688
; 1623; 50.083831787109375
; 1644; 50.086475372314453
; 1665; 50.089157104492188
; 1687; 50.091873168945313
; 1708; 50.094623565673828
; 1728; 50.097408294677734
; 1749; 50.100227355957031
; 1770; 50.103080749511719
; 1792; 50.105972290039063
; 1812; 50.1088981628418
; 1832; 50.111858367919922
; 1854; 50.114852905273438
; 1875; 50.117881774902344
; 1897; 50.120944976806641
; 1918; 50.124046325683594
; 1940; 50.127182006835938
; 1961; 50.130352020263672
; 1983; 50.1335563659668
; 2004; 50.136795043945313
; 2025; 50.140071868896484
; 2045; 50.143383026123047
; 2067; 50.146728515625
; 2088; 50.150108337402344
; 2109; 50.153522491455078
; 2130; 50.1569709777832
; 2151; 50.160457611083984
; 2173; 50.163978576660156
; 2194; 50.167533874511719
; 2215; 50.171123504638672
; 2235; 50.174747467041016
; 2256; 50.17840576171875
; 2276; 50.182102203369141
; 2298; 50.185832977294922
; 2319; 50.189598083496094
; 2339; 50.193397521972656
; 2361; 50.197231292724609
; 2382; 50.201099395751953
; 2402; 50.205005645751953
; 2424; 50.208946228027344
; 2445; 50.212921142578125
; 2467; 50.2169303894043
; 2487; 50.220973968505859
; 2508; 50.225055694580078
; 2530; 50.229171752929688
; 2551; 50.233322143554688
; 2572; 50.237506866455078
; 2593; 50.241725921630859
; 2615; 50.245979309082031
; 2636; 50.250270843505859
; 2658; 50.254596710205078
; 2679; 50.258956909179688
; 2699; 50.263351440429688
; 2721; 50.267780303955078
; 2742; 50.272243499755859
; 2764; 50.2767448425293
; 2785; 50.281280517578125
; 2807; 50.285850524902344
; 2828; 50.290454864501953
; 2850; 50.295093536376953
; 2871; 50.299770355224609
; 2893; 50.304481506347656
; 2914; 50.309226989746094
; 2935; 50.314006805419922
; 2957; 50.318820953369141
; 2978; 50.32366943359375
; 3000; 50.328556060791016
; 3022; 50.333477020263672
; 3043; 50.338432312011719
; 3065; 50.343421936035156
; 3086; 50.348445892333984
; 3106; 50.3535041809082
; 3128; 50.358600616455078
; 3149; 50.363731384277344
; 3171; 50.368896484375
; 3192; 50.374095916748047
; 3212; 50.379329681396484
; 3234; 50.384597778320313
; 3255; 50.3899040222168
; 3276; 50.395244598388672
; 3296; 50.400619506835938
; 3318; 50.406028747558594
; 3338; 50.411472320556641
; 3359; 50.416954040527344
; 3381; 50.422470092773438
; 3401; 50.428020477294922
; 3422; 50.4336051940918
; 3444; 50.439224243164063
; 3465; 50.444877624511719
; 3487; 50.450569152832031
; 3508; 50.456295013427734
; 3530; 50.462055206298828
; 3551; 50.467849731445313
; 3573; 50.473678588867188
; 3593; 50.479541778564453
; 3614; 50.485443115234375
; 3633; 50.491378784179688
; 3654; 50.497348785400391
; 3674; 50.503353118896484
; 3695; 50.509391784667969
; 3717; 50.515468597412109
; 3738; 50.521579742431641
; 3760; 50.527725219726563
; 3781; 50.533905029296875
; 3802; 50.540119171142578
; 3822; 50.546367645263672
; 3843; 50.552654266357422
; 3865; 50.558975219726563
; 3886; 50.565330505371094
; 3906; 50.571720123291016
; 3928; 50.578144073486328
; 3949; 50.584602355957031
; 3971; 50.591098785400391
; 3992; 50.597629547119141
; 4012; 50.604194641113281
; 4034; 50.610794067382813
; 4055; 50.617427825927734
; 4077; 50.624095916748047
; 4098; 50.630802154541016
; 4119; 50.637542724609375
; 4140; 50.644317626953125
; 4161; 50.651126861572266
; 4183; 50.6579704284668
; 4203; 50.664852142333984
; 4225; 50.671768188476563
; 4246; 50.678718566894531
; 4268; 50.685703277587891
; 4289; 50.692722320556641
; 4309; 50.699775695800781
; 4331; 50.706867218017578
; 4351; 50.713993072509766
; 4372; 50.721153259277344
; 4394; 50.728347778320313
; 4415; 50.735576629638672
; 4437; 50.742839813232422
; 4458; 50.750141143798828
; 4480; 50.757476806640625
; 4501; 50.764846801757813
; 4522; 50.772251129150391
; 4544; 50.779689788818359
; 4565; 50.787166595458984
; 4587; 50.794677734375
; 4608; 50.802223205566406
; 4629; 50.8098030090332
; 4651; 50.817417144775391
; 4671; 50.825065612792969
; 4693; 50.8327522277832
; 4714; 50.840473175048828
; 4735; 50.848228454589844
; 4757; 50.85601806640625
; 4778; 50.863842010498047
; 4800; 50.871700286865234
; 4820; 50.879596710205078
; 4841; 50.887527465820313
; 4863; 50.895492553710938
; 4884; 50.903491973876953
; 4904; 50.911525726318359
; 4925; 50.919593811035156
; 4946; 50.927700042724609
; 4968; 50.935840606689453
; 4989; 50.944015502929688
; 5010; 50.952224731445313
; 5032; 50.960468292236328
; 5052; 50.96875
; 5074; 50.977066040039063
; 5094; 50.985416412353516
; 5116; 50.993801116943359
; 5136; 51.002220153808594
; 5158; 51.010673522949219
; 5179; 51.0191650390625
; 5201; 51.027690887451172
; 5222; 51.036251068115234
; 5244; 51.044845581054688
; 5265; 51.053474426269531
; 5287; 51.062137603759766
; 5308; 51.070838928222656
; 5329; 51.079574584960938
; 5351; 51.088344573974609
; 5372; 51.097148895263672
; 5394; 51.105987548828125
; 5415; 51.114864349365234
; 5436; 51.123775482177734
; 5458; 51.132720947265625
; 5479; 51.141700744628906
; 5501; 51.150714874267578
; 5521; 51.159763336181641
; 5542; 51.168849945068359
; 5564; 51.177970886230469
; 5585; 51.187126159667969
; 5605; 51.196315765380859
; 5627; 51.205539703369141
; 5648; 51.214797973632813
; 5670; 51.224094390869141
; 5691; 51.233425140380859
; 5711; 51.242790222167969
; 5733; 51.252189636230469
; 5754; 51.261623382568359
; 5776; 51.271091461181641
; 5797; 51.280597686767578
; 5817; 51.290138244628906
; 5839; 51.299713134765625
; 5860; 51.309322357177734
; 5882; 51.318965911865234
; 5903; 51.328647613525391
; 5924; 51.338363647460938
; 5944; 51.348114013671875
; 5966; 51.3578987121582
; 5987; 51.367717742919922
; 6008; 51.377571105957031
; 6030; 51.3874626159668
; 6051; 51.397388458251953
; 6073; 51.4073486328125
; 6094; 51.417343139648438
; 6114; 51.427371978759766
; 6136; 51.437435150146484
; 6157; 51.447536468505859
; 6179; 51.457672119140625
; 6200; 51.467842102050781
; 6221; 51.478046417236328
; 6243; 51.488285064697266
; 6264; 51.498561859130859
; 6286; 51.508872985839844
; 6306; 51.519218444824219
; 6328; 51.529598236083984
; 6349; 51.540012359619141
; 6370; 51.550460815429688
; 6391; 51.560947418212891
; 6413; 51.571468353271484
; 6434; 51.582023620605469
; 6456; 51.592613220214844
; 6478; 51.603237152099609
; 6498; 51.613895416259766
; 6520; 51.624591827392578
; 6540; 51.635322570800781
; 6562; 51.646087646484375
; 6583; 51.656887054443359
; 6605; 51.667720794677734
; 6626; 51.6785888671875
; 6646; 51.689495086669922
; 6667; 51.700435638427734
; 6688; 51.711410522460938
; 6710; 51.722419738769531
; 6731; 51.733463287353516
; 6753; 51.744544982910156
; 6774; 51.755661010742188
; 6796; 51.766811370849609
; 6816; 51.777996063232422
; 6837; 51.789215087890625
; 6859; 51.800468444824219
; 6880; 51.811759948730469
; 6902; 51.823085784912109
; 6922; 51.834445953369141
; 6943; 51.845840454101563
; 6965; 51.857269287109375
; 6986; 51.868732452392578
; 7008; 51.880233764648438
; 7030; 51.891769409179688
; 7051; 51.903339385986328
; 7073; 51.914943695068359
; 7094; 51.926582336425781
; 7114; 51.938259124755859
; 7134; 51.949970245361328
; 7156; 51.961715698242188
; 7177; 51.973495483398438
; 7199; 51.985309600830078
; 7220; 51.997158050537109
; 7242; 52.0090446472168
; 7263; 52.020965576171875
; 7284; 52.032920837402344
; 7306; 52.0449104309082
; 7326; 52.056934356689453
; 7347; 52.068992614746094
; 7368; 52.081089019775391
; 7390; 52.093219757080078
; 7411; 52.105384826660156
; 7432; 52.117584228515625
; 7454; 52.129817962646484
; 7475; 52.142086029052734
; 7497; 52.154392242431641
; 7517; 52.166732788085938
; 7538; 52.179107666015625
; 7560; 52.1915168762207
; 7581; 52.203960418701172
; 7603; 52.2164421081543
; 7623; 52.228958129882813
; 7644; 52.241508483886719
; 7665; 52.254093170166016
; 7685; 52.2667121887207
; 7705; 52.279365539550781
; 7726; 52.292057037353516
; 7748; 52.304782867431641
; 7769; 52.317543029785156
; 7790; 52.330337524414063
; 7812; 52.343166351318359
; 7833; 52.356029510498047
; 7855; 52.368930816650391
; 7877; 52.381866455078125
; 7898; 52.39483642578125
; 7920; 52.407840728759766
; 7941; 52.420879364013672
; 7963; 52.433956146240234
; 7984; 52.447067260742188
; 8006; 52.460212707519531
; 8026; 52.473392486572266
; 8047; 52.486606597900391
; 8069; 52.499855041503906
; 8090; 52.513141632080078
; 8110; 52.526462554931641
; 8132; 52.539817810058594
; 8152; 52.553207397460938
; 8174; 52.566631317138672
; 8195; 52.5800895690918
; 8215; 52.593585968017578
; 8237; 52.60711669921875
; 8258; 52.620681762695313
; 8280; 52.634281158447266
; 8301; 52.647914886474609
; 8322; 52.661582946777344
; 8344; 52.675289154052734
; 8364; 52.689029693603516
; 8386; 52.702804565429688
; 8408; 52.71661376953125
; 8429; 52.7304573059082
; 8451; 52.744338989257813
; 8470; 52.758255004882813
; 8492; 52.7722053527832
; 8513; 52.786190032958984
; 8534; 52.800209045410156
; 8556; 52.814262390136719
; 8577; 52.828353881835938
; 8599; 52.842479705810547
; 8619; 52.856639862060547
; 8639; 52.870834350585938
; 8661; 52.885063171386719
; 8682; 52.899326324462891
; 8704; 52.913627624511719
; 8725; 52.927963256835938
; 8747; 52.942333221435547
; 8767; 52.956737518310547
; 8789; 52.971176147460938
; 8810; 52.985652923583984
; 8831; 53.000164031982422
; 8853; 53.01470947265625
; 8874; 53.029289245605469
; 8896; 53.043903350830078
; 8916; 53.058551788330078
; 8937; 53.073238372802734
; 8959; 53.087959289550781
; 8979; 53.102714538574219
; 9000; 53.117504119873047
; 9020; 53.132328033447266
; 9041; 53.147186279296875
; 9063; 53.162082672119141
; 9084; 53.1770133972168
; 9106; 53.191978454589844
; 9126; 53.206977844238281
; 9147; 53.222011566162109
; 9169; 53.237079620361328
; 9190; 53.2521858215332
; 9212; 53.267326354980469
; 9234; 53.282501220703125
; 9255; 53.297710418701172
; 9276; 53.312953948974609
; 9297; 53.3282356262207
; 9318; 53.343551635742188
; 9340; 53.358901977539063
; 9361; 53.374286651611328
; 9383; 53.389705657958984
; 9404; 53.405158996582031
; 9425; 53.420650482177734
; 9446; 53.436176300048828
; 9467; 53.451736450195313
; 9489; 53.467330932617188
; 9509; 53.482959747314453
; 9530; 53.498622894287109
; 9551; 53.514324188232422
; 9573; 53.530059814453125
; 9594; 53.545829772949219
; 9616; 53.5616340637207
; 9637; 53.577472686767578
; 9659; 53.593349456787109
; 9679; 53.609260559082031
; 9701; 53.625205993652344
; 9722; 53.641185760498047
; 9743; 53.657199859619141
; 9765; 53.673248291015625
; 9785; 53.689334869384766
; 9805; 53.7054557800293
; 9826; 53.721611022949219
; 9848; 53.737800598144531
; 9869; 53.754024505615234
; 9890; 53.770282745361328
; 9911; 53.786579132080078
; 9932; 53.802909851074219
; 9953; 53.81927490234375
; 9974; 53.835674285888672
; 9995; 53.852108001708984
; 10017; 53.868576049804688
; 10038; 53.885082244873047
; 10059; 53.9016227722168
; 10080; 53.918197631835938
; 10102; 53.934806823730469
; 10122; 53.951450347900391
; 10142; 53.968132019042969
; 10163; 53.984848022460938
; 10185; 54.0015983581543
; 10205; 54.018383026123047
; 10226; 54.035202026367188
; 10248; 54.052055358886719
; 10269; 54.068946838378906
; 10291; 54.085872650146484
; 10312; 54.102832794189453
; 10334; 54.119827270507813
; 10355; 54.136856079101563
; 10377; 54.1539192199707
; 10398; 54.1710205078125
; 10420; 54.188156127929688
; 10441; 54.205326080322266
; 10463; 54.222530364990234
; 10484; 54.239768981933594
; 10504; 54.257045745849609
; 10525; 54.274356842041016
; 10546; 54.291702270507813
; 10567; 54.30908203125
; 10588; 54.326496124267578
; 10610; 54.343944549560547
; 10631; 54.361431121826172
; 10653; 54.378952026367188
; 10674; 54.396507263183594
; 10696; 54.414096832275391
; 10717; 54.431720733642578
; 10738; 54.449378967285156
; 10760; 54.467075347900391
; 10781; 54.484806060791016
; 10803; 54.502571105957031
; 10823; 54.520370483398438
; 10844; 54.538204193115234
; 10866; 54.556072235107422
; 10887; 54.573978424072266
; 10909; 54.5919189453125
; 10931; 54.609893798828125
; 10952; 54.627902984619141
; 10974; 54.645946502685547
; 10994; 54.664028167724609
; 11015; 54.682144165039063
; 11037; 54.700294494628906
; 11058; 54.718479156494141
; 11080; 54.736698150634766
; 11101; 54.754951477050781
; 11121; 54.773242950439453
; 11143; 54.791568756103516
; 11164; 54.809928894042969
; 11186; 54.828323364257813
; 11207; 54.846752166748047
; 11228; 54.865215301513672
; 11249; 54.883716583251953
; 11270; 54.902252197265625
; 11292; 54.920822143554688
; 11313; 54.939426422119141
; 11335; 54.958065032958984
; 11356; 54.976741790771484
; 11378; 54.995452880859375
; 11399; 55.014198303222656
; 11420; 55.032928466796875
; 11441; 55.051643371582031
; 11463; 55.070343017578125
; 11483; 55.089027404785156
; 11505; 55.107696533203125
; 11526; 55.126350402832031
; 11546; 55.144989013671875
; 11567; 55.163612365722656
; 11589; 55.182220458984375
; 11610; 55.2008171081543
; 11630; 55.219398498535156
; 11651; 55.237964630126953
; 11673; 55.256515502929688
; 11694; 55.275051116943359
; 11716; 55.293571472167969
; 11737; 55.312076568603516
; 11759; 55.33056640625
; 11780; 55.349040985107422
; 11802; 55.367500305175781
; 11822; 55.385944366455078
; 11844; 55.404373168945313
; 11865; 55.422786712646484
; 11887; 55.441184997558594
; 11908; 55.459571838378906
; 11929; 55.477943420410156
; 11951; 55.496299743652344
; 11972; 55.514640808105469
; 11993; 55.532966613769531
; 12013; 55.551277160644531
; 12034; 55.569572448730469
; 12056; 55.587852478027344
; 12077; 55.606117248535156
; 12099; 55.624366760253906
; 12120; 55.642601013183594
; 12141; 55.660820007324219
; 12163; 55.679023742675781
; 12184; 55.697212219238281
; 12206; 55.715385437011719
; 12227; 55.733547210693359
; 12249; 55.751693725585938
; 12270; 55.769824981689453
; 12292; 55.787940979003906
; 12313; 55.8060417175293
; 12334; 55.824127197265625
; 12356; 55.842197418212891
; 12377; 55.860252380371094
; 12399; 55.878292083740234
; 12419; 55.896316528320313
; 12440; 55.914325714111328
; 12462; 55.932319641113281
; 12483; 55.950298309326172
; 12505; 55.96826171875
; 12525; 55.986209869384766
; 12546; 56.004146575927734
; 12568; 56.022068023681641
; 12589; 56.039974212646484
; 12611; 56.057865142822266
; 12631; 56.075740814208984
; 12652; 56.093601226806641
; 12674; 56.111446380615234
; 12695; 56.129276275634766
; 12716; 56.147090911865234
; 12737; 56.164890289306641
; 12756; 56.182674407958984
; 12778; 56.200443267822266
; 12798; 56.218196868896484
; 12819; 56.235935211181641
; 12841; 56.253658294677734
; 12862; 56.271369934082031
; 12884; 56.289066314697266
; 12905; 56.306747436523438
; 12925; 56.324413299560547
; 12947; 56.342063903808594
; 12968; 56.359699249267578
; 12990; 56.3773193359375
; 13011; 56.394924163818359
; 13031; 56.412513732910156
; 13053; 56.430088043212891
; 13075; 56.447647094726563
; 13095; 56.465190887451172
; 13117; 56.482719421386719
; 13136; 56.5002326965332
; 13157; 56.517734527587891
; 13178; 56.535221099853516
; 13200; 56.552692413330078
; 13220; 56.570148468017578
; 13242; 56.587589263916016
; 13263; 56.605014801025391
; 13284; 56.6224250793457
; 13305; 56.639820098876953
; 13325; 56.657199859619141
; 13347; 56.674564361572266
; 13368; 56.691913604736328
; 13390; 56.709247589111328
; 13411; 56.726566314697266
; 13431; 56.743869781494141
; 13453; 56.761157989501953
; 13474; 56.778434753417969
; 13496; 56.795696258544922
; 13517; 56.812942504882813
; 13538; 56.830173492431641
; 13559; 56.847389221191406
; 13581; 56.864589691162109
; 13602; 56.88177490234375
; 13624; 56.898944854736328
; 13645; 56.916099548339844
; 13667; 56.9332389831543
; 13688; 56.950363159179688
; 13710; 56.967472076416016
; 13731; 56.984565734863281
; 13752; 57.001644134521484
; 13774; 57.018707275390625
; 13795; 57.035758972167969
; 13817; 57.05279541015625
; 13837; 57.069816589355469
; 13858; 57.086822509765625
; 13880; 57.103813171386719
; 13901; 57.12078857421875
; 13921; 57.137748718261719
; 13942; 57.154693603515625
; 13963; 57.171623229980469
; 13985; 57.18853759765625
; 14006; 57.205436706542969
; 14027; 57.222320556640625
; 14049; 57.239189147949219
; 14070; 57.25604248046875
; 14092; 57.272884368896484
; 14113; 57.289710998535156
; 14134; 57.306522369384766
; 14155; 57.323318481445313
; 14176; 57.3400993347168
; 14198; 57.356864929199219
; 14219; 57.373615264892578
; 14240; 57.390350341796875
; 14261; 57.407070159912109
; 14283; 57.423774719238281
; 14303; 57.440464019775391
; 14323; 57.457138061523438
; 14345; 57.473796844482422
; 14366; 57.490440368652344
; 14388; 57.5070686340332
; 14409; 57.523685455322266
; 14430; 57.540287017822266
; 14450; 57.5568733215332
; 14472; 57.573444366455078
; 14493; 57.590000152587891
; 14515; 57.606540679931641
; 14535; 57.623065948486328
; 14556; 57.639575958251953
; 14577; 57.656070709228516
; 14598; 57.672550201416016
; 14620; 57.689014434814453
; 14640; 57.705463409423828
; 14660; 57.721897125244141
; 14681; 57.738315582275391
; 14703; 57.754718780517578
; 14725; 57.771110534667969
; 14745; 57.7874870300293
; 14766; 57.803848266601563
; 14787; 57.820194244384766
; 14809; 57.836524963378906
; 14831; 57.852840423583984
; 14852; 57.869140625
; 14874; 57.885425567626953
; 14895; 57.901695251464844
; 14916; 57.917949676513672
; 14937; 57.934188842773438
; 14958; 57.950412750244141
; 14980; 57.966621398925781
; 15001; 57.982814788818359
; 15023; 57.998992919921875
; 15045; 58.015159606933594
; 15065; 58.03131103515625
; 15085; 58.047447204589844
; 15106; 58.063568115234375
; 15127; 58.079673767089844
; 15149; 58.09576416015625
; 15170; 58.111839294433594
; 15192; 58.127899169921875
; 15213; 58.143943786621094
; 15233; 58.15997314453125
; 15255; 58.175987243652344
; 15276; 58.191986083984375
; 15298; 58.207969665527344
; 15318; 58.22393798828125
; 15339; 58.239894866943359
; 15360; 58.255836486816406
; 15382; 58.271762847900391
; 15402; 58.287673950195313
; 15422; 58.303569793701172
; 15444; 58.319450378417969
; 15465; 58.3353157043457
; 15486; 58.351165771484375
; 15507; 58.367000579833984
; 15528; 58.382820129394531
; 15549; 58.398624420166016
; 15571; 58.414413452148438
; 15592; 58.4301872253418
; 15614; 58.445945739746094
; 15634; 58.461688995361328
; 15655; 58.477420806884766
; 15677; 58.493137359619141
; 15699; 58.508838653564453
; 15720; 58.5245246887207
; 15740; 58.540195465087891
; 15762; 58.555850982666016
; 15783; 58.571491241455078
; 15805; 58.587116241455078
; 15826; 58.602725982666016
; 15847; 58.618320465087891
; 15867; 58.6338996887207
; 15889; 58.649463653564453
; 15909; 58.665012359619141
; 15930; 58.680545806884766
; 15951; 58.696063995361328
; 15973; 58.711570739746094
; 15994; 58.7270622253418
; 16015; 58.742538452148438
; 16037; 58.757999420166016
; 16059; 58.773445129394531
; 16080; 58.788875579833984
; 16101; 58.804290771484375
; 16123; 58.8196907043457
; 16143; 58.835075378417969
; 16165; 58.850444793701172
; 16186; 58.865798950195313
; 16207; 58.881137847900391
; 16228; 58.896461486816406
; 16249; 58.911769866943359
; 16271; 58.927066802978516
; 16293; 58.942348480224609
; 16314; 58.957614898681641
; 16336; 58.972866058349609
; 16357; 58.988101959228516
; 16379; 59.003322601318359
; 16400; 59.018527984619141
; 16422; 59.033718109130859
; 16442; 59.048892974853516
; 16463; 59.064052581787109
; 16483; 59.079196929931641
; 16505; 59.094326019287109
; 16526; 59.109439849853516
; 16548; 59.124538421630859
; 16569; 59.139621734619141
; 16590; 59.154693603515625
; 16612; 59.169750213623047
; 16633; 59.184791564941406
; 16655; 59.1998176574707
; 16676; 59.214828491210938
; 16698; 59.229824066162109
; 16718; 59.244804382324219
; 16739; 59.259769439697266
; 16761; 59.27471923828125
; 16782; 59.289653778076172
; 16804; 59.304573059082031
; 16825; 59.319477081298828
; 16846; 59.334365844726563
; 16868; 59.349239349365234
; 16889; 59.364097595214844
; 16910; 59.378944396972656
; 16930; 59.393775939941406
; 16951; 59.408592224121094
; 16973; 59.423393249511719
; 16994; 59.438179016113281
; 17015; 59.452949523925781
; 17035; 59.467704772949219
; 17057; 59.482444763183594
; 17078; 59.497169494628906
; 17099; 59.511878967285156
; 17120; 59.526573181152344
; 17141; 59.541252136230469
; 17163; 59.555915832519531
; 17184; 59.570564270019531
; 17206; 59.585201263427734
; 17228; 59.599822998046875
; 17249; 59.614429473876953
; 17271; 59.629020690917969
; 17292; 59.643596649169922
; 17314; 59.658157348632813
; 17334; 59.672702789306641
; 17355; 59.687232971191406
; 17375; 59.701747894287109
; 17395; 59.71624755859375
; 17417; 59.730731964111328
; 17438; 59.745201110839844
; 17460; 59.7596549987793
; 17481; 59.774093627929688
; 17503; 59.788516998291016
; 17524; 59.802928924560547
; 17544; 59.817325592041016
; 17565; 59.831707000732422
; 17587; 59.846073150634766
; 17608; 59.860424041748047
; 17629; 59.874759674072266
; 17650; 59.889080047607422
; 17671; 59.903385162353516
; 17691; 59.917675018310547
; 17713; 59.931949615478516
; 17734; 59.946208953857422
; 17756; 59.960453033447266
; 17777; 59.974681854248047
; 17799; 59.988895416259766
; 17820; 60.003093719482422
; 17841; 60.017280578613281
; 17862; 60.031452178955078
; 17884; 60.045608520507813
; 17905; 60.059749603271484
; 17925; 60.073875427246094
; 17945; 60.087985992431641
; 17966; 60.102081298828125
; 17988; 60.116161346435547
; 18009; 60.130226135253906
; 18029; 60.1442756652832
; 18051; 60.158309936523438
; 18072; 60.172328948974609
; 18094; 60.186332702636719
; 18115; 60.200321197509766
; 18136; 60.21429443359375
; 18158; 60.228256225585938
; 18179; 60.242202758789063
; 18200; 60.256134033203125
; 18222; 60.270050048828125
; 18243; 60.283950805664063
; 18265; 60.297836303710938
; 18286; 60.31170654296875
; 18308; 60.3255615234375
; 18328; 60.339401245117188
; 18348; 60.353225708007813
; 18369; 60.367034912109375
; 18390; 60.380828857421875
; 18411; 60.394607543945313
; 18431; 60.408370971679688
; 18451; 60.422122955322266
; 18472; 60.435859680175781
; 18493; 60.449581146240234
; 18514; 60.463287353515625
; 18535; 60.476978302001953
; 18556; 60.490653991699219
; 18578; 60.504314422607422
; 18599; 60.517959594726563
; 18621; 60.531589508056641
; 18642; 60.545204162597656
; 18663; 60.558803558349609
; 18685; 60.5723876953125
; 18707; 60.585956573486328
; 18728; 60.599510192871094
; 18748; 60.6130485534668
; 18770; 60.6265754699707
; 18791; 60.640087127685547
; 18813; 60.653583526611328
; 18833; 60.667064666748047
; 18854; 60.6805305480957
; 18875; 60.6939811706543
; 18896; 60.707416534423828
; 18918; 60.7208366394043
; 18939; 60.7342414855957
; 18960; 60.747631072998047
; 18981; 60.761005401611328
; 19002; 60.774364471435547
; 19024; 60.7877082824707
; 19045; 60.8010368347168
; 19065; 60.814350128173828
; 19086; 60.827651977539063
; 19107; 60.840938568115234
; 19129; 60.854209899902344
; 19149; 60.867465972900391
; 19170; 60.880706787109375
; 19191; 60.8939323425293
; 19212; 60.907142639160156
; 19233; 60.920337677001953
; 19254; 60.933517456054688
; 19275; 60.946681976318359
; 19297; 60.959831237792969
; 19316; 60.972965240478516
; 19337; 60.986083984375
; 19359; 60.999187469482422
; 19380; 61.012279510498047
; 19402; 61.025356292724609
; 19423; 61.038417816162109
; 19443; 61.051464080810547
; 19464; 61.064495086669922
; 19485; 61.077510833740234
; 19507; 61.090511322021484
; 19527; 61.103496551513672
; 19549; 61.1164665222168
; 19570; 61.129421234130859
; 19592; 61.142360687255859
; 19613; 61.1552848815918
; 19634; 61.168193817138672
; 19655; 61.181087493896484
; 19676; 61.193965911865234
; 19697; 61.206832885742188
; 19718; 61.219684600830078
; 19738; 61.232521057128906
; 19760; 61.245342254638672
; 19780; 61.258148193359375
; 19801; 61.270938873291016
; 19822; 61.283714294433594
; 19843; 61.296474456787109
; 19865; 61.309219360351563
; 19886; 61.321949005126953
; 19908; 61.334663391113281
; 19928; 61.347362518310547
; 19949; 61.36004638671875
; 19970; 61.372714996337891
; 19991; 61.385368347167969
; 20013; 61.39801025390625
; 20033; 61.410636901855469
; 20055; 61.423248291015625
; 20076; 61.435844421386719
; 20098; 61.44842529296875
; 20119; 61.460990905761719
; 20139; 61.473541259765625
; 20161; 61.486076354980469
; 20182; 61.49859619140625
; 20204; 61.511100769042969
; 20225; 61.523590087890625
; 20245; 61.536064147949219
; 20267; 61.54852294921875
; 20288; 61.560966491699219
; 20310; 61.573394775390625
; 20330; 61.585811614990234
; 20350; 61.598213195800781
; 20371; 61.610599517822266
; 20392; 61.622970581054688
; 20414; 61.635326385498047
; 20435; 61.647666931152344
; 20457; 61.659992218017578
; 20478; 61.67230224609375
; 20500; 61.684597015380859
; 20521; 61.696876525878906
; 20542; 61.709140777587891
; 20564; 61.721389770507813
; 20585; 61.733623504638672
; 20607; 61.745841979980469
; 20628; 61.758049011230469
; 20649; 61.770240783691406
; 20671; 61.782417297363281
; 20692; 61.794578552246094
; 20713; 61.806724548339844
; 20735; 61.818855285644531
7.Variable; PLC_PRG.low_air
7.Address.AddrFlags; 0x00000000
7.Class; 0
7.Size; 1
7.GraphColor; 4278239231
7.GraphType; 1
7.MinWarningColor; 4278190080
7.MaxWarningColor; 4294901760
7.CriticalLowerLimit; 0
7.CriticalUpperLimit; 0
7.ActivateMinWarning; 0
7.ActivateMaxWarning; 0
7.YAxis; 0
7.Data; 
; 11; 0
; 33; 0
; 54; 0
; 76; 0
; 96; 0
; 117; 0
; 139; 0
; 160; 0
; 181; 0
; 202; 0
; 223; 0
; 245; 0
; 266; 0
; 288; 0
; 308; 0
; 329; 0
; 350; 0
; 372; 0
; 393; 0
; 415; 0
; 436; 0
; 458; 0
; 479; 0
; 500; 0
; 522; 0
; 543; 0
; 565; 0
; 585; 0
; 605; 0
; 627; 0
; 648; 0
; 669; 0
; 691; 0
; 712; 0
; 734; 0
; 755; 0
; 777; 0
; 797; 0
; 818; 0
; 840; 0
; 861; 0
; 883; 0
; 903; 0
; 923; 0
; 944; 0
; 965; 0
; 987; 0
; 1007; 0
; 1028; 0
; 1050; 0
; 1070; 0
; 1092; 0
; 1113; 0
; 1134; 0
; 1156; 0
; 1177; 0
; 1197; 0
; 1219; 0
; 1240; 0
; 1262; 0
; 1283; 0
; 1304; 0
; 1325; 0
; 1346; 0
; 1367; 0
; 1389; 0
; 1410; 0
; 1432; 0
; 1453; 0
; 1475; 0
; 1496; 0
; 1517; 0
; 1539; 0
; 1560; 0
; 1582; 0
; 1602; 0
; 1623; 0
; 1644; 0
; 1665; 0
; 1687; 0
; 1708; 0
; 1728; 0
; 1749; 0
; 1770; 0
; 1792; 0
; 1812; 0
; 1832; 0
; 1854; 0
; 1875; 0
; 1897; 0
; 1918; 0
; 1940; 0
; 1961; 0
; 1983; 0
; 2004; 0
; 2025; 0
; 2045; 0
; 2067; 0
; 2088; 0
; 2109; 0
; 2130; 0
; 2151; 0
; 2173; 0
; 2194; 0
; 2215; 0
; 2235; 0
; 2256; 0
; 2276; 0
; 2298; 0
; 2319; 0
; 2339; 0
; 2361; 0
; 2382; 0
; 2402; 0
; 2424; 0
; 2445; 0
; 2467; 0
; 2487; 0
; 2508; 0
; 2530; 0
; 2551; 0
; 2572; 0
; 2593; 0
; 2615; 0
; 2636; 0
; 2658; 0
; 2679; 0
; 2699; 0
; 2721; 0
; 2742; 0
; 2764; 0
; 2785; 0
; 2807; 0
; 2828; 0
; 2850; 0
; 2871; 0
; 2893; 0
; 2914; 0
; 2935; 0
; 2957; 0
; 2978; 0
; 3000; 0
; 3022; 0
; 3043; 0
; 3065; 0
; 3086; 0
; 3106; 0
; 3128; 0
; 3149; 0
; 3171; 0
; 3192; 0
; 3212; 0
; 3234; 0
; 3255; 0
; 3276; 0
; 3296; 0
; 3318; 0
; 3338; 0
; 3359; 0
; 3381; 0
; 3401; 0
; 3422; 0
; 3444; 0
; 3465; 0
; 3487; 0
; 3508; 0
; 3530; 0
; 3551; 0
; 3573; 0
; 3593; 0
; 3614; 0
; 3633; 0
; 3654; 0
; 3674; 0
; 3695; 0
; 3717; 0
; 3738; 0
; 3760; 0
; 3781; 0
; 3802; 0
; 3822; 0
; 3843; 0
; 3865; 0
; 3886; 0
; 3906; 0
; 3928; 0
; 3949; 0
; 3971; 0
; 3992; 0
; 4012; 0
; 4034; 0
; 4055; 0
; 4077; 0
; 4098; 0
; 4119; 0
; 4140; 0
; 4161; 0
; 4183; 0
; 4203; 0
; 4225; 0
; 4246; 0
; 4268; 0
; 4289; 0
; 4309; 0
; 4331; 0
; 4351; 0
; 4372; 0
; 4394; 0
; 4415; 0
; 4437; 0
; 4458; 0
; 4480; 0
; 4501; 0
; 4522; 0
; 4544; 0
; 4565; 0
; 4587; 0
; 4608; 0
; 4629; 0
; 4651; 0
; 4671; 0
; 4693; 0
; 4714; 0
; 4735; 0
; 4757; 0
; 4778; 0
; 4800; 0
; 4820; 0
; 4841; 0
; 4863; 0
; 4884; 0
; 4904; 0
; 4925; 0
; 4946; 0
; 4968; 0
; 4989; 0
; 5010; 0
; 5032; 0
; 5052; 0
; 5074; 0
; 5094; 0
; 5116; 0
; 5136; 0
; 5158; 0
; 5179; 0
; 5201; 0
; 5222; 0
; 5244; 0
; 5265; 0
; 5287; 0
; 5308; 0
; 5329; 0
; 5351; 0
; 5372; 0
; 5394; 0
; 5415; 0
; 5436; 0
; 5458; 0
; 5479; 0
; 5501; 0
; 5521; 0
; 5542; 0
; 5564; 0
; 5585; 0
; 5605; 0
; 5627; 0
; 5648; 0
; 5670; 0
; 5691; 0
; 5711; 0
; 5733; 0
; 5754; 0
; 5776; 0
; 5797; 0
; 5817; 0
; 5839; 0
; 5860; 0
; 5882; 0
; 5903; 0
; 5924; 0
; 5944; 0
; 5966; 0
; 5987; 0
; 6008; 0
; 6030; 0
; 6051; 0
; 6073; 0
; 6094; 0
; 6114; 0
; 6136; 0
; 6157; 0
; 6179; 0
; 6200; 0
; 6221; 0
; 6243; 0
; 6264; 0
; 6286; 0
; 6306; 0
; 6328; 0
; 6349; 0
; 6370; 0
; 6391; 0
; 6413; 0
; 6434; 0
; 6456; 0
; 6478; 0
; 6498; 0
; 6520; 0
; 6540; 0
; 6562; 0
; 6583; 0
; 6605; 0
; 6626; 0
; 6646; 0
; 6667; 0
; 6688; 0
; 6710; 0
; 6731; 0
; 6753; 0
; 6774; 0
; 6796; 0
; 6816; 0
; 6837; 0
; 6859; 0
; 6880; 0
; 6902; 0
; 6922; 0
; 6943; 0
; 6965; 0
; 6986; 0
; 7008; 0
; 7030; 0
; 7051; 0
; 7073; 0
; 7094; 0
; 7114; 0
; 7134; 0
; 7156; 0
; 7177; 0
; 7199; 0
; 7220; 0
; 7242; 0
; 7263; 0
; 7284; 0
; 7306; 0
; 7326; 0
; 7347; 0
; 7368; 0
; 7390; 0
; 7411; 0
; 7432; 0
; 7454; 0
; 7475; 0
; 7497; 0
; 7517; 0
; 7538; 0
; 7560; 0
; 7581; 0
; 7603; 0
; 7623; 0
; 7644; 0
; 7665; 0
; 7685; 0
; 7705; 0
; 7726; 0
; 7748; 0
; 7769; 0
; 7790; 0
; 7812; 0
; 7833; 0
; 7855; 0
; 7877; 0
; 7898; 0
; 7920; 0
; 7941; 0
; 7963; 0
; 7984; 0
; 8006; 0
; 8026; 0
; 8047; 0
; 8069; 0
; 8090; 0
; 8110; 0
; 8132; 0
; 8152; 0
; 8174; 0
; 8195; 0
; 8215; 0
; 8237; 0
; 8258; 0
; 8280; 0
; 8301; 0
; 8322; 0
; 8344; 0
; 8364; 0
; 8386; 0
; 8408; 0
; 8429; 0
; 8451; 0
; 8470; 0
; 8492; 0
; 8513; 0
; 8534; 0
; 8556; 0
; 8577; 0
; 8599; 0
; 8619; 0
; 8639; 0
; 8661; 0
; 8682; 0
; 8704; 0
; 8725; 0
; 8747; 0
; 8767; 0
; 8789; 0
; 8810; 0
; 8831; 0
; 8853; 0
; 8874; 0
; 8896; 0
; 8916; 0
; 8937; 0
; 8959; 0
; 8979; 0
; 9000; 0
; 9020; 0
; 9041; 0
; 9063; 0
; 9084; 0
; 9106; 0
; 9126; 0
; 9147; 0
; 9169; 0
; 9190; 0
; 9212; 0
; 9234; 0
; 9255; 0
; 9276; 0
; 9297; 0
; 9318; 0
; 9340; 0
; 9361; 0
; 9383; 0
; 9404; 0
; 9425; 0
; 9446; 0
; 9467; 0
; 9489; 0
; 9509; 0
; 9530; 0
; 9551; 0
; 9573; 0
; 9594; 0
; 9616; 0
; 9637; 0
; 9659; 0
; 9679; 0
; 9701; 0
; 9722; 0
; 9743; 0
; 9765; 0
; 9785; 0
; 9805; 0
; 9826; 0
; 9848; 0
; 9869; 0
; 9890; 0
; 9911; 0
; 9932; 0
; 9953; 0
; 9974; 0
; 9995; 0
; 10017; 0
; 10038; 0
; 10059; 0
; 10080; 0
; 10102; 0
; 10122; 0
; 10142; 0
; 10163; 0
; 10185; 0
; 10205; 0
; 10226; 0
; 10248; 0
; 10269; 0
; 10291; 0
; 10312; 0
; 10334; 0
; 10355; 0
; 10377; 0
; 10398; 0
; 10420; 0
; 10441; 0
; 10463; 0
; 10484; 0
; 10504; 0
; 10525; 0
; 10546; 0
; 10567; 0
; 10588; 0
; 10610; 0
; 10631; 0
; 10653; 0
; 10674; 0
; 10696; 0
; 10717; 0
; 10738; 0
; 10760; 0
; 10781; 0
; 10803; 0
; 10823; 0
; 10844; 0
; 10866; 0
; 10887; 0
; 10909; 0
; 10931; 0
; 10952; 0
; 10974; 0
; 10994; 0
; 11015; 0
; 11037; 0
; 11058; 0
; 11080; 0
; 11101; 0
; 11121; 0
; 11143; 0
; 11164; 0
; 11186; 0
; 11207; 0
; 11228; 0
; 11249; 0
; 11270; 0
; 11292; 0
; 11313; 0
; 11335; 0
; 11356; 0
; 11378; 0
; 11399; 0
; 11420; 0
; 11441; 0
; 11463; 0
; 11483; 0
; 11505; 0
; 11526; 0
; 11546; 0
; 11567; 0
; 11589; 0
; 11610; 0
; 11630; 0
; 11651; 0
; 11673; 0
; 11694; 0
; 11716; 0
; 11737; 0
; 11759; 0
; 11780; 0
; 11802; 0
; 11822; 0
; 11844; 0
; 11865; 0
; 11887; 0
; 11908; 0
; 11929; 0
; 11951; 0
; 11972; 0
; 11993; 0
; 12013; 0
; 12034; 0
; 12056; 0
; 12077; 0
; 12099; 0
; 12120; 0
; 12141; 0
; 12163; 0
; 12184; 0
; 12206; 0
; 12227; 0
; 12249; 0
; 12270; 0
; 12292; 0
; 12313; 0
; 12334; 0
; 12356; 0
; 12377; 0
; 12399; 0
; 12419; 0
; 12440; 0
; 12462; 0
; 12483; 0
; 12505; 0
; 12525; 0
; 12546; 0
; 12568; 0
; 12589; 0
; 12611; 0
; 12631; 0
; 12652; 0
; 12674; 0
; 12695; 0
; 12716; 0
; 12737; 0
; 12756; 0
; 12778; 0
; 12798; 0
; 12819; 0
; 12841; 0
; 12862; 0
; 12884; 0
; 12905; 0
; 12925; 0
; 12947; 0
; 12968; 0
; 12990; 0
; 13011; 0
; 13031; 0
; 13053; 0
; 13075; 0
; 13095; 0
; 13117; 0
; 13136; 0
; 13157; 0
; 13178; 0
; 13200; 0
; 13220; 0
; 13242; 0
; 13263; 0
; 13284; 0
; 13305; 0
; 13325; 0
; 13347; 0
; 13368; 0
; 13390; 0
; 13411; 0
; 13431; 0
; 13453; 0
; 13474; 0
; 13496; 0
; 13517; 0
; 13538; 0
; 13559; 0
; 13581; 0
; 13602; 0
; 13624; 0
; 13645; 0
; 13667; 0
; 13688; 0
; 13710; 0
; 13731; 0
; 13752; 0
; 13774; 0
; 13795; 0
; 13817; 0
; 13837; 0
; 13858; 0
; 13880; 0
; 13901; 0
; 13921; 0
; 13942; 0
; 13963; 0
; 13985; 0
; 14006; 0
; 14027; 0
; 14049; 0
; 14070; 0
; 14092; 0
; 14113; 0
; 14134; 0
; 14155; 0
; 14176; 0
; 14198; 0
; 14219; 0
; 14240; 0
; 14261; 0
; 14283; 0
; 14303; 0
; 14323; 0
; 14345; 0
; 14366; 0
; 14388; 0
; 14409; 0
; 14430; 0
; 14450; 0
; 14472; 0
; 14493; 0
; 14515; 0
; 14535; 0
; 14556; 0
; 14577; 0
; 14598; 0
; 14620; 0
; 14640; 0
; 14660; 0
; 14681; 0
; 14703; 0
; 14725; 0
; 14745; 0
; 14766; 0
; 14787; 0
; 14809; 0
; 14831; 0
; 14852; 0
; 14874; 0
; 14895; 0
; 14916; 0
; 14937; 0
; 14958; 0
; 14980; 0
; 15001; 0
; 15023; 0
; 15045; 0
; 15065; 0
; 15085; 0
; 15106; 0
; 15127; 0
; 15149; 0
; 15170; 0
; 15192; 0
; 15213; 0
; 15233; 0
; 15255; 0
; 15276; 0
; 15298; 0
; 15318; 0
; 15339; 0
; 15360; 0
; 15382; 0
; 15402; 0
; 15422; 0
; 15444; 0
; 15465; 0
; 15486; 0
; 15507; 0
; 15528; 0
; 15549; 0
; 15571; 0
; 15592; 0
; 15614; 0
; 15634; 0
; 15655; 0
; 15677; 0
; 15699; 0
; 15720; 0
; 15740; 0
; 15762; 0
; 15783; 0
; 15805; 0
; 15826; 0
; 15847; 0
; 15867; 0
; 15889; 0
; 15909; 0
; 15930; 0
; 15951; 0
; 15973; 0
; 15994; 0
; 16015; 0
; 16037; 0
; 16059; 0
; 16080; 0
; 16101; 0
; 16123; 0
; 16143; 0
; 16165; 0
; 16186; 0
; 16207; 0
; 16228; 0
; 16249; 0
; 16271; 0
; 16293; 0
; 16314; 0
; 16336; 0
; 16357; 0
; 16379; 0
; 16400; 0
; 16422; 0
; 16442; 0
; 16463; 0
; 16483; 0
; 16505; 0
; 16526; 0
; 16548; 0
; 16569; 0
; 16590; 0
; 16612; 0
; 16633; 0
; 16655; 0
; 16676; 0
; 16698; 0
; 16718; 0
; 16739; 0
; 16761; 0
; 16782; 0
; 16804; 0
; 16825; 0
; 16846; 0
; 16868; 0
; 16889; 0
; 16910; 0
; 16930; 0
; 16951; 0
; 16973; 0
; 16994; 0
; 17015; 0
; 17035; 0
; 17057; 0
; 17078; 0
; 17099; 0
; 17120; 0
; 17141; 0
; 17163; 0
; 17184; 0
; 17206; 0
; 17228; 0
; 17249; 0
; 17271; 0
; 17292; 0
; 17314; 0
; 17334; 0
; 17355; 0
; 17375; 0
; 17395; 0
; 17417; 0
; 17438; 0
; 17460; 0
; 17481; 0
; 17503; 0
; 17524; 0
; 17544; 0
; 17565; 0
; 17587; 0
; 17608; 0
; 17629; 0
; 17650; 0
; 17671; 0
; 17691; 0
; 17713; 0
; 17734; 0
; 17756; 0
; 17777; 0
; 17799; 0
; 17820; 0
; 17841; 0
; 17862; 0
; 17884; 0
; 17905; 0
; 17925; 0
; 17945; 0
; 17966; 0
; 17988; 0
; 18009; 0
; 18029; 0
; 18051; 0
; 18072; 0
; 18094; 0
; 18115; 0
; 18136; 0
; 18158; 0
; 18179; 0
; 18200; 0
; 18222; 0
; 18243; 0
; 18265; 0
; 18286; 0
; 18308; 0
; 18328; 0
; 18348; 0
; 18369; 0
; 18390; 0
; 18411; 0
; 18431; 0
; 18451; 0
; 18472; 0
; 18493; 0
; 18514; 0
; 18535; 0
; 18556; 0
; 18578; 0
; 18599; 0
; 18621; 0
; 18642; 0
; 18663; 0
; 18685; 0
; 18707; 0
; 18728; 0
; 18748; 0
; 18770; 0
; 18791; 0
; 18813; 0
; 18833; 0
; 18854; 0
; 18875; 0
; 18896; 0
; 18918; 0
; 18939; 0
; 18960; 0
; 18981; 0
; 19002; 0
; 19024; 0
; 19045; 0
; 19065; 0
; 19086; 0
; 19107; 0
; 19129; 0
; 19149; 0
; 19170; 0
; 19191; 0
; 19212; 0
; 19233; 0
; 19254; 0
; 19275; 0
; 19297; 0
; 19316; 0
; 19337; 0
; 19359; 0
; 19380; 0
; 19402; 0
; 19423; 0
; 19443; 0
; 19464; 0
; 19485; 0
; 19507; 0
; 19527; 0
; 19549; 0
; 19570; 0
; 19592; 0
; 19613; 0
; 19634; 0
; 19655; 0
; 19676; 0
; 19697; 0
; 19718; 0
; 19738; 0
; 19760; 0
; 19780; 0
; 19801; 0
; 19822; 0
; 19843; 0
; 19865; 0
; 19886; 0
; 19908; 0
; 19928; 0
; 19949; 0
; 19970; 0
; 19991; 0
; 20013; 0
; 20033; 0
; 20055; 0
; 20076; 0
; 20098; 0
; 20119; 0
; 20139; 0
; 20161; 0
; 20182; 0
; 20204; 0
; 20225; 0
; 20245; 0
; 20267; 0
; 20288; 0
; 20310; 0
; 20330; 0
; 20350; 0
; 20371; 0
; 20392; 0
; 20414; 0
; 20435; 0
; 20457; 0
; 20478; 0
; 20500; 0
; 20521; 0
; 20542; 0
; 20564; 0
; 20585; 0
; 20607; 0
; 20628; 0
; 20649; 0
; 20671; 0
; 20692; 0
; 20713; 0
; 20735; 0
8.Variable; PLC_PRG.motor_running
8.Address.AddrFlags; 0x00000000
8.Class; 0
8.Size; 1
8.GraphColor; 4278255615
8.GraphType; 1
8.MinWarningColor; 4278190080
8.MaxWarningColor; 4294901760
8.CriticalLowerLimit; 0
8.CriticalUpperLimit; 0
8.ActivateMinWarning; 0
8.ActivateMaxWarning; 0
8.YAxis; 0
8.Data; 
; 11; 1
; 33; 1
; 54; 1
; 76; 1
; 96; 1
; 117; 1
; 139; 1
; 160; 1
; 181; 1
; 202; 1
; 223; 1
; 245; 1
; 266; 1
; 288; 1
; 308; 1
; 329; 1
; 350; 1
; 372; 1
; 393; 1
; 415; 1
; 436; 1
; 458; 1
; 479; 1
; 500; 1
; 522; 1
; 543; 1
; 565; 1
; 585; 1
; 605; 1
; 627; 1
; 648; 1
; 669; 1
; 691; 1
; 712; 1
; 734; 1
; 755; 1
; 777; 1
; 797; 1
; 818; 1
; 840; 1
; 861; 1
; 883; 1
; 903; 1
; 923; 1
; 944; 1
; 965; 1
; 987; 1
; 1007; 1
; 1028; 1
; 1050; 1
; 1070; 1
; 1092; 1
; 1113; 1
; 1134; 1
; 1156; 1
; 1177; 1
; 1197; 1
; 1219; 1
; 1240; 1
; 1262; 1
; 1283; 1
; 1304; 1
; 1325; 1
; 1346; 1
; 1367; 1
; 1389; 1
; 1410; 1
; 1432; 1
; 1453; 1
; 1475; 1
; 1496; 1
; 1517; 1
; 1539; 1
; 1560; 1
; 1582; 1
; 1602; 1
; 1623; 1
; 1644; 1
; 1665; 1
; 1687; 1
; 1708; 1
; 1728; 1
; 1749; 1
; 1770; 1
; 1792; 1
; 1812; 1
; 1832; 1
; 1854; 1
; 1875; 1
; 1897; 1
; 1918; 1
; 1940; 1
; 1961; 1
; 1983; 1
; 2004; 1
; 2025; 1
; 2045; 1
; 2067; 1
; 2088; 1
; 2109; 1
; 2130; 1
; 2151; 1
; 2173; 1
; 2194; 1
; 2215; 1
; 2235; 1
; 2256; 1
; 2276; 1
; 2298; 1
; 2319; 1
; 2339; 1
; 2361; 1
; 2382; 1
; 2402; 1
; 2424; 1
; 2445; 1
; 2467; 1
; 2487; 1
; 2508; 1
; 2530; 1
; 2551; 1
; 2572; 1
; 2593; 1
; 2615; 1
; 2636; 1
; 2658; 1
; 2679; 1
; 2699; 1
; 2721; 1
; 2742; 1
; 2764; 1
; 2785; 1
; 2807; 1
; 2828; 1
; 2850; 1
; 2871; 1
; 2893; 1
; 2914; 1
; 2935; 1
; 2957; 1
; 2978; 1
; 3000; 1
; 3022; 1
; 3043; 1
; 3065; 1
; 3086; 1
; 3106; 1
; 3128; 1
; 3149; 1
; 3171; 1
; 3192; 1
; 3212; 1
; 3234; 1
; 3255; 1
; 3276; 1
; 3296; 1
; 3318; 1
; 3338; 1
; 3359; 1
; 3381; 1
; 3401; 1
; 3422; 1
; 3444; 1
; 3465; 1
; 3487; 1
; 3508; 1
; 3530; 1
; 3551; 1
; 3573; 1
; 3593; 1
; 3614; 1
; 3633; 1
; 3654; 1
; 3674; 1
; 3695; 1
; 3717; 1
; 3738; 1
; 3760; 1
; 3781; 1
; 3802; 1
; 3822; 1
; 3843; 1
; 3865; 1
; 3886; 1
; 3906; 1
; 3928; 1
; 3949; 1
; 3971; 1
; 3992; 1
; 4012; 1
; 4034; 1
; 4055; 1
; 4077; 1
; 4098; 1
; 4119; 1
; 4140; 1
; 4161; 1
; 4183; 1
; 4203; 1
; 4225; 1
; 4246; 1
; 4268; 1
; 4289; 1
; 4309; 1
; 4331; 1
; 4351; 1
; 4372; 1
; 4394; 1
; 4415; 1
; 4437; 1
; 4458; 1
; 4480; 1
; 4501; 1
; 4522; 1
; 4544; 1
; 4565; 1
; 4587; 1
; 4608; 1
; 4629; 1
; 4651; 1
; 4671; 1
; 4693; 1
; 4714; 1
; 4735; 1
; 4757; 1
; 4778; 1
; 4800; 1
; 4820; 1
; 4841; 1
; 4863; 1
; 4884; 1
; 4904; 1
; 4925; 1
; 4946; 1
; 4968; 1
; 4989; 1
; 5010; 1
; 5032; 1
; 5052; 1
; 5074; 1
; 5094; 1
; 5116; 1
; 5136; 1
; 5158; 1
; 5179; 1
; 5201; 1
; 5222; 1
; 5244; 1
; 5265; 1
; 5287; 1
; 5308; 1
; 5329; 1
; 5351; 1
; 5372; 1
; 5394; 1
; 5415; 1
; 5436; 1
; 5458; 1
; 5479; 1
; 5501; 1
; 5521; 1
; 5542; 1
; 5564; 1
; 5585; 1
; 5605; 1
; 5627; 1
; 5648; 1
; 5670; 1
; 5691; 1
; 5711; 1
; 5733; 1
; 5754; 1
; 5776; 1
; 5797; 1
; 5817; 1
; 5839; 1
; 5860; 1
; 5882; 1
; 5903; 1
; 5924; 1
; 5944; 1
; 5966; 1
; 5987; 1
; 6008; 1
; 6030; 1
; 6051; 1
; 6073; 1
; 6094; 1
; 6114; 1
; 6136; 1
; 6157; 1
; 6179; 1
; 6200; 1
; 6221; 1
; 6243; 1
; 6264; 1
; 6286; 1
; 6306; 1
; 6328; 1
; 6349; 1
; 6370; 1
; 6391; 1
; 6413; 1
; 6434; 1
; 6456; 1
; 6478; 1
; 6498; 1
; 6520; 1
; 6540; 1
; 6562; 1
; 6583; 1
; 6605; 1
; 6626; 1
; 6646; 1
; 6667; 1
; 6688; 1
; 6710; 1
; 6731; 1
; 6753; 1
; 6774; 1
; 6796; 1
; 6816; 1
; 6837; 1
; 6859; 1
; 6880; 1
; 6902; 1
; 6922; 1
; 6943; 1
; 6965; 1
; 6986; 1
; 7008; 1
; 7030; 1
; 7051; 1
; 7073; 1
; 7094; 1
; 7114; 1
; 7134; 1
; 7156; 1
; 7177; 1
; 7199; 1
; 7220; 1
; 7242; 1
; 7263; 1
; 7284; 1
; 7306; 1
; 7326; 1
; 7347; 1
; 7368; 1
; 7390; 1
; 7411; 1
; 7432; 1
; 7454; 1
; 7475; 1
; 7497; 1
; 7517; 1
; 7538; 1
; 7560; 1
; 7581; 1
; 7603; 1
; 7623; 1
; 7644; 1
; 7665; 1
; 7685; 1
; 7705; 1
; 7726; 1
; 7748; 1
; 7769; 1
; 7790; 1
; 7812; 1
; 7833; 1
; 7855; 1
; 7877; 1
; 7898; 1
; 7920; 1
; 7941; 1
; 7963; 1
; 7984; 1
; 8006; 1
; 8026; 1
; 8047; 1
; 8069; 1
; 8090; 1
; 8110; 1
; 8132; 1
; 8152; 1
; 8174; 1
; 8195; 1
; 8215; 1
; 8237; 1
; 8258; 1
; 8280; 1
; 8301; 1
; 8322; 1
; 8344; 1
; 8364; 1
; 8386; 1
; 8408; 1
; 8429; 1
; 8451; 1
; 8470; 1
; 8492; 1
; 8513; 1
; 8534; 1
; 8556; 1
; 8577; 1
; 8599; 1
; 8619; 1
; 8639; 1
; 8661; 1
; 8682; 1
; 8704; 1
; 8725; 1
; 8747; 1
; 8767; 1
; 8789; 1
; 8810; 1
; 8831; 1
; 8853; 1
; 8874; 1
; 8896; 1
; 8916; 1
; 8937; 1
; 8959; 1
; 8979; 1
; 9000; 1
; 9020; 1
; 9041; 1
; 9063; 1
; 9084; 1
; 9106; 1
; 9126; 1
; 9147; 1
; 9169; 1
; 9190; 1
; 9212; 1
; 9234; 1
; 9255; 1
; 9276; 1
; 9297; 1
; 9318; 1
; 9340; 1
; 9361; 1
; 9383; 1
; 9404; 1
; 9425; 1
; 9446; 1
; 9467; 1
; 9489; 1
; 9509; 1
; 9530; 1
; 9551; 1
; 9573; 1
; 9594; 1
; 9616; 1
; 9637; 1
; 9659; 1
; 9679; 1
; 9701; 1
; 9722; 1
; 9743; 1
; 9765; 1
; 9785; 1
; 9805; 1
; 9826; 1
; 9848; 1
; 9869; 1
; 9890; 1
; 9911; 1
; 9932; 1
; 9953; 1
; 9974; 1
; 9995; 1
; 10017; 1
; 10038; 1
; 10059; 1
; 10080; 1
; 10102; 1
; 10122; 1
; 10142; 1
; 10163; 1
; 10185; 1
; 10205; 1
; 10226; 1
; 10248; 1
; 10269; 1
; 10291; 1
; 10312; 1
; 10334; 1
; 10355; 1
; 10377; 1
; 10398; 1
; 10420; 1
; 10441; 1
; 10463; 1
; 10484; 1
; 10504; 1
; 10525; 1
; 10546; 1
; 10567; 1
; 10588; 1
; 10610; 1
; 10631; 1
; 10653; 1
; 10674; 1
; 10696; 1
; 10717; 1
; 10738; 1
; 10760; 1
; 10781; 1
; 10803; 1
; 10823; 1
; 10844; 1
; 10866; 1
; 10887; 1
; 10909; 1
; 10931; 1
; 10952; 1
; 10974; 1
; 10994; 1
; 11015; 1
; 11037; 1
; 11058; 1
; 11080; 1
; 11101; 1
; 11121; 1
; 11143; 1
; 11164; 1
; 11186; 1
; 11207; 1
; 11228; 1
; 11249; 1
; 11270; 1
; 11292; 1
; 11313; 1
; 11335; 1
; 11356; 1
; 11378; 1
; 11399; 1
; 11420; 1
; 11441; 1
; 11463; 1
; 11483; 1
; 11505; 1
; 11526; 1
; 11546; 1
; 11567; 1
; 11589; 1
; 11610; 1
; 11630; 1
; 11651; 1
; 11673; 1
; 11694; 1
; 11716; 1
; 11737; 1
; 11759; 1
; 11780; 1
; 11802; 1
; 11822; 1
; 11844; 1
; 11865; 1
; 11887; 1
; 11908; 1
; 11929; 1
; 11951; 1
; 11972; 1
; 11993; 1
; 12013; 1
; 12034; 1
; 12056; 1
; 12077; 1
; 12099; 1
; 12120; 1
; 12141; 1
; 12163; 1
; 12184; 1
; 12206; 1
; 12227; 1
; 12249; 1
; 12270; 1
; 12292; 1
; 12313; 1
; 12334; 1
; 12356; 1
; 12377; 1
; 12399; 1
; 12419; 1
; 12440; 1
; 12462; 1
; 12483; 1
; 12505; 1
; 12525; 1
; 12546; 1
; 12568; 1
; 12589; 1
; 12611; 1
; 12631; 1
; 12652; 1
; 12674; 1
; 12695; 1
; 12716; 1
; 12737; 1
; 12756; 1
; 12778; 1
; 12798; 1
; 12819; 1
; 12841; 1
; 12862; 1
; 12884; 1
; 12905; 1
; 12925; 1
; 12947; 1
; 12968; 1
; 12990; 1
; 13011; 1
; 13031; 1
; 13053; 1
; 13075; 1
; 13095; 1
; 13117; 1
; 13136; 1
; 13157; 1
; 13178; 1
; 13200; 1
; 13220; 1
; 13242; 1
; 13263; 1
; 13284; 1
; 13305; 1
; 13325; 1
; 13347; 1
; 13368; 1
; 13390; 1
; 13411; 1
; 13431; 1
; 13453; 1
; 13474; 1
; 13496; 1
; 13517; 1
; 13538; 1
; 13559; 1
; 13581; 1
; 13602; 1
; 13624; 1
; 13645; 1
; 13667; 1
; 13688; 1
; 13710; 1
; 13731; 1
; 13752; 1
; 13774; 1
; 13795; 1
; 13817; 1
; 13837; 1
; 13858; 1
; 13880; 1
; 13901; 1
; 13921; 1
; 13942; 1
; 13963; 1
; 13985; 1
; 14006; 1
; 14027; 1
; 14049; 1
; 14070; 1
; 14092; 1
; 14113; 1
; 14134; 1
; 14155; 1
; 14176; 1
; 14198; 1
; 14219; 1
; 14240; 1
; 14261; 1
; 14283; 1
; 14303; 1
; 14323; 1
; 14345; 1
; 14366; 1
; 14388; 1
; 14409; 1
; 14430; 1
; 14450; 1
; 14472; 1
; 14493; 1
; 14515; 1
; 14535; 1
; 14556; 1
; 14577; 1
; 14598; 1
; 14620; 1
; 14640; 1
; 14660; 1
; 14681; 1
; 14703; 1
; 14725; 1
; 14745; 1
; 14766; 1
; 14787; 1
; 14809; 1
; 14831; 1
; 14852; 1
; 14874; 1
; 14895; 1
; 14916; 1
; 14937; 1
; 14958; 1
; 14980; 1
; 15001; 1
; 15023; 1
; 15045; 1
; 15065; 1
; 15085; 1
; 15106; 1
; 15127; 1
; 15149; 1
; 15170; 1
; 15192; 1
; 15213; 1
; 15233; 1
; 15255; 1
; 15276; 1
; 15298; 1
; 15318; 1
; 15339; 1
; 15360; 1
; 15382; 1
; 15402; 1
; 15422; 1
; 15444; 1
; 15465; 1
; 15486; 1
; 15507; 1
; 15528; 1
; 15549; 1
; 15571; 1
; 15592; 1
; 15614; 1
; 15634; 1
; 15655; 1
; 15677; 1
; 15699; 1
; 15720; 1
; 15740; 1
; 15762; 1
; 15783; 1
; 15805; 1
; 15826; 1
; 15847; 1
; 15867; 1
; 15889; 1
; 15909; 1
; 15930; 1
; 15951; 1
; 15973; 1
; 15994; 1
; 16015; 1
; 16037; 1
; 16059; 1
; 16080; 1
; 16101; 1
; 16123; 1
; 16143; 1
; 16165; 1
; 16186; 1
; 16207; 1
; 16228; 1
; 16249; 1
; 16271; 1
; 16293; 1
; 16314; 1
; 16336; 1
; 16357; 1
; 16379; 1
; 16400; 1
; 16422; 1
; 16442; 1
; 16463; 1
; 16483; 1
; 16505; 1
; 16526; 1
; 16548; 1
; 16569; 1
; 16590; 1
; 16612; 1
; 16633; 1
; 16655; 1
; 16676; 1
; 16698; 1
; 16718; 1
; 16739; 1
; 16761; 1
; 16782; 1
; 16804; 1
; 16825; 1
; 16846; 1
; 16868; 1
; 16889; 1
; 16910; 1
; 16930; 1
; 16951; 1
; 16973; 1
; 16994; 1
; 17015; 1
; 17035; 1
; 17057; 1
; 17078; 1
; 17099; 1
; 17120; 1
; 17141; 1
; 17163; 1
; 17184; 1
; 17206; 1
; 17228; 1
; 17249; 1
; 17271; 1
; 17292; 1
; 17314; 1
; 17334; 1
; 17355; 1
; 17375; 1
; 17395; 1
; 17417; 1
; 17438; 1
; 17460; 1
; 17481; 1
; 17503; 1
; 17524; 1
; 17544; 1
; 17565; 1
; 17587; 1
; 17608; 1
; 17629; 1
; 17650; 1
; 17671; 1
; 17691; 1
; 17713; 1
; 17734; 1
; 17756; 1
; 17777; 1
; 17799; 1
; 17820; 1
; 17841; 1
; 17862; 1
; 17884; 1
; 17905; 1
; 17925; 1
; 17945; 1
; 17966; 1
; 17988; 1
; 18009; 1
; 18029; 1
; 18051; 1
; 18072; 1
; 18094; 1
; 18115; 1
; 18136; 1
; 18158; 1
; 18179; 1
; 18200; 1
; 18222; 1
; 18243; 1
; 18265; 1
; 18286; 1
; 18308; 1
; 18328; 1
; 18348; 1
; 18369; 1
; 18390; 1
; 18411; 1
; 18431; 1
; 18451; 1
; 18472; 1
; 18493; 1
; 18514; 1
; 18535; 1
; 18556; 1
; 18578; 1
; 18599; 1
; 18621; 1
; 18642; 1
; 18663; 1
; 18685; 1
; 18707; 1
; 18728; 1
; 18748; 1
; 18770; 1
; 18791; 1
; 18813; 1
; 18833; 1
; 18854; 1
; 18875; 1
; 18896; 1
; 18918; 1
; 18939; 1
; 18960; 1
; 18981; 1
; 19002; 1
; 19024; 1
; 19045; 1
; 19065; 1
; 19086; 1
; 19107; 1
; 19129; 1
; 19149; 1
; 19170; 1
; 19191; 1
; 19212; 1
; 19233; 1
; 19254; 1
; 19275; 1
; 19297; 1
; 19316; 1
; 19337; 1
; 19359; 1
; 19380; 1
; 19402; 1
; 19423; 1
; 19443; 1
; 19464; 1
; 19485; 1
; 19507; 1
; 19527; 1
; 19549; 1
; 19570; 1
; 19592; 1
; 19613; 1
; 19634; 1
; 19655; 1
; 19676; 1
; 19697; 1
; 19718; 1
; 19738; 1
; 19760; 1
; 19780; 1
; 19801; 1
; 19822; 1
; 19843; 1
; 19865; 1
; 19886; 1
; 19908; 1
; 19928; 1
; 19949; 1
; 19970; 1
; 19991; 1
; 20013; 1
; 20033; 1
; 20055; 1
; 20076; 1
; 20098; 1
; 20119; 1
; 20139; 1
; 20161; 1
; 20182; 1
; 20204; 1
; 20225; 1
; 20245; 1
; 20267; 1
; 20288; 1
; 20310; 1
; 20330; 1
; 20350; 1
; 20371; 1
; 20392; 1
; 20414; 1
; 20435; 1
; 20457; 1
; 20478; 1
; 20500; 1
; 20521; 1
; 20542; 1
; 20564; 1
; 20585; 1
; 20607; 1
; 20628; 1
; 20649; 1
; 20671; 1
; 20692; 1
; 20713; 1
; 20735; 1
9.Variable; PLC_PRG.tailings_flow
9.Address.AddrFlags; 0x00000000
9.Class; 14
9.Size; 4
9.GraphColor; 4284456608
9.GraphType; 1
9.MinWarningColor; 4278190080
9.MaxWarningColor; 4294901760
9.CriticalLowerLimit; 0
9.CriticalUpperLimit; 0
9.ActivateMinWarning; 0
9.ActivateMaxWarning; 0
9.YAxis; 0
9.Data; 
; 11; 38
; 33; 38
; 54; 38
; 76; 38
; 96; 38
; 117; 38
; 139; 38
; 160; 38
; 181; 38
; 202; 38
; 223; 38
; 245; 38
; 266; 38
; 288; 38
; 308; 38
; 329; 38
; 350; 38
; 372; 38
; 393; 38
; 415; 38
; 436; 38
; 458; 38
; 479; 38
; 500; 38
; 522; 38
; 543; 38
; 565; 38
; 585; 38
; 605; 38
; 627; 38
; 648; 38
; 669; 37.950000762939453
; 691; 37.900001525878906
; 712; 37.850002288818359
; 734; 37.800003051757813
; 755; 37.750003814697266
; 777; 37.700004577636719
; 797; 37.650005340576172
; 818; 37.600006103515625
; 840; 37.550006866455078
; 861; 37.500007629394531
; 883; 37.450008392333984
; 903; 37.400009155273438
; 923; 37.350009918212891
; 944; 37.300010681152344
; 965; 37.2500114440918
; 987; 37.20001220703125
; 1007; 37.1500129699707
; 1028; 37.100013732910156
; 1050; 37.050014495849609
; 1070; 37.000015258789063
; 1092; 36.950016021728516
; 1113; 36.900016784667969
; 1134; 36.850017547607422
; 1156; 36.800018310546875
; 1177; 36.750019073486328
; 1197; 36.700019836425781
; 1219; 36.650020599365234
; 1240; 36.600021362304688
; 1262; 36.550022125244141
; 1283; 36.500022888183594
; 1304; 36.450023651123047
; 1325; 36.4000244140625
; 1346; 36.350025177001953
; 1367; 36.300025939941406
; 1389; 36.250026702880859
; 1410; 36.200027465820313
; 1432; 36.150028228759766
; 1453; 36.100028991699219
; 1475; 36.050029754638672
; 1496; 36.000030517578125
; 1517; 35.950031280517578
; 1539; 35.900032043457031
; 1560; 35.850032806396484
; 1582; 35.800033569335938
; 1602; 35.750034332275391
; 1623; 35.700035095214844
; 1644; 35.6500358581543
; 1665; 35.60003662109375
; 1687; 35.5500373840332
; 1708; 35.500038146972656
; 1728; 35.450038909912109
; 1749; 35.400039672851563
; 1770; 35.350040435791016
; 1792; 35.300041198730469
; 1812; 35.250041961669922
; 1832; 35.200042724609375
; 1854; 35.150043487548828
; 1875; 35.100044250488281
; 1897; 35.050045013427734
; 1918; 35.000045776367188
; 1940; 34.950046539306641
; 1961; 34.900047302246094
; 1983; 34.850048065185547
; 2004; 34.800048828125
; 2025; 34.750049591064453
; 2045; 34.700050354003906
; 2067; 34.650051116943359
; 2088; 34.600051879882813
; 2109; 34.550052642822266
; 2130; 34.500053405761719
; 2151; 34.450054168701172
; 2173; 34.400054931640625
; 2194; 34.350055694580078
; 2215; 34.300056457519531
; 2235; 34.250057220458984
; 2256; 34.200057983398438
; 2276; 34.150058746337891
; 2298; 34.100059509277344
; 2319; 34.0500602722168
; 2339; 34.00006103515625
; 2361; 33.9500617980957
; 2382; 33.900062561035156
; 2402; 33.850063323974609
; 2424; 33.800064086914063
; 2445; 33.750064849853516
; 2467; 33.700065612792969
; 2487; 33.650066375732422
; 2508; 33.600067138671875
; 2530; 33.550067901611328
; 2551; 33.500068664550781
; 2572; 33.450069427490234
; 2593; 33.400070190429688
; 2615; 33.350070953369141
; 2636; 33.300071716308594
; 2658; 33.250072479248047
; 2679; 33.2000732421875
; 2699; 33.150074005126953
; 2721; 33.100074768066406
; 2742; 33.050075531005859
; 2764; 33.000076293945313
; 2785; 32.950077056884766
; 2807; 32.900077819824219
; 2828; 32.850078582763672
; 2850; 32.800079345703125
; 2871; 32.750080108642578
; 2893; 32.700080871582031
; 2914; 32.650081634521484
; 2935; 32.600082397460938
; 2957; 32.550083160400391
; 2978; 32.500083923339844
; 3000; 32.4500846862793
; 3022; 32.40008544921875
; 3043; 32.3500862121582
; 3065; 32.300086975097656
; 3086; 32.250087738037109
; 3106; 32.200088500976563
; 3128; 32.150089263916016
; 3149; 32.100090026855469
; 3171; 32.050090789794922
; 3192; 32.000091552734375
; 3212; 31.950092315673828
; 3234; 31.900093078613281
; 3255; 31.850093841552734
; 3276; 31.800094604492188
; 3296; 31.750095367431641
; 3318; 31.700096130371094
; 3338; 31.650096893310547
; 3359; 31.60009765625
; 3381; 31.550098419189453
; 3401; 31.500099182128906
; 3422; 31.450099945068359
; 3444; 31.400100708007813
; 3465; 31.350101470947266
; 3487; 31.300102233886719
; 3508; 31.250102996826172
; 3530; 31.200103759765625
; 3551; 31.150104522705078
; 3573; 31.100105285644531
; 3593; 31.050106048583984
; 3614; 31.000106811523438
; 3633; 30.950107574462891
; 3654; 30.900108337402344
; 3674; 30.850109100341797
; 3695; 30.80010986328125
; 3717; 30.750110626220703
; 3738; 30.700111389160156
; 3760; 30.650112152099609
; 3781; 30.600112915039063
; 3802; 30.550113677978516
; 3822; 30.500114440917969
; 3843; 30.450115203857422
; 3865; 30.400115966796875
; 3886; 30.350116729736328
; 3906; 30.300117492675781
; 3928; 30.250118255615234
; 3949; 30.200119018554688
; 3971; 30.150119781494141
; 3992; 30.100120544433594
; 4012; 30.050121307373047
; 4034; 30.0001220703125
; 4055; 29.950122833251953
; 4077; 29.900123596191406
; 4098; 29.850124359130859
; 4119; 29.800125122070313
; 4140; 29.750125885009766
; 4161; 29.700126647949219
; 4183; 29.650127410888672
; 4203; 29.600128173828125
; 4225; 29.550128936767578
; 4246; 29.500129699707031
; 4268; 29.450130462646484
; 4289; 29.400131225585938
; 4309; 29.350131988525391
; 4331; 29.300132751464844
; 4351; 29.250133514404297
; 4372; 29.20013427734375
; 4394; 29.150135040283203
; 4415; 29.100135803222656
; 4437; 29.050136566162109
; 4458; 29.000137329101563
; 4480; 28.950138092041016
; 4501; 28.900138854980469
; 4522; 28.850139617919922
; 4544; 28.800140380859375
; 4565; 28.750141143798828
; 4587; 28.700141906738281
; 4608; 28.650142669677734
; 4629; 28.600143432617188
; 4651; 28.550144195556641
; 4671; 28.500144958496094
; 4693; 28.450145721435547
; 4714; 28.400146484375
; 4735; 28.350147247314453
; 4757; 28.300148010253906
; 4778; 28.250148773193359
; 4800; 28.200149536132813
; 4820; 28.150150299072266
; 4841; 28.100151062011719
; 4863; 28.050151824951172
; 4884; 28.000152587890625
; 4904; 27.950153350830078
; 4925; 27.900154113769531
; 4946; 27.850154876708984
; 4968; 27.800155639648438
; 4989; 27.750156402587891
; 5010; 27.700157165527344
; 5032; 27.650157928466797
; 5052; 27.60015869140625
; 5074; 27.550159454345703
; 5094; 27.500160217285156
; 5116; 27.450160980224609
; 5136; 27.400161743164063
; 5158; 27.350162506103516
; 5179; 27.300163269042969
; 5201; 27.250164031982422
; 5222; 27.200164794921875
; 5244; 27.150165557861328
; 5265; 27.100166320800781
; 5287; 27.050167083740234
; 5308; 27.000167846679688
; 5329; 26.950168609619141
; 5351; 26.900169372558594
; 5372; 26.850170135498047
; 5394; 26.8001708984375
; 5415; 26.750171661376953
; 5436; 26.700172424316406
; 5458; 26.650173187255859
; 5479; 26.600173950195313
; 5501; 26.550174713134766
; 5521; 26.500175476074219
; 5542; 26.450176239013672
; 5564; 26.400177001953125
; 5585; 26.350177764892578
; 5605; 26.300178527832031
; 5627; 26.250179290771484
; 5648; 26.200180053710938
; 5670; 26.150180816650391
; 5691; 26.100181579589844
; 5711; 26.050182342529297
; 5733; 26.00018310546875
; 5754; 25.950183868408203
; 5776; 25.900184631347656
; 5797; 25.850185394287109
; 5817; 25.800186157226563
; 5839; 25.750186920166016
; 5860; 25.700187683105469
; 5882; 25.650188446044922
; 5903; 25.600189208984375
; 5924; 25.550189971923828
; 5944; 25.500190734863281
; 5966; 25.450191497802734
; 5987; 25.400192260742188
; 6008; 25.350193023681641
; 6030; 25.300193786621094
; 6051; 25.250194549560547
; 6073; 25.2001953125
; 6094; 25.150196075439453
; 6114; 25.100196838378906
; 6136; 25.050197601318359
; 6157; 25.000198364257813
; 6179; 24.950199127197266
; 6200; 24.900199890136719
; 6221; 24.850200653076172
; 6243; 24.800201416015625
; 6264; 24.750202178955078
; 6286; 24.700202941894531
; 6306; 24.650203704833984
; 6328; 24.600204467773438
; 6349; 24.550205230712891
; 6370; 24.500205993652344
; 6391; 24.450206756591797
; 6413; 24.40020751953125
; 6434; 24.350208282470703
; 6456; 24.300209045410156
; 6478; 24.250209808349609
; 6498; 24.200210571289063
; 6520; 24.150211334228516
; 6540; 24.100212097167969
; 6562; 24.050212860107422
; 6583; 24.000213623046875
; 6605; 23.950214385986328
; 6626; 23.900215148925781
; 6646; 23.850215911865234
; 6667; 23.800216674804688
; 6688; 23.750217437744141
; 6710; 23.700218200683594
; 6731; 23.650218963623047
; 6753; 23.6002197265625
; 6774; 23.550220489501953
; 6796; 23.500221252441406
; 6816; 23.450222015380859
; 6837; 23.400222778320313
; 6859; 23.350223541259766
; 6880; 23.300224304199219
; 6902; 23.250225067138672
; 6922; 23.200225830078125
; 6943; 23.150226593017578
; 6965; 23.100227355957031
; 6986; 23.050228118896484
; 7008; 23.000228881835938
; 7030; 22.950229644775391
; 7051; 22.900230407714844
; 7073; 22.850231170654297
; 7094; 22.80023193359375
; 7114; 22.750232696533203
; 7134; 22.700233459472656
; 7156; 22.650234222412109
; 7177; 22.600234985351563
; 7199; 22.550235748291016
; 7220; 22.500236511230469
; 7242; 22.450237274169922
; 7263; 22.400238037109375
; 7284; 22.350238800048828
; 7306; 22.300239562988281
; 7326; 22.250240325927734
; 7347; 22.200241088867188
; 7368; 22.150241851806641
; 7390; 22.100242614746094
; 7411; 22.050243377685547
; 7432; 22.000244140625
; 7454; 21.950244903564453
; 7475; 21.900245666503906
; 7497; 21.850246429443359
; 7517; 21.800247192382813
; 7538; 21.750247955322266
; 7560; 21.700248718261719
; 7581; 21.650249481201172
; 7603; 21.600250244140625
; 7623; 21.550251007080078
; 7644; 21.500251770019531
; 7665; 21.450252532958984
; 7685; 21.400253295898438
; 7705; 21.350254058837891
; 7726; 21.300254821777344
; 7748; 21.250255584716797
; 7769; 21.20025634765625
; 7790; 21.150257110595703
; 7812; 21.100257873535156
; 7833; 21.050258636474609
; 7855; 21.000259399414063
; 7877; 20.950260162353516
; 7898; 20.900260925292969
; 7920; 20.850261688232422
; 7941; 20.800262451171875
; 7963; 20.750263214111328
; 7984; 20.700263977050781
; 8006; 20.650264739990234
; 8026; 20.600265502929688
; 8047; 20.550266265869141
; 8069; 20.500267028808594
; 8090; 20.450267791748047
; 8110; 20.4002685546875
; 8132; 20.350269317626953
; 8152; 20.300270080566406
; 8174; 20.250270843505859
; 8195; 20.200271606445313
; 8215; 20.150272369384766
; 8237; 20.100273132324219
; 8258; 20.050273895263672
; 8280; 20.000274658203125
; 8301; 19.950275421142578
; 8322; 19.900276184082031
; 8344; 19.850276947021484
; 8364; 19.800277709960938
; 8386; 19.750278472900391
; 8408; 19.700279235839844
; 8429; 19.650279998779297
; 8451; 19.60028076171875
; 8470; 19.550281524658203
; 8492; 19.500282287597656
; 8513; 19.450283050537109
; 8534; 19.400283813476563
; 8556; 19.350284576416016
; 8577; 19.300285339355469
; 8599; 19.250286102294922
; 8619; 19.200286865234375
; 8639; 19.150287628173828
; 8661; 19.100288391113281
; 8682; 19.050289154052734
; 8704; 19.000289916992188
; 8725; 18.950290679931641
; 8747; 18.900291442871094
; 8767; 18.850292205810547
; 8789; 18.80029296875
; 8810; 18.750293731689453
; 8831; 18.700294494628906
; 8853; 18.650295257568359
; 8874; 18.600296020507813
; 8896; 18.550296783447266
; 8916; 18.500297546386719
; 8937; 18.450298309326172
; 8959; 18.400299072265625
; 8979; 18.350299835205078
; 9000; 18.300300598144531
; 9020; 18.250301361083984
; 9041; 18.200302124023438
; 9063; 18.150302886962891
; 9084; 18.100303649902344
; 9106; 18.050304412841797
; 9126; 18.00030517578125
; 9147; 17.950305938720703
; 9169; 17.900306701660156
; 9190; 17.850307464599609
; 9212; 17.800308227539063
; 9234; 17.750308990478516
; 9255; 17.700309753417969
; 9276; 17.650310516357422
; 9297; 17.600311279296875
; 9318; 17.550312042236328
; 9340; 17.500312805175781
; 9361; 17.450313568115234
; 9383; 17.400314331054688
; 9404; 17.350315093994141
; 9425; 17.300315856933594
; 9446; 17.250316619873047
; 9467; 17.2003173828125
; 9489; 17.150318145751953
; 9509; 17.100318908691406
; 9530; 17.050319671630859
; 9551; 17.000320434570313
; 9573; 16.950321197509766
; 9594; 16.900321960449219
; 9616; 16.850322723388672
; 9637; 16.800323486328125
; 9659; 16.750324249267578
; 9679; 16.700325012207031
; 9701; 16.650325775146484
; 9722; 16.600326538085938
; 9743; 16.550327301025391
; 9765; 16.500328063964844
; 9785; 16.450328826904297
; 9805; 16.40032958984375
; 9826; 16.350330352783203
; 9848; 16.300331115722656
; 9869; 16.250331878662109
; 9890; 16.200332641601563
; 9911; 16.150333404541016
; 9932; 16.100334167480469
; 9953; 16.050334930419922
; 9974; 16.000335693359375
; 9995; 15.950335502624512
; 10017; 15.900335311889648
; 10038; 15.850335121154785
; 10059; 15.800334930419922
; 10080; 15.750334739685059
; 10102; 15.700334548950195
; 10122; 15.650334358215332
; 10142; 15.600334167480469
; 10163; 15.550333976745605
; 10185; 15.500333786010742
; 10205; 15.450333595275879
; 10226; 15.400333404541016
; 10248; 15.350333213806152
; 10269; 15.300333023071289
; 10291; 15.250332832336426
; 10312; 15.200332641601563
; 10334; 15.1503324508667
; 10355; 15.100332260131836
; 10377; 15.050332069396973
; 10398; 15.000331878662109
; 10420; 14.950331687927246
; 10441; 14.900331497192383
; 10463; 14.85033130645752
; 10484; 14.800331115722656
; 10504; 14.750330924987793
; 10525; 14.70033073425293
; 10546; 14.650330543518066
; 10567; 14.600330352783203
; 10588; 14.55033016204834
; 10610; 14.500329971313477
; 10631; 14.450329780578613
; 10653; 14.40032958984375
; 10674; 14.350329399108887
; 10696; 14.300329208374023
; 10717; 14.25032901763916
; 10738; 14.200328826904297
; 10760; 14.150328636169434
; 10781; 14.10032844543457
; 10803; 14.050328254699707
; 10823; 14.000328063964844
; 10844; 13.95032787322998
; 10866; 13.900327682495117
; 10887; 13.850327491760254
; 10909; 13.800327301025391
; 10931; 13.750327110290527
; 10952; 13.700326919555664
; 10974; 13.6503267288208
; 10994; 13.600326538085938
; 11015; 13.550326347351074
; 11037; 13.500326156616211
; 11058; 13.450325965881348
; 11080; 13.400325775146484
; 11101; 13.350325584411621
; 11121; 13.300325393676758
; 11143; 13.250325202941895
; 11164; 13.200325012207031
; 11186; 13.150324821472168
; 11207; 13.100324630737305
; 11228; 13.050324440002441
; 11249; 13.000324249267578
; 11270; 12.950324058532715
; 11292; 12.900323867797852
; 11313; 12.850323677062988
; 11335; 12.800323486328125
; 11356; 12.750323295593262
; 11378; 12.700323104858398
; 11399; 12.650322914123535
; 11420; 12.700323104858398
; 11441; 12.750323295593262
; 11463; 12.800323486328125
; 11483; 12.850323677062988
; 11505; 12.900323867797852
; 11526; 12.950324058532715
; 11546; 13.000324249267578
; 11567; 13.050324440002441
; 11589; 13.100324630737305
; 11610; 13.150324821472168
; 11630; 13.200325012207031
; 11651; 13.250325202941895
; 11673; 13.300325393676758
; 11694; 13.350325584411621
; 11716; 13.400325775146484
; 11737; 13.450325965881348
; 11759; 13.500326156616211
; 11780; 13.550326347351074
; 11802; 13.600326538085938
; 11822; 13.6503267288208
; 11844; 13.700326919555664
; 11865; 13.750327110290527
; 11887; 13.800327301025391
; 11908; 13.850327491760254
; 11929; 13.900327682495117
; 11951; 13.95032787322998
; 11972; 14.000328063964844
; 11993; 14.050328254699707
; 12013; 14.10032844543457
; 12034; 14.150328636169434
; 12056; 14.200328826904297
; 12077; 14.25032901763916
; 12099; 14.300329208374023
; 12120; 14.350329399108887
; 12141; 14.40032958984375
; 12163; 14.450329780578613
; 12184; 14.500329971313477
; 12206; 14.55033016204834
; 12227; 14.600330352783203
; 12249; 14.650330543518066
; 12270; 14.70033073425293
; 12292; 14.750330924987793
; 12313; 14.800331115722656
; 12334; 14.85033130645752
; 12356; 14.900331497192383
; 12377; 14.950331687927246
; 12399; 15.000331878662109
; 12419; 15.050332069396973
; 12440; 15.100332260131836
; 12462; 15.1503324508667
; 12483; 15.200332641601563
; 12505; 15.250332832336426
; 12525; 15.300333023071289
; 12546; 15.350333213806152
; 12568; 15.400333404541016
; 12589; 15.450333595275879
; 12611; 15.500333786010742
; 12631; 15.550333976745605
; 12652; 15.600334167480469
; 12674; 15.650334358215332
; 12695; 15.700334548950195
; 12716; 15.750334739685059
; 12737; 15.800334930419922
; 12756; 15.850335121154785
; 12778; 15.900335311889648
; 12798; 15.950335502624512
; 12819; 16.000335693359375
; 12841; 16.050334930419922
; 12862; 16.100334167480469
; 12884; 16.150333404541016
; 12905; 16.200332641601563
; 12925; 16.250331878662109
; 12947; 16.300331115722656
; 12968; 16.350330352783203
; 12990; 16.40032958984375
; 13011; 16.450328826904297
; 13031; 16.500328063964844
; 13053; 16.550327301025391
; 13075; 16.600326538085938
; 13095; 16.650325775146484
; 13117; 16.700325012207031
; 13136; 16.750324249267578
; 13157; 16.800323486328125
; 13178; 16.850322723388672
; 13200; 16.900321960449219
; 13220; 16.950321197509766
; 13242; 17.000320434570313
; 13263; 17.050319671630859
; 13284; 17.100318908691406
; 13305; 17.150318145751953
; 13325; 17.2003173828125
; 13347; 17.250316619873047
; 13368; 17.300315856933594
; 13390; 17.350315093994141
; 13411; 17.400314331054688
; 13431; 17.450313568115234
; 13453; 17.500312805175781
; 13474; 17.550312042236328
; 13496; 17.600311279296875
; 13517; 17.650310516357422
; 13538; 17.700309753417969
; 13559; 17.750308990478516
; 13581; 17.800308227539063
; 13602; 17.850307464599609
; 13624; 17.900306701660156
; 13645; 17.950305938720703
; 13667; 18.00030517578125
; 13688; 18.050304412841797
; 13710; 18.100303649902344
; 13731; 18.150302886962891
; 13752; 18.200302124023438
; 13774; 18.250301361083984
; 13795; 18.300300598144531
; 13817; 18.350299835205078
; 13837; 18.400299072265625
; 13858; 18.450298309326172
; 13880; 18.500297546386719
; 13901; 18.550296783447266
; 13921; 18.600296020507813
; 13942; 18.650295257568359
; 13963; 18.700294494628906
; 13985; 18.750293731689453
; 14006; 18.80029296875
; 14027; 18.850292205810547
; 14049; 18.900291442871094
; 14070; 18.950290679931641
; 14092; 19.000289916992188
; 14113; 19.050289154052734
; 14134; 19.100288391113281
; 14155; 19.150287628173828
; 14176; 19.200286865234375
; 14198; 19.250286102294922
; 14219; 19.300285339355469
; 14240; 19.350284576416016
; 14261; 19.400283813476563
; 14283; 19.450283050537109
; 14303; 19.500282287597656
; 14323; 19.550281524658203
; 14345; 19.60028076171875
; 14366; 19.650279998779297
; 14388; 19.700279235839844
; 14409; 19.750278472900391
; 14430; 19.800277709960938
; 14450; 19.850276947021484
; 14472; 19.900276184082031
; 14493; 19.950275421142578
; 14515; 20.000274658203125
; 14535; 20.050273895263672
; 14556; 20.100273132324219
; 14577; 20.150272369384766
; 14598; 20.200271606445313
; 14620; 20.250270843505859
; 14640; 20.300270080566406
; 14660; 20.350269317626953
; 14681; 20.4002685546875
; 14703; 20.450267791748047
; 14725; 20.500267028808594
; 14745; 20.550266265869141
; 14766; 20.600265502929688
; 14787; 20.650264739990234
; 14809; 20.700263977050781
; 14831; 20.750263214111328
; 14852; 20.800262451171875
; 14874; 20.850261688232422
; 14895; 20.900260925292969
; 14916; 20.950260162353516
; 14937; 21.000259399414063
; 14958; 21.050258636474609
; 14980; 21.100257873535156
; 15001; 21.150257110595703
; 15023; 21.20025634765625
; 15045; 21.250255584716797
; 15065; 21.300254821777344
; 15085; 21.350254058837891
; 15106; 21.400253295898438
; 15127; 21.450252532958984
; 15149; 21.500251770019531
; 15170; 21.550251007080078
; 15192; 21.600250244140625
; 15213; 21.650249481201172
; 15233; 21.700248718261719
; 15255; 21.750247955322266
; 15276; 21.800247192382813
; 15298; 21.850246429443359
; 15318; 21.900245666503906
; 15339; 21.950244903564453
; 15360; 22.000244140625
; 15382; 22.050243377685547
; 15402; 22.100242614746094
; 15422; 22.150241851806641
; 15444; 22.200241088867188
; 15465; 22.250240325927734
; 15486; 22.300239562988281
; 15507; 22.350238800048828
; 15528; 22.400238037109375
; 15549; 22.450237274169922
; 15571; 22.500236511230469
; 15592; 22.550235748291016
; 15614; 22.600234985351563
; 15634; 22.650234222412109
; 15655; 22.700233459472656
; 15677; 22.750232696533203
; 15699; 22.80023193359375
; 15720; 22.850231170654297
; 15740; 22.900230407714844
; 15762; 22.950229644775391
; 15783; 23.000228881835938
; 15805; 23.050228118896484
; 15826; 23.100227355957031
; 15847; 23.150226593017578
; 15867; 23.200225830078125
; 15889; 23.250225067138672
; 15909; 23.300224304199219
; 15930; 23.350223541259766
; 15951; 23.400222778320313
; 15973; 23.450222015380859
; 15994; 23.500221252441406
; 16015; 23.550220489501953
; 16037; 23.6002197265625
; 16059; 23.650218963623047
; 16080; 23.700218200683594
; 16101; 23.750217437744141
; 16123; 23.800216674804688
; 16143; 23.850215911865234
; 16165; 23.900215148925781
; 16186; 23.950214385986328
; 16207; 24.000213623046875
; 16228; 24.050212860107422
; 16249; 24.100212097167969
; 16271; 24.150211334228516
; 16293; 24.200210571289063
; 16314; 24.250209808349609
; 16336; 24.300209045410156
; 16357; 24.350208282470703
; 16379; 24.40020751953125
; 16400; 24.450206756591797
; 16422; 24.500205993652344
; 16442; 24.550205230712891
; 16463; 24.600204467773438
; 16483; 24.650203704833984
; 16505; 24.700202941894531
; 16526; 24.750202178955078
; 16548; 24.800201416015625
; 16569; 24.850200653076172
; 16590; 24.900199890136719
; 16612; 24.950199127197266
; 16633; 25.000198364257813
; 16655; 25.050197601318359
; 16676; 25.100196838378906
; 16698; 25.150196075439453
; 16718; 25.2001953125
; 16739; 25.250194549560547
; 16761; 25.300193786621094
; 16782; 25.350193023681641
; 16804; 25.400192260742188
; 16825; 25.450191497802734
; 16846; 25.500190734863281
; 16868; 25.550189971923828
; 16889; 25.600189208984375
; 16910; 25.650188446044922
; 16930; 25.700187683105469
; 16951; 25.750186920166016
; 16973; 25.800186157226563
; 16994; 25.850185394287109
; 17015; 25.900184631347656
; 17035; 25.950183868408203
; 17057; 26.00018310546875
; 17078; 26.050182342529297
; 17099; 26.100181579589844
; 17120; 26.150180816650391
; 17141; 26.200180053710938
; 17163; 26.250179290771484
; 17184; 26.300178527832031
; 17206; 26.350177764892578
; 17228; 26.400177001953125
; 17249; 26.450176239013672
; 17271; 26.500175476074219
; 17292; 26.550174713134766
; 17314; 26.600173950195313
; 17334; 26.650173187255859
; 17355; 26.700172424316406
; 17375; 26.750171661376953
; 17395; 26.8001708984375
; 17417; 26.850170135498047
; 17438; 26.900169372558594
; 17460; 26.950168609619141
; 17481; 27.000167846679688
; 17503; 27.050167083740234
; 17524; 27.100166320800781
; 17544; 27.150165557861328
; 17565; 27.200164794921875
; 17587; 27.250164031982422
; 17608; 27.300163269042969
; 17629; 27.350162506103516
; 17650; 27.400161743164063
; 17671; 27.450160980224609
; 17691; 27.500160217285156
; 17713; 27.550159454345703
; 17734; 27.60015869140625
; 17756; 27.650157928466797
; 17777; 27.700157165527344
; 17799; 27.750156402587891
; 17820; 27.800155639648438
; 17841; 27.850154876708984
; 17862; 27.900154113769531
; 17884; 27.950153350830078
; 17905; 28.000152587890625
; 17925; 28.050151824951172
; 17945; 28.100151062011719
; 17966; 28.150150299072266
; 17988; 28.200149536132813
; 18009; 28.250148773193359
; 18029; 28.300148010253906
; 18051; 28.350147247314453
; 18072; 28.400146484375
; 18094; 28.450145721435547
; 18115; 28.500144958496094
; 18136; 28.550144195556641
; 18158; 28.600143432617188
; 18179; 28.650142669677734
; 18200; 28.700141906738281
; 18222; 28.750141143798828
; 18243; 28.800140380859375
; 18265; 28.850139617919922
; 18286; 28.900138854980469
; 18308; 28.950138092041016
; 18328; 29.000137329101563
; 18348; 29.050136566162109
; 18369; 29.100135803222656
; 18390; 29.150135040283203
; 18411; 29.20013427734375
; 18431; 29.250133514404297
; 18451; 29.300132751464844
; 18472; 29.350131988525391
; 18493; 29.400131225585938
; 18514; 29.450130462646484
; 18535; 29.500129699707031
; 18556; 29.550128936767578
; 18578; 29.600128173828125
; 18599; 29.650127410888672
; 18621; 29.700126647949219
; 18642; 29.750125885009766
; 18663; 29.800125122070313
; 18685; 29.850124359130859
; 18707; 29.900123596191406
; 18728; 29.950122833251953
; 18748; 30.0001220703125
; 18770; 30.050121307373047
; 18791; 30.100120544433594
; 18813; 30.150119781494141
; 18833; 30.200119018554688
; 18854; 30.250118255615234
; 18875; 30.300117492675781
; 18896; 30.350116729736328
; 18918; 30.400115966796875
; 18939; 30.450115203857422
; 18960; 30.500114440917969
; 18981; 30.550113677978516
; 19002; 30.600112915039063
; 19024; 30.650112152099609
; 19045; 30.700111389160156
; 19065; 30.750110626220703
; 19086; 30.80010986328125
; 19107; 30.850109100341797
; 19129; 30.900108337402344
; 19149; 30.950107574462891
; 19170; 31.000106811523438
; 19191; 31.050106048583984
; 19212; 31.100105285644531
; 19233; 31.150104522705078
; 19254; 31.200103759765625
; 19275; 31.250102996826172
; 19297; 31.300102233886719
; 19316; 31.350101470947266
; 19337; 31.400100708007813
; 19359; 31.450099945068359
; 19380; 31.500099182128906
; 19402; 31.550098419189453
; 19423; 31.60009765625
; 19443; 31.650096893310547
; 19464; 31.700096130371094
; 19485; 31.750095367431641
; 19507; 31.800094604492188
; 19527; 31.850093841552734
; 19549; 31.900093078613281
; 19570; 31.950092315673828
; 19592; 32.000091552734375
; 19613; 32.050090789794922
; 19634; 32.100090026855469
; 19655; 32.150089263916016
; 19676; 32.200088500976563
; 19697; 32.250087738037109
; 19718; 32.300086975097656
; 19738; 32.3500862121582
; 19760; 32.40008544921875
; 19780; 32.4500846862793
; 19801; 32.500083923339844
; 19822; 32.550083160400391
; 19843; 32.600082397460938
; 19865; 32.650081634521484
; 19886; 32.700080871582031
; 19908; 32.750080108642578
; 19928; 32.800079345703125
; 19949; 32.850078582763672
; 19970; 32.900077819824219
; 19991; 32.950077056884766
; 20013; 33.000076293945313
; 20033; 33.050075531005859
; 20055; 33.100074768066406
; 20076; 33.150074005126953
; 20098; 33.2000732421875
; 20119; 33.250072479248047
; 20139; 33.300071716308594
; 20161; 33.350070953369141
; 20182; 33.400070190429688
; 20204; 33.450069427490234
; 20225; 33.500068664550781
; 20245; 33.550067901611328
; 20267; 33.600067138671875
; 20288; 33.650066375732422
; 20310; 33.700065612792969
; 20330; 33.750064849853516
; 20350; 33.800064086914063
; 20371; 33.850063323974609
; 20392; 33.900062561035156
; 20414; 33.9500617980957
; 20435; 34.00006103515625
; 20457; 34.0500602722168
; 20478; 34.100059509277344
; 20500; 34.150058746337891
; 20521; 34.200057983398438
; 20542; 34.250057220458984
; 20564; 34.300056457519531
; 20585; 34.350055694580078
; 20607; 34.400054931640625
; 20628; 34.450054168701172
; 20649; 34.500053405761719
; 20671; 34.550052642822266
; 20692; 34.600051879882813
; 20713; 34.650051116943359
; 20735; 34.700050354003906
10.Variable; PLC_PRG.target_level
10.Address.AddrFlags; 0x00000000
10.Class; 14
10.Size; 4
10.GraphColor; 4286611584
10.GraphType; 1
10.MinWarningColor; 4278190080
10.MaxWarningColor; 4294901760
10.CriticalLowerLimit; 0
10.CriticalUpperLimit; 0
10.ActivateMinWarning; 0
10.ActivateMaxWarning; 0
10.YAxis; 0
10.Data; 
; 11; 55
; 33; 55
; 54; 55
; 76; 55
; 96; 55
; 117; 55
; 139; 55
; 160; 55
; 181; 55
; 202; 55
; 223; 55
; 245; 55
; 266; 55
; 288; 55
; 308; 55
; 329; 55
; 350; 55
; 372; 55
; 393; 55
; 415; 55
; 436; 55
; 458; 55
; 479; 55
; 500; 55
; 522; 55
; 543; 55
; 565; 55
; 585; 55
; 605; 55
; 627; 55
; 648; 55
; 669; 55
; 691; 55
; 712; 55
; 734; 55
; 755; 55
; 777; 55
; 797; 55
; 818; 55
; 840; 55
; 861; 55
; 883; 55
; 903; 55
; 923; 55
; 944; 55
; 965; 55
; 987; 55
; 1007; 55
; 1028; 55
; 1050; 55
; 1070; 55
; 1092; 55
; 1113; 55
; 1134; 55
; 1156; 55
; 1177; 55
; 1197; 55
; 1219; 55
; 1240; 55
; 1262; 55
; 1283; 55
; 1304; 55
; 1325; 55
; 1346; 55
; 1367; 55
; 1389; 55
; 1410; 55
; 1432; 55
; 1453; 55
; 1475; 55
; 1496; 55
; 1517; 55
; 1539; 55
; 1560; 55
; 1582; 55
; 1602; 55
; 1623; 55
; 1644; 55
; 1665; 55
; 1687; 55
; 1708; 55
; 1728; 55
; 1749; 55
; 1770; 55
; 1792; 55
; 1812; 55
; 1832; 55
; 1854; 55
; 1875; 55
; 1897; 55
; 1918; 55
; 1940; 55
; 1961; 55
; 1983; 55
; 2004; 55
; 2025; 55
; 2045; 55
; 2067; 55
; 2088; 55
; 2109; 55
; 2130; 55
; 2151; 55
; 2173; 55
; 2194; 55
; 2215; 55
; 2235; 55
; 2256; 55
; 2276; 55
; 2298; 55
; 2319; 55
; 2339; 55
; 2361; 55
; 2382; 55
; 2402; 55
; 2424; 55
; 2445; 55
; 2467; 55
; 2487; 55
; 2508; 55
; 2530; 55
; 2551; 55
; 2572; 55
; 2593; 55
; 2615; 55
; 2636; 55
; 2658; 55
; 2679; 55
; 2699; 55
; 2721; 55
; 2742; 55
; 2764; 55
; 2785; 55
; 2807; 55
; 2828; 55
; 2850; 55
; 2871; 55
; 2893; 55
; 2914; 55
; 2935; 55
; 2957; 55
; 2978; 55
; 3000; 55
; 3022; 55
; 3043; 55
; 3065; 55
; 3086; 55
; 3106; 55
; 3128; 55
; 3149; 55
; 3171; 55
; 3192; 55
; 3212; 55
; 3234; 55
; 3255; 55
; 3276; 55
; 3296; 55
; 3318; 55
; 3338; 55
; 3359; 55
; 3381; 55
; 3401; 55
; 3422; 55
; 3444; 55
; 3465; 55
; 3487; 55
; 3508; 55
; 3530; 55
; 3551; 55
; 3573; 55
; 3593; 55
; 3614; 55
; 3633; 55
; 3654; 55
; 3674; 55
; 3695; 55
; 3717; 55
; 3738; 55
; 3760; 55
; 3781; 55
; 3802; 55
; 3822; 55
; 3843; 55
; 3865; 55
; 3886; 55
; 3906; 55
; 3928; 55
; 3949; 55
; 3971; 55
; 3992; 55
; 4012; 55
; 4034; 55
; 4055; 55
; 4077; 55
; 4098; 55
; 4119; 55
; 4140; 55
; 4161; 55
; 4183; 55
; 4203; 55
; 4225; 55
; 4246; 55
; 4268; 55
; 4289; 55
; 4309; 55
; 4331; 55
; 4351; 55
; 4372; 55
; 4394; 55
; 4415; 55
; 4437; 55
; 4458; 55
; 4480; 55
; 4501; 55
; 4522; 55
; 4544; 55
; 4565; 55
; 4587; 55
; 4608; 55
; 4629; 55
; 4651; 55
; 4671; 55
; 4693; 55
; 4714; 55
; 4735; 55
; 4757; 55
; 4778; 55
; 4800; 55
; 4820; 55
; 4841; 55
; 4863; 55
; 4884; 55
; 4904; 55
; 4925; 55
; 4946; 55
; 4968; 55
; 4989; 55
; 5010; 55
; 5032; 55
; 5052; 55
; 5074; 55
; 5094; 55
; 5116; 55
; 5136; 55
; 5158; 55
; 5179; 55
; 5201; 55
; 5222; 55
; 5244; 55
; 5265; 55
; 5287; 55
; 5308; 55
; 5329; 55
; 5351; 55
; 5372; 55
; 5394; 55
; 5415; 55
; 5436; 55
; 5458; 55
; 5479; 55
; 5501; 55
; 5521; 55
; 5542; 55
; 5564; 55
; 5585; 55
; 5605; 55
; 5627; 55
; 5648; 55
; 5670; 55
; 5691; 55
; 5711; 55
; 5733; 55
; 5754; 55
; 5776; 55
; 5797; 55
; 5817; 55
; 5839; 55
; 5860; 55
; 5882; 55
; 5903; 55
; 5924; 55
; 5944; 55
; 5966; 55
; 5987; 55
; 6008; 55
; 6030; 55
; 6051; 55
; 6073; 55
; 6094; 55
; 6114; 55
; 6136; 55
; 6157; 55
; 6179; 55
; 6200; 55
; 6221; 55
; 6243; 55
; 6264; 55
; 6286; 55
; 6306; 55
; 6328; 55
; 6349; 55
; 6370; 55
; 6391; 55
; 6413; 55
; 6434; 55
; 6456; 55
; 6478; 55
; 6498; 55
; 6520; 55
; 6540; 55
; 6562; 55
; 6583; 55
; 6605; 55
; 6626; 55
; 6646; 55
; 6667; 55
; 6688; 55
; 6710; 55
; 6731; 55
; 6753; 55
; 6774; 55
; 6796; 55
; 6816; 55
; 6837; 55
; 6859; 55
; 6880; 55
; 6902; 55
; 6922; 55
; 6943; 55
; 6965; 55
; 6986; 55
; 7008; 55
; 7030; 55
; 7051; 55
; 7073; 55
; 7094; 55
; 7114; 55
; 7134; 55
; 7156; 55
; 7177; 55
; 7199; 55
; 7220; 55
; 7242; 55
; 7263; 55
; 7284; 55
; 7306; 55
; 7326; 55
; 7347; 55
; 7368; 55
; 7390; 55
; 7411; 55
; 7432; 55
; 7454; 55
; 7475; 55
; 7497; 55
; 7517; 55
; 7538; 55
; 7560; 55
; 7581; 55
; 7603; 55
; 7623; 55
; 7644; 55
; 7665; 55
; 7685; 55
; 7705; 55
; 7726; 55
; 7748; 55
; 7769; 55
; 7790; 55
; 7812; 55
; 7833; 55
; 7855; 55
; 7877; 55
; 7898; 55
; 7920; 55
; 7941; 55
; 7963; 55
; 7984; 55
; 8006; 55
; 8026; 55
; 8047; 55
; 8069; 55
; 8090; 55
; 8110; 55
; 8132; 55
; 8152; 55
; 8174; 55
; 8195; 55
; 8215; 55
; 8237; 55
; 8258; 55
; 8280; 55
; 8301; 55
; 8322; 55
; 8344; 55
; 8364; 55
; 8386; 55
; 8408; 55
; 8429; 55
; 8451; 55
; 8470; 55
; 8492; 55
; 8513; 55
; 8534; 55
; 8556; 55
; 8577; 55
; 8599; 55
; 8619; 55
; 8639; 55
; 8661; 55
; 8682; 55
; 8704; 55
; 8725; 55
; 8747; 55
; 8767; 55
; 8789; 55
; 8810; 55
; 8831; 55
; 8853; 55
; 8874; 55
; 8896; 55
; 8916; 55
; 8937; 55
; 8959; 55
; 8979; 55
; 9000; 55
; 9020; 55
; 9041; 55
; 9063; 55
; 9084; 55
; 9106; 55
; 9126; 55
; 9147; 55
; 9169; 55
; 9190; 55
; 9212; 55
; 9234; 55
; 9255; 55
; 9276; 55
; 9297; 55
; 9318; 55
; 9340; 55
; 9361; 55
; 9383; 55
; 9404; 55
; 9425; 55
; 9446; 55
; 9467; 55
; 9489; 55
; 9509; 55
; 9530; 55
; 9551; 55
; 9573; 55
; 9594; 55
; 9616; 55
; 9637; 55
; 9659; 55
; 9679; 55
; 9701; 55
; 9722; 55
; 9743; 55
; 9765; 55
; 9785; 55
; 9805; 55
; 9826; 55
; 9848; 55
; 9869; 55
; 9890; 55
; 9911; 55
; 9932; 55
; 9953; 55
; 9974; 55
; 9995; 55
; 10017; 55
; 10038; 55
; 10059; 55
; 10080; 55
; 10102; 55
; 10122; 55
; 10142; 55
; 10163; 55
; 10185; 55
; 10205; 55
; 10226; 55
; 10248; 55
; 10269; 55
; 10291; 55
; 10312; 55
; 10334; 55
; 10355; 55
; 10377; 55
; 10398; 55
; 10420; 55
; 10441; 55
; 10463; 55
; 10484; 55
; 10504; 55
; 10525; 55
; 10546; 55
; 10567; 55
; 10588; 55
; 10610; 55
; 10631; 55
; 10653; 55
; 10674; 55
; 10696; 55
; 10717; 55
; 10738; 55
; 10760; 55
; 10781; 55
; 10803; 55
; 10823; 55
; 10844; 55
; 10866; 55
; 10887; 55
; 10909; 55
; 10931; 55
; 10952; 55
; 10974; 55
; 10994; 55
; 11015; 55
; 11037; 55
; 11058; 55
; 11080; 55
; 11101; 55
; 11121; 55
; 11143; 55
; 11164; 55
; 11186; 55
; 11207; 55
; 11228; 55
; 11249; 55
; 11270; 55
; 11292; 55
; 11313; 55
; 11335; 55
; 11356; 55
; 11378; 55
; 11399; 55
; 11420; 55
; 11441; 55
; 11463; 55
; 11483; 55
; 11505; 55
; 11526; 55
; 11546; 55
; 11567; 55
; 11589; 55
; 11610; 55
; 11630; 55
; 11651; 55
; 11673; 55
; 11694; 55
; 11716; 55
; 11737; 55
; 11759; 55
; 11780; 55
; 11802; 55
; 11822; 55
; 11844; 55
; 11865; 55
; 11887; 55
; 11908; 55
; 11929; 55
; 11951; 55
; 11972; 55
; 11993; 55
; 12013; 55
; 12034; 55
; 12056; 55
; 12077; 55
; 12099; 55
; 12120; 55
; 12141; 55
; 12163; 55
; 12184; 55
; 12206; 55
; 12227; 55
; 12249; 55
; 12270; 55
; 12292; 55
; 12313; 55
; 12334; 55
; 12356; 55
; 12377; 55
; 12399; 55
; 12419; 55
; 12440; 55
; 12462; 55
; 12483; 55
; 12505; 55
; 12525; 55
; 12546; 55
; 12568; 55
; 12589; 55
; 12611; 55
; 12631; 55
; 12652; 55
; 12674; 55
; 12695; 55
; 12716; 55
; 12737; 55
; 12756; 55
; 12778; 55
; 12798; 55
; 12819; 55
; 12841; 55
; 12862; 55
; 12884; 55
; 12905; 55
; 12925; 55
; 12947; 55
; 12968; 55
; 12990; 55
; 13011; 55
; 13031; 55
; 13053; 55
; 13075; 55
; 13095; 55
; 13117; 55
; 13136; 55
; 13157; 55
; 13178; 55
; 13200; 55
; 13220; 55
; 13242; 55
; 13263; 55
; 13284; 55
; 13305; 55
; 13325; 55
; 13347; 55
; 13368; 55
; 13390; 55
; 13411; 55
; 13431; 55
; 13453; 55
; 13474; 55
; 13496; 55
; 13517; 55
; 13538; 55
; 13559; 55
; 13581; 55
; 13602; 55
; 13624; 55
; 13645; 55
; 13667; 55
; 13688; 55
; 13710; 55
; 13731; 55
; 13752; 55
; 13774; 55
; 13795; 55
; 13817; 55
; 13837; 55
; 13858; 55
; 13880; 55
; 13901; 55
; 13921; 55
; 13942; 55
; 13963; 55
; 13985; 55
; 14006; 55
; 14027; 55
; 14049; 55
; 14070; 55
; 14092; 55
; 14113; 55
; 14134; 55
; 14155; 55
; 14176; 55
; 14198; 55
; 14219; 55
; 14240; 55
; 14261; 55
; 14283; 55
; 14303; 55
; 14323; 55
; 14345; 55
; 14366; 55
; 14388; 55
; 14409; 55
; 14430; 55
; 14450; 55
; 14472; 55
; 14493; 55
; 14515; 55
; 14535; 55
; 14556; 55
; 14577; 55
; 14598; 55
; 14620; 55
; 14640; 55
; 14660; 55
; 14681; 55
; 14703; 55
; 14725; 55
; 14745; 55
; 14766; 55
; 14787; 55
; 14809; 55
; 14831; 55
; 14852; 55
; 14874; 55
; 14895; 55
; 14916; 55
; 14937; 55
; 14958; 55
; 14980; 55
; 15001; 55
; 15023; 55
; 15045; 55
; 15065; 55
; 15085; 55
; 15106; 55
; 15127; 55
; 15149; 55
; 15170; 55
; 15192; 55
; 15213; 55
; 15233; 55
; 15255; 55
; 15276; 55
; 15298; 55
; 15318; 55
; 15339; 55
; 15360; 55
; 15382; 55
; 15402; 55
; 15422; 55
; 15444; 55
; 15465; 55
; 15486; 55
; 15507; 55
; 15528; 55
; 15549; 55
; 15571; 55
; 15592; 55
; 15614; 55
; 15634; 55
; 15655; 55
; 15677; 55
; 15699; 55
; 15720; 55
; 15740; 55
; 15762; 55
; 15783; 55
; 15805; 55
; 15826; 55
; 15847; 55
; 15867; 55
; 15889; 55
; 15909; 55
; 15930; 55
; 15951; 55
; 15973; 55
; 15994; 55
; 16015; 55
; 16037; 55
; 16059; 55
; 16080; 55
; 16101; 55
; 16123; 55
; 16143; 55
; 16165; 55
; 16186; 55
; 16207; 55
; 16228; 55
; 16249; 55
; 16271; 55
; 16293; 55
; 16314; 55
; 16336; 55
; 16357; 55
; 16379; 55
; 16400; 55
; 16422; 55
; 16442; 55
; 16463; 55
; 16483; 55
; 16505; 55
; 16526; 55
; 16548; 55
; 16569; 55
; 16590; 55
; 16612; 55
; 16633; 55
; 16655; 55
; 16676; 55
; 16698; 55
; 16718; 55
; 16739; 55
; 16761; 55
; 16782; 55
; 16804; 55
; 16825; 55
; 16846; 55
; 16868; 55
; 16889; 55
; 16910; 55
; 16930; 55
; 16951; 55
; 16973; 55
; 16994; 55
; 17015; 55
; 17035; 55
; 17057; 55
; 17078; 55
; 17099; 55
; 17120; 55
; 17141; 55
; 17163; 55
; 17184; 55
; 17206; 55
; 17228; 55
; 17249; 55
; 17271; 55
; 17292; 55
; 17314; 55
; 17334; 55
; 17355; 55
; 17375; 55
; 17395; 55
; 17417; 55
; 17438; 55
; 17460; 55
; 17481; 55
; 17503; 55
; 17524; 55
; 17544; 55
; 17565; 55
; 17587; 55
; 17608; 55
; 17629; 55
; 17650; 55
; 17671; 55
; 17691; 55
; 17713; 55
; 17734; 55
; 17756; 55
; 17777; 55
; 17799; 55
; 17820; 55
; 17841; 55
; 17862; 55
; 17884; 55
; 17905; 55
; 17925; 55
; 17945; 55
; 17966; 55
; 17988; 55
; 18009; 55
; 18029; 55
; 18051; 55
; 18072; 55
; 18094; 55
; 18115; 55
; 18136; 55
; 18158; 55
; 18179; 55
; 18200; 55
; 18222; 55
; 18243; 55
; 18265; 55
; 18286; 55
; 18308; 55
; 18328; 55
; 18348; 55
; 18369; 55
; 18390; 55
; 18411; 55
; 18431; 55
; 18451; 55
; 18472; 55
; 18493; 55
; 18514; 55
; 18535; 55
; 18556; 55
; 18578; 55
; 18599; 55
; 18621; 55
; 18642; 55
; 18663; 55
; 18685; 55
; 18707; 55
; 18728; 55
; 18748; 55
; 18770; 55
; 18791; 55
; 18813; 55
; 18833; 55
; 18854; 55
; 18875; 55
; 18896; 55
; 18918; 55
; 18939; 55
; 18960; 55
; 18981; 55
; 19002; 55
; 19024; 55
; 19045; 55
; 19065; 55
; 19086; 55
; 19107; 55
; 19129; 55
; 19149; 55
; 19170; 55
; 19191; 55
; 19212; 55
; 19233; 55
; 19254; 55
; 19275; 55
; 19297; 55
; 19316; 55
; 19337; 55
; 19359; 55
; 19380; 55
; 19402; 55
; 19423; 55
; 19443; 55
; 19464; 55
; 19485; 55
; 19507; 55
; 19527; 55
; 19549; 55
; 19570; 55
; 19592; 55
; 19613; 55
; 19634; 55
; 19655; 55
; 19676; 55
; 19697; 55
; 19718; 55
; 19738; 55
; 19760; 55
; 19780; 55
; 19801; 55
; 19822; 55
; 19843; 55
; 19865; 55
; 19886; 55
; 19908; 55
; 19928; 55
; 19949; 55
; 19970; 55
; 19991; 55
; 20013; 55
; 20033; 55
; 20055; 55
; 20076; 55
; 20098; 55
; 20119; 55
; 20139; 55
; 20161; 55
; 20182; 55
; 20204; 55
; 20225; 55
; 20245; 55
; 20267; 55
; 20288; 55
; 20310; 55
; 20330; 55
; 20350; 55
; 20371; 55
; 20392; 55
; 20414; 55
; 20435; 55
; 20457; 55
; 20478; 55
; 20500; 55
; 20521; 55
; 20542; 55
; 20564; 55
; 20585; 55
; 20607; 55
; 20628; 55
; 20649; 55
; 20671; 55
; 20692; 55
; 20713; 55
; 20735; 55
