[key]; [value]
Version; 0x03050000
Name; Application.Trace
ApplicationName; Application
ApplicationDataGuid; 00000000-0000-0000-0000-000000000000
IecTaskName; MainTask
Comment; 
Trigger.Flags; 0
Condition.Name; 
Condition.AddrFlags; 0x00000000
Condition.Class; 0
Condition.Size; 0
EveryNCycles; 1
BufferEntries; 1000
Flags; 16
0.Variable; PLC_PRG.air_flow
0.Address.AddrFlags; 0x00000000
0.Class; 14
0.Size; 4
0.GraphColor; 4292519200
0.GraphType; 1
0.MinWarningColor; 4278190080
0.MaxWarningColor; 4294901760
0.CriticalLowerLimit; 0
0.CriticalUpperLimit; 0
0.ActivateMinWarning; 0
0.ActivateMaxWarning; 0
0.YAxis; 0
0.Data; 
; 2; 30
; 12; 30
; 22; 30
; 33; 30
; 42; 30
; 52; 30
; 62; 30
; 74; 30
; 83; 30
; 95; 30
; 106; 30
; 115; 30
; 127; 30
; 137; 30
; 147; 30
; 157; 30
; 169; 30
; 179; 30
; 191; 30
; 202; 30
; 212; 30
; 224; 30
; 233; 30
; 243; 30
; 255; 30
; 265; 30
; 274; 30
; 286; 30
; 296; 30
; 306; 30
; 318; 30
; 328; 30
; 340; 30
; 349; 30
; 360; 30
; 370; 30
; 380; 30
; 390; 30
; 400; 30
; 411; 30
; 421; 30
; 431; 30
; 441; 30
; 451; 30
; 461; 30
; 473; 30
; 485; 30
; 494; 30
; 506; 30
; 517; 30
; 527; 30
; 538; 30
; 548; 30
; 559; 30
; 570; 30
; 580; 30
; 592; 30
; 602; 30
; 612; 30
; 623; 30
; 634; 30
; 644; 30
; 655; 30
; 665; 30
; 675; 30
; 685; 30
; 695; 30
; 707; 30
; 716; 30
; 726; 30
; 736; 30
; 746; 30
; 756; 30
; 766; 30
; 778; 30
; 787; 30
; 797; 30
; 807; 30
; 817; 30
; 827; 30
; 838; 30
; 848; 30
; 858; 30
; 870; 30
; 879; 30
; 890; 30
; 901; 30
; 911; 30.020000457763672
; 921; 30.040000915527344
; 932; 30.060001373291016
; 943; 30.080001831054688
; 953; 30.100002288818359
; 964; 30.120002746582031
; 975; 30.140003204345703
; 987; 30.160003662109375
; 996; 30.180004119873047
; 1007; 30.200004577636719
; 1019; 30.220005035400391
; 1029; 30.240005493164063
; 1039; 30.260005950927734
; 1049; 30.280006408691406
; 1059; 30.300006866455078
; 1069; 30.32000732421875
; 1079; 30.340007781982422
; 1090; 30.360008239746094
; 1102; 30.380008697509766
; 1113; 30.400009155273438
; 1123; 30.420009613037109
; 1133; 30.440010070800781
; 1145; 30.460010528564453
; 1156; 30.480010986328125
; 1167; 30.500011444091797
; 1177; 30.520011901855469
; 1189; 30.540012359619141
; 1199; 30.560012817382813
; 1210; 30.580013275146484
; 1221; 30.600013732910156
; 1231; 30.620014190673828
; 1241; 30.6400146484375
; 1252; 30.660015106201172
; 1262; 30.680015563964844
; 1273; 30.700016021728516
; 1284; 30.720016479492188
; 1296; 30.740016937255859
; 1307; 30.760017395019531
; 1317; 30.780017852783203
; 1328; 30.800018310546875
; 1339; 30.820018768310547
; 1349; 30.840019226074219
; 1359; 30.860019683837891
; 1368; 30.880020141601563
; 1378; 30.900020599365234
; 1389; 30.920021057128906
; 1401; 30.940021514892578
; 1410; 30.96002197265625
; 1420; 30.980022430419922
; 1430; 31.000022888183594
; 1442; 31.020023345947266
; 1453; 31.040023803710938
; 1463; 31.060024261474609
; 1473; 31.080024719238281
; 1483; 31.100025177001953
; 1493; 31.120025634765625
; 1503; 31.140026092529297
; 1514; 31.160026550292969
; 1525; 31.180027008056641
; 1535; 31.200027465820313
; 1546; 31.220027923583984
; 1557; 31.240028381347656
; 1566; 31.260028839111328
; 1576; 31.280029296875
; 1588; 31.300029754638672
; 1598; 31.320030212402344
; 1607; 31.340030670166016
; 1619; 31.360031127929688
; 1629; 31.380031585693359
; 1639; 31.400032043457031
; 1649; 31.420032501220703
; 1659; 31.440032958984375
; 1669; 31.460033416748047
; 1681; 31.480033874511719
; 1691; 31.500034332275391
; 1703; 31.520034790039063
; 1712; 31.540035247802734
; 1724; 31.560035705566406
; 1735; 31.580036163330078
; 1746; 31.60003662109375
; 1758; 31.620037078857422
; 1767; 31.640037536621094
; 1777; 31.660037994384766
; 1787; 31.680038452148438
; 1799; 31.700038909912109
; 1810; 31.720039367675781
; 1821; 31.740039825439453
; 1832; 31.760040283203125
; 1842; 31.780040740966797
; 1854; 31.800041198730469
; 1864; 31.820041656494141
; 1876; 31.840042114257813
; 1887; 31.860042572021484
; 1899; 31.880043029785156
; 1909; 31.900043487548828
; 1919; 31.9200439453125
; 1930; 31.940044403076172
; 1941; 31.960044860839844
; 1951; 31.980045318603516
; 1960; 32.000045776367188
; 1970; 32.020046234130859
; 1980; 32.040046691894531
; 1990; 32.0600471496582
; 2002; 32.080047607421875
; 2012; 32.100048065185547
; 2021; 32.120048522949219
; 2031; 32.140048980712891
; 2042; 32.160049438476563
; 2053; 32.180049896240234
; 2065; 32.200050354003906
; 2074; 32.220050811767578
; 2084; 32.24005126953125
; 2094; 32.260051727294922
; 2106; 32.280052185058594
; 2117; 32.300052642822266
; 2127; 32.320053100585938
; 2137; 32.340053558349609
; 2147; 32.360054016113281
; 2156; 32.380054473876953
; 2166; 32.400054931640625
; 2178; 32.4200553894043
; 2189; 32.440055847167969
; 2201; 32.460056304931641
; 2211; 32.480056762695313
; 2220; 32.500057220458984
; 2231; 32.520057678222656
; 2241; 32.540058135986328
; 2251; 32.56005859375
; 2262; 32.580059051513672
; 2272; 32.600059509277344
; 2283; 32.620059967041016
; 2293; 32.640060424804688
; 2303; 32.660060882568359
; 2313; 32.680061340332031
; 2323; 32.7000617980957
; 2334; 32.720062255859375
; 2344; 32.740062713623047
; 2354; 32.760063171386719
; 2366; 32.780063629150391
; 2376; 32.800064086914063
; 2387; 32.820064544677734
; 2398; 32.840065002441406
; 2409; 32.860065460205078
; 2418; 32.88006591796875
; 2428; 32.900066375732422
; 2439; 32.920066833496094
; 2448; 32.940067291259766
; 2459; 32.960067749023438
; 2468; 32.980068206787109
; 2478; 33.000068664550781
; 2488; 33.020069122314453
; 2500; 33.040069580078125
; 2509; 33.0600700378418
; 2519; 33.080070495605469
; 2529; 33.100070953369141
; 2541; 33.120071411132813
; 2550; 33.140071868896484
; 2560; 33.160072326660156
; 2572; 33.180072784423828
; 2582; 33.2000732421875
; 2593; 33.220073699951172
; 2605; 33.240074157714844
; 2616; 33.260074615478516
; 2626; 33.280075073242188
; 2636; 33.300075531005859
; 2647; 33.320075988769531
; 2658; 33.3400764465332
; 2668; 33.360076904296875
; 2680; 33.380077362060547
; 2690; 33.400077819824219
; 2700; 33.420078277587891
; 2710; 33.440078735351563
; 2722; 33.460079193115234
; 2732; 33.480079650878906
; 2743; 33.500080108642578
; 2755; 33.52008056640625
; 2764; 33.540081024169922
; 2774; 33.560081481933594
; 2784; 33.580081939697266
; 2794; 33.600082397460938
; 2804; 33.620082855224609
; 2815; 33.640083312988281
; 2824; 33.660083770751953
; 2836; 33.680084228515625
; 2846; 33.7000846862793
; 2857; 33.720085144042969
; 2867; 33.740085601806641
; 2877; 33.760086059570313
; 2888; 33.780086517333984
; 2898; 33.800086975097656
; 2907; 33.820087432861328
; 2919; 33.840087890625
; 2928; 33.860088348388672
; 2938; 33.880088806152344
; 2948; 33.900089263916016
; 2959; 33.920089721679688
; 2969; 33.940090179443359
; 2980; 33.960090637207031
; 2991; 33.9800910949707
; 3001; 34.000091552734375
; 3012; 34.020092010498047
; 3024; 34.040092468261719
; 3035; 34.060092926025391
; 3046; 34.080093383789063
; 3056; 34.100093841552734
; 3068; 34.120094299316406
; 3078; 34.140094757080078
; 3088; 34.16009521484375
; 3097; 34.180095672607422
; 3108; 34.200096130371094
; 3118; 34.220096588134766
; 3130; 34.240097045898438
; 3140; 34.260097503662109
; 3149; 34.280097961425781
; 3161; 34.300098419189453
; 3171; 34.320098876953125
; 3181; 34.3400993347168
; 3190; 34.360099792480469
; 3200; 34.380100250244141
; 3212; 34.400100708007813
; 3224; 34.420101165771484
; 3235; 34.440101623535156
; 3245; 34.460102081298828
; 3255; 34.4801025390625
; 3266; 34.500102996826172
; 3276; 34.520103454589844
; 3287; 34.540103912353516
; 3298; 34.560104370117188
; 3309; 34.580104827880859
; 3319; 34.600105285644531
; 3329; 34.6201057434082
; 3339; 34.640106201171875
; 3349; 34.660106658935547
; 3359; 34.680107116699219
; 3370; 34.700107574462891
; 3380; 34.720108032226563
; 3390; 34.740108489990234
; 3400; 34.760108947753906
; 3411; 34.780109405517578
; 3422; 34.80010986328125
; 3433; 34.820110321044922
; 3444; 34.840110778808594
; 3453; 34.860111236572266
; 3463; 34.880111694335938
; 3473; 34.900112152099609
; 3484; 34.920112609863281
; 3494; 34.940113067626953
; 3505; 34.960113525390625
; 3516; 34.9801139831543
; 3526; 35.000114440917969
; 3536; 35.020114898681641
; 3546; 35.040115356445313
; 3558; 35.060115814208984
; 3569; 35.080116271972656
; 3579; 35.100116729736328
; 3589; 35.1201171875
; 3599; 35.140117645263672
; 3610; 35.160118103027344
; 3622; 35.180118560791016
; 3632; 35.200119018554688
; 3642; 35.220119476318359
; 3651; 35.240119934082031
; 3663; 35.2601203918457
; 3673; 35.280120849609375
; 3683; 35.300121307373047
; 3694; 35.320121765136719
; 3703; 35.340122222900391
; 3715; 35.360122680664063
; 3726; 35.380123138427734
; 3736; 35.400123596191406
; 3746; 35.420124053955078
; 3757; 35.44012451171875
; 3768; 35.460124969482422
; 3778; 35.480125427246094
; 3789; 35.500125885009766
; 3799; 35.520126342773438
; 3808; 35.540126800537109
; 3820; 35.560127258300781
; 3830; 35.580127716064453
; 3840; 35.600128173828125
; 3852; 35.6201286315918
; 3862; 35.640129089355469
; 3872; 35.660129547119141
; 3882; 35.680130004882813
; 3894; 35.700130462646484
; 3904; 35.720130920410156
; 3914; 35.740131378173828
; 3925; 35.7601318359375
; 3935; 35.780132293701172
; 3946; 35.800132751464844
; 3956; 35.820133209228516
; 3966; 35.840133666992188
; 3978; 35.860134124755859
; 3987; 35.880134582519531
; 3998; 35.9001350402832
; 4009; 35.920135498046875
; 4020; 35.940135955810547
; 4032; 35.960136413574219
; 4041; 35.980136871337891
; 4051; 36.000137329101563
; 4061; 36.020137786865234
; 4073; 36.040138244628906
; 4082; 36.060138702392578
; 4092; 36.08013916015625
; 4102; 36.100139617919922
; 4112; 36.120140075683594
; 4122; 36.140140533447266
; 4132; 36.160140991210938
; 4142; 36.180141448974609
; 4152; 36.200141906738281
; 4162; 36.220142364501953
; 4172; 36.240142822265625
; 4182; 36.2601432800293
; 4194; 36.280143737792969
; 4203; 36.300144195556641
; 4215; 36.320144653320313
; 4225; 36.340145111083984
; 4235; 36.360145568847656
; 4246; 36.380146026611328
; 4256; 36.400146484375
; 4266; 36.420146942138672
; 4276; 36.440147399902344
; 4287; 36.460147857666016
; 4297; 36.480148315429688
; 4308; 36.500148773193359
; 4318; 36.520149230957031
; 4328; 36.5401496887207
; 4337; 36.560150146484375
; 4349; 36.580150604248047
; 4358; 36.600151062011719
; 4368; 36.620151519775391
; 4379; 36.640151977539063
; 4391; 36.660152435302734
; 4400; 36.680152893066406
; 4410; 36.700153350830078
; 4420; 36.72015380859375
; 4431; 36.740154266357422
; 4442; 36.760154724121094
; 4454; 36.780155181884766
; 4465; 36.800155639648438
; 4475; 36.820156097412109
; 4487; 36.840156555175781
; 4496; 36.860157012939453
; 4507; 36.880157470703125
; 4517; 36.9001579284668
; 4527; 36.920158386230469
; 4537; 36.940158843994141
; 4548; 36.960159301757813
; 4560; 36.980159759521484
; 4570; 37.000160217285156
; 4581; 37.020160675048828
; 4593; 37.0401611328125
; 4603; 37.060161590576172
; 4614; 37.080162048339844
; 4625; 37.100162506103516
; 4637; 37.120162963867188
; 4648; 37.140163421630859
; 4660; 37.160163879394531
; 4671; 37.1801643371582
; 4681; 37.200164794921875
; 4691; 37.220165252685547
; 4703; 37.240165710449219
; 4713; 37.260166168212891
; 4724; 37.280166625976563
; 4734; 37.300167083740234
; 4745; 37.320167541503906
; 4754; 37.340167999267578
; 4766; 37.36016845703125
; 4778; 37.380168914794922
; 4789; 37.400169372558594
; 4799; 37.420169830322266
; 4811; 37.440170288085938
; 4821; 37.460170745849609
; 4831; 37.480171203613281
; 4841; 37.500171661376953
; 4851; 37.520172119140625
; 4862; 37.5401725769043
; 4872; 37.560173034667969
; 4882; 37.580173492431641
; 4892; 37.600173950195313
; 4902; 37.620174407958984
; 4912; 37.640174865722656
; 4923; 37.660175323486328
; 4933; 37.68017578125
; 4943; 37.700176239013672
; 4953; 37.720176696777344
; 4964; 37.740177154541016
; 4975; 37.760177612304688
; 4985; 37.780178070068359
; 4995; 37.800178527832031
; 5006; 37.8201789855957
; 5016; 37.840179443359375
; 5027; 37.860179901123047
; 5039; 37.880180358886719
; 5050; 37.900180816650391
; 5061; 37.920181274414063
; 5071; 37.940181732177734
; 5082; 37.960182189941406
; 5093; 37.980182647705078
; 5103; 38.00018310546875
; 5112; 38.020183563232422
; 5124; 38.040184020996094
; 5135; 38.060184478759766
; 5146; 38.080184936523438
; 5156; 38.100185394287109
; 5168; 38.120185852050781
; 5179; 38.140186309814453
; 5191; 38.160186767578125
; 5201; 38.1801872253418
; 5213; 38.200187683105469
; 5224; 38.220188140869141
; 5235; 38.240188598632813
; 5247; 38.260189056396484
; 5258; 38.280189514160156
; 5269; 38.300189971923828
; 5280; 38.3201904296875
; 5291; 38.340190887451172
; 5301; 38.360191345214844
; 5311; 38.380191802978516
; 5322; 38.400192260742188
; 5332; 38.420192718505859
; 5344; 38.440193176269531
; 5353; 38.4601936340332
; 5364; 38.480194091796875
; 5373; 38.500194549560547
; 5383; 38.520195007324219
; 5395; 38.540195465087891
; 5405; 38.560195922851563
; 5415; 38.580196380615234
; 5425; 38.600196838378906
; 5435; 38.620197296142578
; 5445; 38.64019775390625
; 5457; 38.660198211669922
; 5467; 38.680198669433594
; 5478; 38.700199127197266
; 5489; 38.720199584960938
; 5500; 38.740200042724609
; 5510; 38.760200500488281
; 5522; 38.780200958251953
; 5532; 38.800201416015625
; 5544; 38.8202018737793
; 5554; 38.840202331542969
; 5565; 38.860202789306641
; 5575; 38.880203247070313
; 5586; 38.900203704833984
; 5597; 38.920204162597656
; 5607; 38.940204620361328
; 5617; 38.960205078125
; 5628; 38.980205535888672
; 5639; 39.000205993652344
; 5650; 39.020206451416016
; 5660; 39.040206909179688
; 5670; 39.060207366943359
; 5680; 39.080207824707031
; 5691; 39.1002082824707
; 5702; 39.120208740234375
; 5713; 39.140209197998047
; 5724; 39.160209655761719
; 5735; 39.180210113525391
; 5746; 39.200210571289063
; 5757; 39.220211029052734
; 5768; 39.240211486816406
; 5779; 39.260211944580078
; 5789; 39.28021240234375
; 5799; 39.300212860107422
; 5810; 39.320213317871094
; 5821; 39.340213775634766
; 5833; 39.360214233398438
; 5845; 39.380214691162109
; 5856; 39.400215148925781
; 5866; 39.420215606689453
; 5877; 39.440216064453125
; 5887; 39.4602165222168
; 5899; 39.480216979980469
; 5909; 39.500217437744141
; 5918; 39.520217895507813
; 5929; 39.540218353271484
; 5939; 39.560218811035156
; 5949; 39.580219268798828
; 5959; 39.6002197265625
; 5969; 39.620220184326172
; 5979; 39.640220642089844
; 5989; 39.660221099853516
; 6000; 39.680221557617188
; 6011; 39.700222015380859
; 6022; 39.720222473144531
; 6032; 39.7402229309082
; 6042; 39.760223388671875
; 6053; 39.780223846435547
; 6062; 39.800224304199219
; 6072; 39.820224761962891
; 6082; 39.840225219726563
; 6094; 39.860225677490234
; 6103; 39.880226135253906
; 6113; 39.900226593017578
; 6125; 39.92022705078125
; 6135; 39.940227508544922
; 6144; 39.960227966308594
; 6154; 39.980228424072266
; 6164; 40.000228881835938
; 6174; 40.020229339599609
; 6186; 40.040229797363281
; 6196; 40.060230255126953
; 6207; 40.080230712890625
; 6219; 40.1002311706543
; 6230; 40.120231628417969
; 6240; 40.140232086181641
; 6251; 40.160232543945313
; 6263; 40.180233001708984
; 6275; 40.200233459472656
; 6285; 40.220233917236328
; 6296; 40.240234375
; 6308; 40.260234832763672
; 6318; 40.280235290527344
; 6328; 40.300235748291016
; 6337; 40.320236206054688
; 6348; 40.340236663818359
; 6359; 40.360237121582031
; 6371; 40.3802375793457
; 6383; 40.400238037109375
; 6393; 40.420238494873047
; 6404; 40.440238952636719
; 6414; 40.460239410400391
; 6426; 40.480239868164063
; 6436; 40.500240325927734
; 6446; 40.520240783691406
; 6456; 40.540241241455078
; 6467; 40.56024169921875
; 6479; 40.580242156982422
; 6490; 40.600242614746094
; 6501; 40.620243072509766
; 6512; 40.640243530273438
; 6523; 40.660243988037109
; 6534; 40.680244445800781
; 6544; 40.700244903564453
; 6554; 40.720245361328125
; 6564; 40.7402458190918
; 6575; 40.760246276855469
; 6584; 40.780246734619141
; 6596; 40.800247192382813
; 6608; 40.820247650146484
; 6618; 40.840248107910156
; 6629; 40.860248565673828
; 6640; 40.8802490234375
; 6650; 40.900249481201172
; 6661; 40.920249938964844
; 6671; 40.940250396728516
; 6682; 40.960250854492188
; 6692; 40.980251312255859
; 6701; 41.000251770019531
; 6711; 41.0202522277832
; 6721; 41.040252685546875
; 6731; 41.060253143310547
; 6743; 41.080253601074219
; 6753; 41.100254058837891
; 6762; 41.120254516601563
; 6774; 41.140254974365234
; 6784; 41.160255432128906
; 6796; 41.180255889892578
; 6806; 41.20025634765625
; 6817; 41.220256805419922
; 6827; 41.240257263183594
; 6839; 41.260257720947266
; 6850; 41.280258178710938
; 6860; 41.300258636474609
; 6872; 41.320259094238281
; 6882; 41.340259552001953
; 6892; 41.360260009765625
; 6904; 41.3802604675293
; 6914; 41.400260925292969
; 6924; 41.420261383056641
; 6934; 41.440261840820313
; 6944; 41.460262298583984
; 6955; 41.480262756347656
; 6966; 41.500263214111328
; 6976; 41.520263671875
; 6986; 41.540264129638672
; 6996; 41.560264587402344
; 7006; 41.580265045166016
; 7017; 41.600265502929688
; 7029; 41.620265960693359
; 7038; 41.640266418457031
; 7049; 41.6602668762207
; 7058; 41.680267333984375
; 7068; 41.700267791748047
; 7078; 41.720268249511719
; 7088; 41.740268707275391
; 7099; 41.760269165039063
; 7111; 41.780269622802734
; 7122; 41.800270080566406
; 7132; 41.820270538330078
; 7142; 41.84027099609375
; 7154; 41.860271453857422
; 7165; 41.880271911621094
; 7175; 41.900272369384766
; 7185; 41.920272827148438
; 7196; 41.940273284912109
; 7206; 41.960273742675781
; 7216; 41.980274200439453
; 7227; 42.000274658203125
; 7237; 42.0202751159668
; 7247; 42.040275573730469
; 7259; 42.060276031494141
; 7271; 42.080276489257813
; 7282; 42.100276947021484
; 7292; 42.120277404785156
; 7302; 42.140277862548828
; 7312; 42.1602783203125
; 7321; 42.180278778076172
; 7333; 42.200279235839844
; 7343; 42.220279693603516
; 7354; 42.240280151367188
; 7365; 42.260280609130859
; 7377; 42.280281066894531
; 7386; 42.3002815246582
; 7398; 42.320281982421875
; 7408; 42.340282440185547
; 7418; 42.360282897949219
; 7429; 42.380283355712891
; 7438; 42.400283813476563
; 7449; 42.420284271240234
; 7460; 42.440284729003906
; 7470; 42.460285186767578
; 7480; 42.48028564453125
; 7490; 42.500286102294922
; 7501; 42.520286560058594
; 7511; 42.540287017822266
; 7520; 42.560287475585938
; 7530; 42.580287933349609
; 7542; 42.600288391113281
; 7553; 42.620288848876953
; 7564; 42.640289306640625
; 7575; 42.6602897644043
; 7586; 42.680290222167969
; 7595; 42.700290679931641
; 7606; 42.720291137695313
; 7616; 42.740291595458984
; 7627; 42.760292053222656
; 7637; 42.780292510986328
; 7648; 42.80029296875
; 7660; 42.820293426513672
; 7669; 42.840293884277344
; 7681; 42.860294342041016
; 7693; 42.880294799804688
; 7704; 42.900295257568359
; 7715; 42.920295715332031
; 7726; 42.9402961730957
; 7736; 42.960296630859375
; 7748; 42.980297088623047
; 7757; 43.000297546386719
; 7767; 43.020298004150391
; 7779; 43.040298461914063
; 7790; 43.060298919677734
; 7800; 43.080299377441406
; 7811; 43.100299835205078
; 7823; 43.12030029296875
; 7834; 43.140300750732422
; 7844; 43.160301208496094
; 7854; 43.180301666259766
; 7864; 43.200302124023438
; 7874; 43.220302581787109
; 7884; 43.240303039550781
; 7895; 43.260303497314453
; 7904; 43.280303955078125
; 7915; 43.3003044128418
; 7927; 43.320304870605469
; 7938; 43.340305328369141
; 7948; 43.360305786132813
; 7958; 43.380306243896484
; 7969; 43.400306701660156
; 7981; 43.420307159423828
; 7991; 43.4403076171875
; 8001; 43.460308074951172
; 8011; 43.480308532714844
; 8021; 43.500308990478516
; 8031; 43.520309448242188
; 8040; 43.540309906005859
; 8050; 43.560310363769531
; 8060; 43.5803108215332
; 8070; 43.600311279296875
; 8082; 43.620311737060547
; 8092; 43.640312194824219
; 8102; 43.660312652587891
; 8113; 43.680313110351563
; 8124; 43.700313568115234
; 8134; 43.720314025878906
; 8145; 43.740314483642578
; 8156; 43.76031494140625
; 8167; 43.780315399169922
; 8177; 43.800315856933594
; 8187; 43.820316314697266
; 8199; 43.840316772460938
; 8209; 43.860317230224609
; 8220; 43.880317687988281
; 8231; 43.900318145751953
; 8243; 43.920318603515625
; 8253; 43.9403190612793
; 8264; 43.960319519042969
; 8274; 43.980319976806641
; 8284; 44.000320434570313
; 8294; 44.020320892333984
; 8305; 44.040321350097656
; 8315; 44.060321807861328
; 8327; 44.080322265625
; 8337; 44.100322723388672
; 8347; 44.120323181152344
; 8358; 44.140323638916016
; 8370; 44.160324096679688
; 8381; 44.180324554443359
; 8392; 44.200325012207031
; 8404; 44.2203254699707
; 8414; 44.240325927734375
; 8425; 44.260326385498047
; 8437; 44.280326843261719
; 8448; 44.300327301025391
; 8457; 44.320327758789063
; 8467; 44.340328216552734
; 8477; 44.360328674316406
; 8488; 44.380329132080078
; 8498; 44.40032958984375
; 8509; 44.420330047607422
; 8521; 44.440330505371094
; 8531; 44.460330963134766
; 8542; 44.480331420898438
; 8552; 44.500331878662109
; 8561; 44.520332336425781
; 8572; 44.540332794189453
; 8582; 44.560333251953125
; 8592; 44.5803337097168
; 8602; 44.600334167480469
; 8611; 44.620334625244141
; 8621; 44.640335083007813
; 8632; 44.660335540771484
; 8644; 44.680335998535156
; 8655; 44.700336456298828
; 8666; 44.7203369140625
; 8676; 44.740337371826172
; 8688; 44.760337829589844
; 8698; 44.780338287353516
; 8708; 44.800338745117188
; 8718; 44.820339202880859
; 8728; 44.840339660644531
; 8738; 44.8603401184082
; 8748; 44.880340576171875
; 8758; 44.900341033935547
; 8769; 44.920341491699219
; 8781; 44.940341949462891
; 8791; 44.960342407226563
; 8800; 44.980342864990234
; 8810; 45.000343322753906
; 8820; 45.020343780517578
; 8830; 45.04034423828125
; 8839; 45.060344696044922
; 8849; 45.080345153808594
; 8859; 45.100345611572266
; 8871; 45.120346069335938
; 8882; 45.140346527099609
; 8892; 45.160346984863281
; 8902; 45.180347442626953
; 8914; 45.200347900390625
; 8923; 45.2203483581543
; 8933; 45.240348815917969
; 8943; 45.260349273681641
; 8953; 45.280349731445313
; 8964; 45.300350189208984
; 8975; 45.320350646972656
; 8987; 45.340351104736328
; 8996; 45.3603515625
; 9007; 45.380352020263672
; 9018; 45.400352478027344
; 9029; 45.420352935791016
; 9040; 45.440353393554688
; 9051; 45.460353851318359
; 9061; 45.480354309082031
; 9072; 45.5003547668457
; 9082; 45.520355224609375
; 9092; 45.540355682373047
; 9102; 45.560356140136719
; 9113; 45.580356597900391
; 9125; 45.600357055664063
; 9135; 45.620357513427734
; 9145; 45.640357971191406
; 9157; 45.660358428955078
; 9167; 45.68035888671875
; 9177; 45.700359344482422
; 9186; 45.720359802246094
; 9198; 45.740360260009766
; 9208; 45.760360717773438
; 9219; 45.780361175537109
; 9230; 45.800361633300781
; 9241; 45.820362091064453
; 9252; 45.840362548828125
; 9262; 45.8603630065918
; 9272; 45.880363464355469
; 9282; 45.900363922119141
; 9293; 45.920364379882813
; 9303; 45.940364837646484
; 9314; 45.960365295410156
; 9324; 45.980365753173828
; 9335; 46.0003662109375
; 9348; 46.020366668701172
; 9357; 46.040367126464844
; 9367; 46.060367584228516
; 9377; 46.080368041992188
; 9388; 46.100368499755859
; 9397; 46.120368957519531
; 9407; 46.1403694152832
; 9419; 46.160369873046875
; 9429; 46.180370330810547
; 9438; 46.200370788574219
; 9450; 46.220371246337891
; 9462; 46.240371704101563
; 9474; 46.260372161865234
; 9484; 46.280372619628906
; 9494; 46.300373077392578
; 9503; 46.32037353515625
; 9513; 46.340373992919922
; 9525; 46.360374450683594
; 9536; 46.380374908447266
; 9546; 46.400375366210938
; 9556; 46.420375823974609
; 9566; 46.440376281738281
; 9578; 46.460376739501953
; 9589; 46.480377197265625
; 9599; 46.5003776550293
; 9609; 46.520378112792969
; 9621; 46.540378570556641
; 9631; 46.560379028320313
; 9641; 46.580379486083984
; 9652; 46.600379943847656
; 9662; 46.620380401611328
; 9674; 46.640380859375
; 9684; 46.660381317138672
; 9693; 46.680381774902344
; 9705; 46.700382232666016
; 9715; 46.720382690429688
; 9725; 46.740383148193359
; 9734; 46.760383605957031
; 9746; 46.7803840637207
; 9757; 46.800384521484375
; 9767; 46.820384979248047
; 9779; 46.840385437011719
; 9790; 46.860385894775391
; 9802; 46.880386352539063
; 9814; 46.900386810302734
; 9825; 46.920387268066406
; 9835; 46.940387725830078
; 9845; 46.96038818359375
; 9856; 46.980388641357422
; 9868; 47.000389099121094
; 9878; 47.020389556884766
; 9888; 47.040390014648438
; 9899; 47.060390472412109
; 9911; 47.080390930175781
; 9923; 47.100391387939453
; 9933; 47.120391845703125
; 9943; 47.1403923034668
; 9954; 47.160392761230469
; 9964; 47.180393218994141
; 9976; 47.200393676757813
; 9986; 47.220394134521484
; 9995; 47.240394592285156
; 10007; 47.260395050048828
; 10017; 47.2803955078125
; 10028; 47.300395965576172
; 10039; 47.320396423339844
; 10050; 47.340396881103516
; 10060; 47.360397338867188
; 10072; 47.380397796630859
; 10082; 47.400398254394531
; 10092; 47.4203987121582
; 10101; 47.440399169921875
; 10113; 47.460399627685547
; 10125; 47.480400085449219
; 10134; 47.500400543212891
; 10146; 47.520401000976563
; 10158; 47.540401458740234
; 10167; 47.560401916503906
; 10179; 47.580402374267578
; 10189; 47.60040283203125
; 10199; 47.620403289794922
; 10208; 47.640403747558594
; 10219; 47.660404205322266
; 10229; 47.680404663085938
; 10241; 47.700405120849609
; 10251; 47.720405578613281
; 10261; 47.740406036376953
; 10270; 47.760406494140625
; 10281; 47.7804069519043
; 10293; 47.800407409667969
; 10304; 47.820407867431641
; 10316; 47.840408325195313
; 10326; 47.860408782958984
; 10336; 47.880409240722656
; 10345; 47.900409698486328
; 10356; 47.92041015625
; 10366; 47.940410614013672
; 10378; 47.960411071777344
; 10390; 47.980411529541016
; 10399; 48.000411987304688
; 10411; 48.020412445068359
; 10422; 48.040412902832031
; 10432; 48.0604133605957
; 10441; 48.080413818359375
; 10453; 48.100414276123047
; 10463; 48.120414733886719
; 10473; 48.140415191650391
; 10483; 48.160415649414063
; 10494; 48.180416107177734
; 10504; 48.200416564941406
; 10516; 48.220417022705078
; 10527; 48.24041748046875
; 10537; 48.260417938232422
; 10549; 48.280418395996094
; 10561; 48.300418853759766
; 10570; 48.320419311523438
; 10580; 48.340419769287109
; 10592; 48.360420227050781
; 10603; 48.380420684814453
; 10614; 48.400421142578125
; 10625; 48.4204216003418
; 10637; 48.440422058105469
; 10647; 48.460422515869141
; 10657; 48.480422973632813
; 10666; 48.500423431396484
; 10677; 48.520423889160156
; 10688; 48.540424346923828
; 10698; 48.5604248046875
; 10710; 48.580425262451172
; 10720; 48.600425720214844
; 10731; 48.620426177978516
; 10741; 48.640426635742188
; 10753; 48.660427093505859
; 10765; 48.680427551269531
; 10776; 48.7004280090332
; 10788; 48.720428466796875
; 10798; 48.740428924560547
; 10810; 48.760429382324219
; 10821; 48.780429840087891
; 10831; 48.800430297851563
; 10842; 48.820430755615234
; 10852; 48.840431213378906
; 10864; 48.860431671142578
; 10873; 48.88043212890625
; 10883; 48.900432586669922
; 10893; 48.920433044433594
; 10905; 48.940433502197266
; 10914; 48.960433959960938
; 10926; 48.980434417724609
; 10938; 49.000434875488281
; 10950; 49.020435333251953
; 10961; 49.040435791015625
; 10972; 49.0604362487793
; 10982; 49.080436706542969
1.Variable; PLC_PRG.concentrate_grade
1.Address.AddrFlags; 0x00000000
1.Class; 14
1.Size; 4
1.GraphColor; 4286611584
1.GraphType; 1
1.MinWarningColor; 4278190080
1.MaxWarningColor; 4294901760
1.CriticalLowerLimit; 0
1.CriticalUpperLimit; 0
1.ActivateMinWarning; 0
1.ActivateMaxWarning; 0
1.YAxis; 0
1.Data; 
; 2; 82
; 12; 82
; 22; 82
; 33; 82
; 42; 82
; 52; 82
; 62; 82
; 74; 82
; 83; 82
; 95; 82
; 106; 82
; 115; 82
; 127; 82
; 137; 82
; 147; 82
; 157; 82
; 169; 82
; 179; 82
; 191; 82
; 202; 82
; 212; 82
; 224; 82
; 233; 82
; 243; 82
; 255; 82
; 265; 82
; 274; 82
; 286; 82
; 296; 82
; 306; 82
; 318; 82
; 328; 82
; 340; 82
; 349; 82
; 360; 82
; 370; 82
; 380; 82
; 390; 82
; 400; 82
; 411; 82
; 421; 82
; 431; 82
; 441; 82
; 451; 82
; 461; 82
; 473; 82
; 485; 82
; 494; 82
; 506; 82
; 517; 82
; 527; 82
; 538; 82
; 548; 82
; 559; 82
; 570; 82
; 580; 82
; 592; 82
; 602; 82
; 612; 82
; 623; 82
; 634; 82
; 644; 82
; 655; 82
; 665; 82
; 675; 82
; 685; 82
; 695; 82
; 707; 82
; 716; 82
; 726; 82
; 736; 82
; 746; 82
; 756; 82
; 766; 82
; 778; 82
; 787; 82
; 797; 82
; 807; 82
; 817; 82
; 827; 82
; 838; 82
; 848; 82
; 858; 82
; 870; 82
; 879; 82
; 890; 82
; 901; 82
; 911; 82.150596618652344
; 921; 82.151199340820313
; 932; 82.151802062988281
; 943; 82.152397155761719
; 953; 82.152999877929688
; 964; 82.153602600097656
; 975; 82.1541976928711
; 987; 82.154800415039063
; 996; 82.155403137207031
; 1007; 82.155998229980469
; 1019; 82.156600952148438
; 1029; 82.1572036743164
; 1039; 82.157798767089844
; 1049; 82.158401489257813
; 1059; 82.15899658203125
; 1069; 82.159599304199219
; 1079; 82.160202026367188
; 1090; 82.160797119140625
; 1102; 82.1613998413086
; 1113; 82.162002563476563
; 1123; 82.16259765625
; 1133; 82.163200378417969
; 1145; 82.163803100585938
; 1156; 82.164398193359375
; 1167; 82.165000915527344
; 1177; 82.165603637695313
; 1189; 82.16619873046875
; 1199; 82.166801452636719
; 1210; 82.167404174804688
; 1221; 82.167999267578125
; 1231; 82.1686019897461
; 1241; 82.169197082519531
; 1252; 82.1697998046875
; 1262; 82.170402526855469
; 1273; 82.1709976196289
; 1284; 82.171600341796875
; 1296; 82.172203063964844
; 1307; 82.172798156738281
; 1317; 82.17340087890625
; 1328; 82.174003601074219
; 1339; 82.174598693847656
; 1349; 82.175201416015625
; 1359; 82.1758041381836
; 1368; 82.176399230957031
; 1378; 82.177001953125
; 1389; 82.177597045898438
; 1401; 82.1781997680664
; 1410; 82.178802490234375
; 1420; 82.179397583007813
; 1430; 82.180000305175781
; 1442; 82.18060302734375
; 1453; 82.181198120117188
; 1463; 82.181800842285156
; 1473; 82.182403564453125
; 1483; 82.182998657226563
; 1493; 82.183601379394531
; 1503; 82.1842041015625
; 1514; 82.184799194335938
; 1525; 82.1854019165039
; 1535; 82.186004638671875
; 1546; 82.186599731445313
; 1557; 82.187202453613281
; 1566; 82.187797546386719
; 1576; 82.188400268554688
; 1588; 82.189002990722656
; 1598; 82.1895980834961
; 1607; 82.190200805664063
; 1619; 82.190803527832031
; 1629; 82.191398620605469
; 1639; 82.192001342773438
; 1649; 82.1926040649414
; 1659; 82.193199157714844
; 1669; 82.193801879882813
; 1681; 82.194404602050781
; 1691; 82.194999694824219
; 1703; 82.195602416992188
; 1712; 82.196197509765625
; 1724; 82.1968002319336
; 1735; 82.197402954101563
; 1746; 82.197998046875
; 1758; 82.198600769042969
; 1767; 82.199203491210938
; 1777; 82.199798583984375
; 1787; 82.200401306152344
; 1799; 82.201004028320313
; 1810; 82.20159912109375
; 1821; 82.202201843261719
; 1832; 82.202804565429688
; 1842; 82.203399658203125
; 1854; 82.2040023803711
; 1864; 82.204597473144531
; 1876; 82.2052001953125
; 1887; 82.205802917480469
; 1899; 82.2063980102539
; 1909; 82.207000732421875
; 1919; 82.207603454589844
; 1930; 82.208198547363281
; 1941; 82.20880126953125
; 1951; 82.209403991699219
; 1960; 82.209999084472656
; 1970; 82.210601806640625
; 1980; 82.2112045288086
; 1990; 82.211799621582031
; 2002; 82.21240234375
; 2012; 82.213005065917969
; 2021; 82.2136001586914
; 2031; 82.214202880859375
; 2042; 82.214797973632813
; 2053; 82.215400695800781
; 2065; 82.21600341796875
; 2074; 82.216598510742188
; 2084; 82.217201232910156
; 2094; 82.217803955078125
; 2106; 82.218399047851563
; 2117; 82.219001770019531
; 2127; 82.2196044921875
; 2137; 82.220199584960938
; 2147; 82.2208023071289
; 2156; 82.221405029296875
; 2166; 82.222000122070313
; 2178; 82.222602844238281
; 2189; 82.223197937011719
; 2201; 82.223800659179688
; 2211; 82.224403381347656
; 2220; 82.2249984741211
; 2231; 82.225601196289063
; 2241; 82.226203918457031
; 2251; 82.226799011230469
; 2262; 82.227401733398438
; 2272; 82.2280044555664
; 2283; 82.228599548339844
; 2293; 82.229202270507813
; 2303; 82.229804992675781
; 2313; 82.230400085449219
; 2323; 82.231002807617188
; 2334; 82.231605529785156
; 2344; 82.2322006225586
; 2354; 82.232803344726563
; 2366; 82.2333984375
; 2376; 82.234001159667969
; 2387; 82.234603881835938
; 2398; 82.235198974609375
; 2409; 82.235801696777344
; 2418; 82.236404418945313
; 2428; 82.23699951171875
; 2439; 82.237602233886719
; 2448; 82.238204956054688
; 2459; 82.238800048828125
; 2468; 82.2394027709961
; 2478; 82.240005493164063
; 2488; 82.2406005859375
; 2500; 82.241203308105469
; 2509; 82.2417984008789
; 2519; 82.242401123046875
; 2529; 82.243003845214844
; 2541; 82.243598937988281
; 2550; 82.24420166015625
; 2560; 82.244804382324219
; 2572; 82.245399475097656
; 2582; 82.246002197265625
; 2593; 82.2466049194336
; 2605; 82.247200012207031
; 2616; 82.247802734375
; 2626; 82.248405456542969
; 2636; 82.2490005493164
; 2647; 82.249603271484375
; 2658; 82.250205993652344
; 2668; 82.250801086425781
; 2680; 82.25140380859375
; 2690; 82.251998901367188
; 2700; 82.252601623535156
; 2710; 82.253204345703125
; 2722; 82.253799438476563
; 2732; 82.254402160644531
; 2743; 82.2550048828125
; 2755; 82.255599975585938
; 2764; 82.2562026977539
; 2774; 82.256805419921875
; 2784; 82.257400512695313
; 2794; 82.258003234863281
; 2804; 82.25860595703125
; 2815; 82.259201049804688
; 2824; 82.259803771972656
; 2836; 82.2603988647461
; 2846; 82.261001586914063
; 2857; 82.261604309082031
; 2867; 82.262199401855469
; 2877; 82.262802124023438
; 2888; 82.2634048461914
; 2898; 82.263999938964844
; 2907; 82.264602661132813
; 2919; 82.265205383300781
; 2928; 82.265800476074219
; 2938; 82.266403198242188
; 2948; 82.267005920410156
; 2959; 82.2676010131836
; 2969; 82.268203735351563
; 2980; 82.268806457519531
; 2991; 82.269401550292969
; 3001; 82.270004272460938
; 3012; 82.270599365234375
; 3024; 82.271202087402344
; 3035; 82.271804809570313
; 3046; 82.27239990234375
; 3056; 82.273002624511719
; 3068; 82.273605346679688
; 3078; 82.274200439453125
; 3088; 82.2748031616211
; 3097; 82.275405883789063
; 3108; 82.2760009765625
; 3118; 82.276603698730469
; 3130; 82.277206420898438
; 3140; 82.277801513671875
; 3149; 82.278404235839844
; 3161; 82.278999328613281
; 3171; 82.27960205078125
; 3181; 82.280204772949219
; 3190; 82.280799865722656
; 3200; 82.281402587890625
; 3212; 82.2820053100586
; 3224; 82.282600402832031
; 3235; 82.283203125
; 3245; 82.283805847167969
; 3255; 82.2844009399414
; 3266; 82.285003662109375
; 3276; 82.285606384277344
; 3287; 82.286201477050781
; 3298; 82.28680419921875
; 3309; 82.287406921386719
; 3319; 82.288002014160156
; 3329; 82.288604736328125
; 3339; 82.289199829101563
; 3349; 82.289802551269531
; 3359; 82.2904052734375
; 3370; 82.291000366210938
; 3380; 82.2916030883789
; 3390; 82.292205810546875
; 3400; 82.292800903320313
; 3411; 82.293403625488281
; 3422; 82.29400634765625
; 3433; 82.294601440429688
; 3444; 82.295204162597656
; 3453; 82.295806884765625
; 3463; 82.296401977539063
; 3473; 82.297004699707031
; 3484; 82.297599792480469
; 3494; 82.298202514648438
; 3505; 82.2988052368164
; 3516; 82.299400329589844
; 3526; 82.300003051757813
; 3536; 82.300605773925781
; 3546; 82.301200866699219
; 3558; 82.301803588867188
; 3569; 82.302406311035156
; 3579; 82.3030014038086
; 3589; 82.303604125976563
; 3599; 82.304206848144531
; 3610; 82.304801940917969
; 3622; 82.305404663085938
; 3632; 82.305999755859375
; 3642; 82.306602478027344
; 3651; 82.307205200195313
; 3663; 82.30780029296875
; 3673; 82.308403015136719
; 3683; 82.309005737304688
; 3694; 82.309600830078125
; 3703; 82.3102035522461
; 3715; 82.310806274414063
; 3726; 82.3114013671875
; 3736; 82.312004089355469
; 3746; 82.312606811523438
; 3757; 82.313201904296875
; 3768; 82.313804626464844
; 3778; 82.314407348632813
; 3789; 82.31500244140625
; 3799; 82.315605163574219
; 3808; 82.316200256347656
; 3820; 82.316802978515625
; 3830; 82.3174057006836
; 3840; 82.318000793457031
; 3852; 82.318603515625
; 3862; 82.319206237792969
; 3872; 82.3198013305664
; 3882; 82.320404052734375
; 3894; 82.321006774902344
; 3904; 82.321601867675781
; 3914; 82.32220458984375
; 3925; 82.322807312011719
; 3935; 82.323402404785156
; 3946; 82.324005126953125
; 3956; 82.324600219726563
; 3966; 82.325202941894531
; 3978; 82.3258056640625
; 3987; 82.326400756835938
; 3998; 82.3270034790039
; 4009; 82.327606201171875
; 4020; 82.328201293945313
; 4032; 82.328804016113281
; 4041; 82.32940673828125
; 4051; 82.330001831054688
; 4061; 82.330604553222656
; 4073; 82.331207275390625
; 4082; 82.331802368164063
; 4092; 82.332405090332031
; 4102; 82.3330078125
; 4112; 82.333602905273438
; 4122; 82.3342056274414
; 4132; 82.334800720214844
; 4142; 82.335403442382813
; 4152; 82.336006164550781
; 4162; 82.336601257324219
; 4172; 82.337203979492188
; 4182; 82.337806701660156
; 4194; 82.3384017944336
; 4203; 82.339004516601563
; 4215; 82.339607238769531
; 4225; 82.340202331542969
; 4235; 82.340805053710938
; 4246; 82.3414077758789
; 4256; 82.342002868652344
; 4266; 82.342605590820313
; 4276; 82.34320068359375
; 4287; 82.343803405761719
; 4297; 82.344406127929688
; 4308; 82.345001220703125
; 4318; 82.3456039428711
; 4328; 82.346206665039063
; 4337; 82.3468017578125
; 4349; 82.347404479980469
; 4358; 82.348007202148438
; 4368; 82.348602294921875
; 4379; 82.349205017089844
; 4391; 82.349807739257813
; 4400; 82.35040283203125
; 4410; 82.351005554199219
; 4420; 82.351608276367188
; 4431; 82.352203369140625
; 4442; 82.3528060913086
; 4454; 82.353401184082031
; 4465; 82.35400390625
; 4475; 82.354606628417969
; 4487; 82.3552017211914
; 4496; 82.355804443359375
; 4507; 82.356407165527344
; 4517; 82.357002258300781
; 4527; 82.35760498046875
; 4537; 82.358207702636719
; 4548; 82.358802795410156
; 4560; 82.359405517578125
; 4570; 82.3600082397461
; 4581; 82.360603332519531
; 4593; 82.3612060546875
; 4603; 82.361801147460938
; 4614; 82.3624038696289
; 4625; 82.363006591796875
; 4637; 82.363601684570313
; 4648; 82.364204406738281
; 4660; 82.36480712890625
; 4671; 82.365402221679688
; 4681; 82.366004943847656
; 4691; 82.366607666015625
; 4703; 82.367202758789063
; 4713; 82.367805480957031
; 4724; 82.368408203125
; 4734; 82.369003295898438
; 4745; 82.3696060180664
; 4754; 82.370208740234375
; 4766; 82.370803833007813
; 4778; 82.371406555175781
; 4789; 82.372001647949219
; 4799; 82.372604370117188
; 4811; 82.373207092285156
; 4821; 82.3738021850586
; 4831; 82.374404907226563
; 4841; 82.375007629394531
; 4851; 82.375602722167969
; 4862; 82.376205444335938
; 4872; 82.3768081665039
; 4882; 82.377403259277344
; 4892; 82.378005981445313
; 4902; 82.378608703613281
; 4912; 82.379203796386719
; 4923; 82.379806518554688
; 4933; 82.380401611328125
; 4943; 82.3810043334961
; 4953; 82.381607055664063
; 4964; 82.3822021484375
; 4975; 82.382804870605469
; 4985; 82.383407592773438
; 4995; 82.384002685546875
; 5006; 82.384605407714844
; 5016; 82.385208129882813
; 5027; 82.38580322265625
; 5039; 82.386405944824219
; 5050; 82.387008666992188
; 5061; 82.387603759765625
; 5071; 82.3882064819336
; 5082; 82.388809204101563
; 5093; 82.389404296875
; 5103; 82.390007019042969
; 5112; 82.3906021118164
; 5124; 82.391204833984375
; 5135; 82.391807556152344
; 5146; 82.392402648925781
; 5156; 82.39300537109375
; 5168; 82.393608093261719
; 5179; 82.394203186035156
; 5191; 82.394805908203125
; 5201; 82.3954086303711
; 5213; 82.396003723144531
; 5224; 82.3966064453125
; 5235; 82.397209167480469
; 5247; 82.3978042602539
; 5258; 82.398406982421875
; 5269; 82.399002075195313
; 5280; 82.399604797363281
; 5291; 82.40020751953125
; 5301; 82.400802612304688
; 5311; 82.401405334472656
; 5322; 82.402008056640625
; 5332; 82.402603149414063
; 5344; 82.403205871582031
; 5353; 82.40380859375
; 5364; 82.404403686523438
; 5373; 82.4050064086914
; 5383; 82.405609130859375
; 5395; 82.406204223632813
; 5405; 82.406806945800781
; 5415; 82.40740966796875
; 5425; 82.408004760742188
; 5435; 82.408607482910156
; 5445; 82.4092025756836
; 5457; 82.409805297851563
; 5467; 82.410408020019531
; 5478; 82.411003112792969
; 5489; 82.411605834960938
; 5500; 82.4122085571289
; 5510; 82.412803649902344
; 5522; 82.413406372070313
; 5532; 82.414009094238281
; 5544; 82.414604187011719
; 5554; 82.415206909179688
; 5565; 82.415809631347656
; 5575; 82.4164047241211
; 5586; 82.417007446289063
; 5597; 82.4176025390625
; 5607; 82.418205261230469
; 5617; 82.418807983398438
; 5628; 82.419403076171875
; 5639; 82.420005798339844
; 5650; 82.420608520507813
; 5660; 82.42120361328125
; 5670; 82.421806335449219
; 5680; 82.422409057617188
; 5691; 82.423004150390625
; 5702; 82.4236068725586
; 5713; 82.424209594726563
; 5724; 82.4248046875
; 5735; 82.425407409667969
; 5746; 82.426010131835938
; 5757; 82.426605224609375
; 5768; 82.427207946777344
; 5779; 82.427803039550781
; 5789; 82.42840576171875
; 5799; 82.429008483886719
; 5810; 82.429603576660156
; 5821; 82.430206298828125
; 5833; 82.4308090209961
; 5845; 82.431404113769531
; 5856; 82.4320068359375
; 5866; 82.432609558105469
; 5877; 82.4332046508789
; 5887; 82.433807373046875
; 5899; 82.434410095214844
; 5909; 82.435005187988281
; 5918; 82.43560791015625
; 5929; 82.436203002929688
; 5939; 82.436805725097656
; 5949; 82.437408447265625
; 5959; 82.438003540039063
; 5969; 82.438606262207031
; 5979; 82.439208984375
; 5989; 82.439804077148438
; 6000; 82.4404067993164
; 6011; 82.441009521484375
; 6022; 82.441604614257813
; 6032; 82.442207336425781
; 6042; 82.44281005859375
; 6053; 82.443405151367188
; 6062; 82.444007873535156
; 6072; 82.4446029663086
; 6082; 82.445205688476563
; 6094; 82.445808410644531
; 6103; 82.446403503417969
; 6113; 82.447006225585938
; 6125; 82.4476089477539
; 6135; 82.448204040527344
; 6144; 82.448806762695313
; 6154; 82.449409484863281
; 6164; 82.450004577636719
; 6174; 82.450607299804688
; 6186; 82.451210021972656
; 6196; 82.4518051147461
; 6207; 82.452407836914063
; 6219; 82.453010559082031
; 6230; 82.453605651855469
; 6240; 82.454208374023438
; 6251; 82.454803466796875
; 6263; 82.455406188964844
; 6275; 82.456008911132813
; 6285; 82.45660400390625
; 6296; 82.457206726074219
; 6308; 82.457809448242188
; 6318; 82.458404541015625
; 6328; 82.4590072631836
; 6337; 82.459609985351563
; 6348; 82.460205078125
; 6359; 82.460807800292969
; 6371; 82.461410522460938
; 6383; 82.462005615234375
; 6393; 82.462608337402344
; 6404; 82.463203430175781
; 6414; 82.46380615234375
; 6426; 82.464408874511719
; 6436; 82.465003967285156
; 6446; 82.465606689453125
; 6456; 82.4662094116211
; 6467; 82.466804504394531
; 6479; 82.4674072265625
; 6490; 82.468009948730469
; 6501; 82.4686050415039
; 6512; 82.469207763671875
; 6523; 82.469810485839844
; 6534; 82.470405578613281
; 6544; 82.47100830078125
; 6554; 82.471611022949219
; 6564; 82.472206115722656
; 6575; 82.472808837890625
; 6584; 82.473403930664063
; 6596; 82.474006652832031
; 6608; 82.474609375
; 6618; 82.475204467773438
; 6629; 82.4758071899414
; 6640; 82.476409912109375
; 6650; 82.477005004882813
; 6661; 82.477607727050781
; 6671; 82.47821044921875
; 6682; 82.478805541992188
; 6692; 82.479408264160156
; 6701; 82.480010986328125
; 6711; 82.480606079101563
; 6721; 82.481208801269531
; 6731; 82.481803894042969
; 6743; 82.482406616210938
; 6753; 82.4830093383789
; 6762; 82.483604431152344
; 6774; 82.484207153320313
; 6784; 82.484809875488281
; 6796; 82.485404968261719
; 6806; 82.486007690429688
; 6817; 82.486610412597656
; 6827; 82.4872055053711
; 6839; 82.487808227539063
; 6850; 82.488410949707031
; 6860; 82.489006042480469
; 6872; 82.489608764648438
; 6882; 82.4902114868164
; 6892; 82.490806579589844
; 6904; 82.491409301757813
; 6914; 82.49200439453125
; 6924; 82.492607116699219
; 6934; 82.493209838867188
; 6944; 82.493804931640625
; 6955; 82.4944076538086
; 6966; 82.495010375976563
; 6976; 82.49560546875
; 6986; 82.496208190917969
; 6996; 82.496810913085938
; 7006; 82.497406005859375
; 7017; 82.498008728027344
; 7029; 82.498611450195313
; 7038; 82.49920654296875
; 7049; 82.499809265136719
; 7058; 82.500404357910156
; 7068; 82.501007080078125
; 7078; 82.5016098022461
; 7088; 82.502204895019531
; 7099; 82.5028076171875
; 7111; 82.503410339355469
; 7122; 82.5040054321289
; 7132; 82.504608154296875
; 7142; 82.505210876464844
; 7154; 82.505805969238281
; 7165; 82.50640869140625
; 7175; 82.507011413574219
; 7185; 82.507606506347656
; 7196; 82.508209228515625
; 7206; 82.5088119506836
; 7216; 82.509407043457031
; 7227; 82.510009765625
; 7237; 82.510604858398438
; 7247; 82.5112075805664
; 7259; 82.511810302734375
; 7271; 82.512405395507813
; 7282; 82.513008117675781
; 7292; 82.51361083984375
; 7302; 82.514205932617188
; 7312; 82.514808654785156
; 7321; 82.515411376953125
; 7333; 82.516006469726563
; 7343; 82.516609191894531
; 7354; 82.5172119140625
; 7365; 82.517807006835938
; 7377; 82.5184097290039
; 7386; 82.519004821777344
; 7398; 82.519607543945313
; 7408; 82.520210266113281
; 7418; 82.520805358886719
; 7429; 82.521408081054688
; 7438; 82.522010803222656
; 7449; 82.5226058959961
; 7460; 82.523208618164063
; 7470; 82.523811340332031
; 7480; 82.524406433105469
; 7490; 82.525009155273438
; 7501; 82.5256118774414
; 7511; 82.526206970214844
; 7520; 82.526809692382813
; 7530; 82.52740478515625
; 7542; 82.528007507324219
; 7553; 82.528610229492188
; 7564; 82.529205322265625
; 7575; 82.5298080444336
; 7586; 82.530410766601563
; 7595; 82.531005859375
; 7606; 82.531608581542969
; 7616; 82.532211303710938
; 7627; 82.532806396484375
; 7637; 82.533409118652344
; 7648; 82.534011840820313
; 7660; 82.53460693359375
; 7669; 82.535209655761719
; 7681; 82.535812377929688
; 7693; 82.536407470703125
; 7704; 82.5370101928711
; 7715; 82.537605285644531
; 7726; 82.5382080078125
; 7736; 82.538810729980469
; 7748; 82.5394058227539
; 7757; 82.540008544921875
; 7767; 82.540611267089844
; 7779; 82.541206359863281
; 7790; 82.54180908203125
; 7800; 82.542411804199219
; 7811; 82.543006896972656
; 7823; 82.543609619140625
; 7834; 82.5442123413086
; 7844; 82.544807434082031
; 7854; 82.54541015625
; 7864; 82.546005249023438
; 7874; 82.5466079711914
; 7884; 82.547210693359375
; 7895; 82.547805786132813
; 7904; 82.548408508300781
; 7915; 82.54901123046875
; 7927; 82.549606323242188
; 7938; 82.550209045410156
; 7948; 82.550811767578125
; 7958; 82.551406860351563
; 7969; 82.552009582519531
; 7981; 82.5526123046875
; 7991; 82.553207397460938
; 8001; 82.5538101196289
; 8011; 82.554412841796875
; 8021; 82.555007934570313
; 8031; 82.555610656738281
; 8040; 82.556205749511719
; 8050; 82.556808471679688
; 8060; 82.557411193847656
; 8070; 82.5580062866211
; 8082; 82.558609008789063
; 8092; 82.559211730957031
; 8102; 82.559806823730469
; 8113; 82.560409545898438
; 8124; 82.5610122680664
; 8134; 82.561607360839844
; 8145; 82.562210083007813
; 8156; 82.562812805175781
; 8167; 82.563407897949219
; 8177; 82.564010620117188
; 8187; 82.564605712890625
; 8199; 82.5652084350586
; 8209; 82.565811157226563
; 8220; 82.56640625
; 8231; 82.567008972167969
; 8243; 82.567611694335938
; 8253; 82.568206787109375
; 8264; 82.568809509277344
; 8274; 82.569412231445313
; 8284; 82.57000732421875
; 8294; 82.570610046386719
; 8305; 82.571212768554688
; 8315; 82.571807861328125
; 8327; 82.5724105834961
; 8337; 82.573013305664063
; 8347; 82.5736083984375
; 8358; 82.574211120605469
; 8370; 82.5748062133789
; 8381; 82.575408935546875
; 8392; 82.576011657714844
; 8404; 82.576606750488281
; 8414; 82.57720947265625
; 8425; 82.577812194824219
; 8437; 82.578407287597656
; 8448; 82.579010009765625
; 8457; 82.5796127319336
; 8467; 82.580207824707031
; 8477; 82.580810546875
; 8488; 82.581413269042969
; 8498; 82.5820083618164
; 8509; 82.582611083984375
; 8521; 82.583206176757813
; 8531; 82.583808898925781
; 8542; 82.58441162109375
; 8552; 82.585006713867188
; 8561; 82.585609436035156
; 8572; 82.586212158203125
; 8582; 82.586807250976563
; 8592; 82.587409973144531
; 8602; 82.5880126953125
; 8611; 82.588607788085938
; 8621; 82.5892105102539
; 8632; 82.589813232421875
; 8644; 82.590408325195313
; 8655; 82.591011047363281
; 8666; 82.59161376953125
; 8676; 82.592208862304688
; 8688; 82.592811584472656
; 8698; 82.5934066772461
; 8708; 82.594009399414063
; 8718; 82.594612121582031
; 8728; 82.595207214355469
; 8738; 82.595809936523438
; 8748; 82.5964126586914
; 8758; 82.597007751464844
; 8769; 82.597610473632813
; 8781; 82.598213195800781
; 8791; 82.598808288574219
; 8800; 82.599411010742188
; 8810; 82.600013732910156
; 8820; 82.6006088256836
; 8830; 82.601211547851563
; 8839; 82.601806640625
; 8849; 82.602409362792969
; 8859; 82.603012084960938
; 8871; 82.603607177734375
; 8882; 82.604209899902344
; 8892; 82.604812622070313
; 8902; 82.60540771484375
; 8914; 82.606010437011719
; 8923; 82.606613159179688
; 8933; 82.607208251953125
; 8943; 82.6078109741211
; 8953; 82.608413696289063
; 8964; 82.6090087890625
; 8975; 82.609611511230469
; 8987; 82.610214233398438
; 8996; 82.610809326171875
; 9007; 82.611412048339844
; 9018; 82.612007141113281
; 9029; 82.61260986328125
; 9040; 82.613212585449219
; 9051; 82.613807678222656
; 9061; 82.614410400390625
; 9072; 82.6150131225586
; 9082; 82.615608215332031
; 9092; 82.6162109375
; 9102; 82.616813659667969
; 9113; 82.6174087524414
; 9125; 82.618011474609375
; 9135; 82.618614196777344
; 9145; 82.619209289550781
; 9157; 82.61981201171875
; 9167; 82.620407104492188
; 9177; 82.621009826660156
; 9186; 82.621612548828125
; 9198; 82.622207641601563
; 9208; 82.622810363769531
; 9219; 82.6234130859375
; 9230; 82.624008178710938
; 9241; 82.6246109008789
; 9252; 82.625213623046875
; 9262; 82.625808715820313
; 9272; 82.626411437988281
; 9282; 82.62701416015625
; 9293; 82.627609252929688
; 9303; 82.628211975097656
; 9314; 82.628814697265625
; 9324; 82.629409790039063
; 9335; 82.630012512207031
; 9348; 82.630607604980469
; 9357; 82.631210327148438
; 9367; 82.6318130493164
; 9377; 82.632408142089844
; 9388; 82.633010864257813
; 9397; 82.633613586425781
; 9407; 82.634208679199219
; 9419; 82.634811401367188
; 9429; 82.635414123535156
; 9438; 82.6360092163086
; 9450; 82.636611938476563
; 9462; 82.637214660644531
; 9474; 82.637809753417969
; 9484; 82.638412475585938
; 9494; 82.639007568359375
; 9503; 82.639610290527344
; 9513; 82.640213012695313
; 9525; 82.64080810546875
; 9536; 82.641410827636719
; 9546; 82.642013549804688
; 9556; 82.642608642578125
; 9566; 82.6432113647461
; 9578; 82.643814086914063
; 9589; 82.6444091796875
; 9599; 82.645011901855469
; 9609; 82.645614624023438
; 9621; 82.646209716796875
; 9631; 82.646812438964844
; 9641; 82.647415161132813
; 9652; 82.64801025390625
; 9662; 82.648612976074219
; 9674; 82.649208068847656
; 9684; 82.649810791015625
; 9693; 82.6504135131836
; 9705; 82.651008605957031
; 9715; 82.651611328125
; 9725; 82.652214050292969
; 9734; 82.6528091430664
; 9746; 82.653411865234375
; 9757; 82.654014587402344
; 9767; 82.654609680175781
; 9779; 82.65521240234375
; 9790; 82.655815124511719
; 9802; 82.656410217285156
; 9814; 82.657012939453125
; 9825; 82.657608032226563
; 9835; 82.658210754394531
; 9845; 82.6588134765625
; 9856; 82.659408569335938
; 9868; 82.6600112915039
; 9878; 82.660614013671875
; 9888; 82.661209106445313
; 9899; 82.661811828613281
; 9911; 82.66241455078125
; 9923; 82.663009643554688
; 9933; 82.663612365722656
; 9943; 82.664215087890625
; 9954; 82.664810180664063
; 9964; 82.665412902832031
; 9976; 82.666015625
; 9986; 82.666610717773438
; 9995; 82.6672134399414
; 10007; 82.667808532714844
; 10017; 82.668411254882813
; 10028; 82.669013977050781
; 10039; 82.669609069824219
; 10050; 82.670211791992188
; 10060; 82.670814514160156
; 10072; 82.6714096069336
; 10082; 82.672012329101563
; 10092; 82.672615051269531
; 10101; 82.673210144042969
; 10113; 82.673812866210938
; 10125; 82.6744155883789
; 10134; 82.675010681152344
; 10146; 82.675613403320313
; 10158; 82.67620849609375
; 10167; 82.676811218261719
; 10179; 82.677413940429688
; 10189; 82.678009033203125
; 10199; 82.6786117553711
; 10208; 82.679214477539063
; 10219; 82.6798095703125
; 10229; 82.680412292480469
; 10241; 82.681015014648438
; 10251; 82.681610107421875
; 10261; 82.682212829589844
; 10270; 82.682815551757813
; 10281; 82.68341064453125
; 10293; 82.684013366699219
; 10304; 82.684608459472656
; 10316; 82.685211181640625
; 10326; 82.6858139038086
; 10336; 82.686408996582031
; 10345; 82.68701171875
; 10356; 82.687614440917969
; 10366; 82.6882095336914
; 10378; 82.688812255859375
; 10390; 82.689414978027344
; 10399; 82.690010070800781
; 10411; 82.69061279296875
; 10422; 82.691215515136719
; 10432; 82.691810607910156
; 10441; 82.692413330078125
; 10453; 82.6930160522461
; 10463; 82.693611145019531
; 10473; 82.6942138671875
; 10483; 82.694808959960938
; 10494; 82.6954116821289
; 10504; 82.696014404296875
; 10516; 82.696609497070313
; 10527; 82.697212219238281
; 10537; 82.69781494140625
; 10549; 82.698410034179688
; 10561; 82.699012756347656
; 10570; 82.699615478515625
; 10580; 82.700210571289063
; 10592; 82.700813293457031
; 10603; 82.701416015625
; 10614; 82.702011108398438
; 10625; 82.7026138305664
; 10637; 82.703208923339844
; 10647; 82.703811645507813
; 10657; 82.704414367675781
; 10666; 82.705009460449219
; 10677; 82.705612182617188
; 10688; 82.706214904785156
; 10698; 82.7068099975586
; 10710; 82.707412719726563
; 10720; 82.708015441894531
; 10731; 82.708610534667969
; 10741; 82.709213256835938
; 10753; 82.7098159790039
; 10765; 82.710411071777344
; 10776; 82.711013793945313
; 10788; 82.711616516113281
; 10798; 82.712211608886719
; 10810; 82.712814331054688
; 10821; 82.713409423828125
; 10831; 82.7140121459961
; 10842; 82.714614868164063
; 10852; 82.7152099609375
; 10864; 82.715812683105469
; 10873; 82.716415405273438
; 10883; 82.717010498046875
; 10893; 82.717613220214844
; 10905; 82.718215942382813
; 10914; 82.71881103515625
; 10926; 82.719413757324219
; 10938; 82.720016479492188
; 10950; 82.720611572265625
; 10961; 82.7212142944336
; 10972; 82.721809387207031
; 10982; 82.722412109375
2.Variable; PLC_PRG.cycle
2.Address.AddrFlags; 0x00000000
2.Class; 8
2.Size; 4
2.GraphColor; 4278255360
2.GraphType; 1
2.MinWarningColor; 4278190080
2.MaxWarningColor; 4294901760
2.CriticalLowerLimit; 0
2.CriticalUpperLimit; 0
2.ActivateMinWarning; 0
2.ActivateMaxWarning; 0
2.YAxis; 0
2.Data; 
; 2; 0
; 12; 0
; 22; 0
; 33; 0
; 42; 0
; 52; 0
; 62; 0
; 74; 0
; 83; 0
; 95; 0
; 106; 0
; 115; 0
; 127; 0
; 137; 0
; 147; 0
; 157; 0
; 169; 0
; 179; 0
; 191; 0
; 202; 0
; 212; 0
; 224; 0
; 233; 0
; 243; 0
; 255; 0
; 265; 0
; 274; 0
; 286; 0
; 296; 0
; 306; 0
; 318; 0
; 328; 0
; 340; 0
; 349; 0
; 360; 0
; 370; 0
; 380; 0
; 390; 0
; 400; 0
; 411; 0
; 421; 0
; 431; 0
; 441; 0
; 451; 0
; 461; 0
; 473; 0
; 485; 0
; 494; 0
; 506; 0
; 517; 0
; 527; 0
; 538; 0
; 548; 0
; 559; 0
; 570; 0
; 580; 0
; 592; 0
; 602; 0
; 612; 0
; 623; 0
; 634; 0
; 644; 0
; 655; 0
; 665; 0
; 675; 0
; 685; 0
; 695; 0
; 707; 0
; 716; 0
; 726; 0
; 736; 0
; 746; 0
; 756; 0
; 766; 0
; 778; 0
; 787; 0
; 797; 0
; 807; 0
; 817; 0
; 827; 0
; 838; 0
; 848; 0
; 858; 0
; 870; 0
; 879; 0
; 890; 0
; 901; 0
; 911; 1
; 921; 2
; 932; 3
; 943; 4
; 953; 5
; 964; 6
; 975; 7
; 987; 8
; 996; 9
; 1007; 10
; 1019; 11
; 1029; 12
; 1039; 13
; 1049; 14
; 1059; 15
; 1069; 16
; 1079; 17
; 1090; 18
; 1102; 19
; 1113; 20
; 1123; 21
; 1133; 22
; 1145; 23
; 1156; 24
; 1167; 25
; 1177; 26
; 1189; 27
; 1199; 28
; 1210; 29
; 1221; 30
; 1231; 31
; 1241; 32
; 1252; 33
; 1262; 34
; 1273; 35
; 1284; 36
; 1296; 37
; 1307; 38
; 1317; 39
; 1328; 40
; 1339; 41
; 1349; 42
; 1359; 43
; 1368; 44
; 1378; 45
; 1389; 46
; 1401; 47
; 1410; 48
; 1420; 49
; 1430; 50
; 1442; 51
; 1453; 52
; 1463; 53
; 1473; 54
; 1483; 55
; 1493; 56
; 1503; 57
; 1514; 58
; 1525; 59
; 1535; 60
; 1546; 61
; 1557; 62
; 1566; 63
; 1576; 64
; 1588; 65
; 1598; 66
; 1607; 67
; 1619; 68
; 1629; 69
; 1639; 70
; 1649; 71
; 1659; 72
; 1669; 73
; 1681; 74
; 1691; 75
; 1703; 76
; 1712; 77
; 1724; 78
; 1735; 79
; 1746; 80
; 1758; 81
; 1767; 82
; 1777; 83
; 1787; 84
; 1799; 85
; 1810; 86
; 1821; 87
; 1832; 88
; 1842; 89
; 1854; 90
; 1864; 91
; 1876; 92
; 1887; 93
; 1899; 94
; 1909; 95
; 1919; 96
; 1930; 97
; 1941; 98
; 1951; 99
; 1960; 100
; 1970; 101
; 1980; 102
; 1990; 103
; 2002; 104
; 2012; 105
; 2021; 106
; 2031; 107
; 2042; 108
; 2053; 109
; 2065; 110
; 2074; 111
; 2084; 112
; 2094; 113
; 2106; 114
; 2117; 115
; 2127; 116
; 2137; 117
; 2147; 118
; 2156; 119
; 2166; 120
; 2178; 121
; 2189; 122
; 2201; 123
; 2211; 124
; 2220; 125
; 2231; 126
; 2241; 127
; 2251; 128
; 2262; 129
; 2272; 130
; 2283; 131
; 2293; 132
; 2303; 133
; 2313; 134
; 2323; 135
; 2334; 136
; 2344; 137
; 2354; 138
; 2366; 139
; 2376; 140
; 2387; 141
; 2398; 142
; 2409; 143
; 2418; 144
; 2428; 145
; 2439; 146
; 2448; 147
; 2459; 148
; 2468; 149
; 2478; 150
; 2488; 151
; 2500; 152
; 2509; 153
; 2519; 154
; 2529; 155
; 2541; 156
; 2550; 157
; 2560; 158
; 2572; 159
; 2582; 160
; 2593; 161
; 2605; 162
; 2616; 163
; 2626; 164
; 2636; 165
; 2647; 166
; 2658; 167
; 2668; 168
; 2680; 169
; 2690; 170
; 2700; 171
; 2710; 172
; 2722; 173
; 2732; 174
; 2743; 175
; 2755; 176
; 2764; 177
; 2774; 178
; 2784; 179
; 2794; 180
; 2804; 181
; 2815; 182
; 2824; 183
; 2836; 184
; 2846; 185
; 2857; 186
; 2867; 187
; 2877; 188
; 2888; 189
; 2898; 190
; 2907; 191
; 2919; 192
; 2928; 193
; 2938; 194
; 2948; 195
; 2959; 196
; 2969; 197
; 2980; 198
; 2991; 199
; 3001; 200
; 3012; 201
; 3024; 202
; 3035; 203
; 3046; 204
; 3056; 205
; 3068; 206
; 3078; 207
; 3088; 208
; 3097; 209
; 3108; 210
; 3118; 211
; 3130; 212
; 3140; 213
; 3149; 214
; 3161; 215
; 3171; 216
; 3181; 217
; 3190; 218
; 3200; 219
; 3212; 220
; 3224; 221
; 3235; 222
; 3245; 223
; 3255; 224
; 3266; 225
; 3276; 226
; 3287; 227
; 3298; 228
; 3309; 229
; 3319; 230
; 3329; 231
; 3339; 232
; 3349; 233
; 3359; 234
; 3370; 235
; 3380; 236
; 3390; 237
; 3400; 238
; 3411; 239
; 3422; 240
; 3433; 241
; 3444; 242
; 3453; 243
; 3463; 244
; 3473; 245
; 3484; 246
; 3494; 247
; 3505; 248
; 3516; 249
; 3526; 250
; 3536; 251
; 3546; 252
; 3558; 253
; 3569; 254
; 3579; 255
; 3589; 256
; 3599; 257
; 3610; 258
; 3622; 259
; 3632; 260
; 3642; 261
; 3651; 262
; 3663; 263
; 3673; 264
; 3683; 265
; 3694; 266
; 3703; 267
; 3715; 268
; 3726; 269
; 3736; 270
; 3746; 271
; 3757; 272
; 3768; 273
; 3778; 274
; 3789; 275
; 3799; 276
; 3808; 277
; 3820; 278
; 3830; 279
; 3840; 280
; 3852; 281
; 3862; 282
; 3872; 283
; 3882; 284
; 3894; 285
; 3904; 286
; 3914; 287
; 3925; 288
; 3935; 289
; 3946; 290
; 3956; 291
; 3966; 292
; 3978; 293
; 3987; 294
; 3998; 295
; 4009; 296
; 4020; 297
; 4032; 298
; 4041; 299
; 4051; 300
; 4061; 301
; 4073; 302
; 4082; 303
; 4092; 304
; 4102; 305
; 4112; 306
; 4122; 307
; 4132; 308
; 4142; 309
; 4152; 310
; 4162; 311
; 4172; 312
; 4182; 313
; 4194; 314
; 4203; 315
; 4215; 316
; 4225; 317
; 4235; 318
; 4246; 319
; 4256; 320
; 4266; 321
; 4276; 322
; 4287; 323
; 4297; 324
; 4308; 325
; 4318; 326
; 4328; 327
; 4337; 328
; 4349; 329
; 4358; 330
; 4368; 331
; 4379; 332
; 4391; 333
; 4400; 334
; 4410; 335
; 4420; 336
; 4431; 337
; 4442; 338
; 4454; 339
; 4465; 340
; 4475; 341
; 4487; 342
; 4496; 343
; 4507; 344
; 4517; 345
; 4527; 346
; 4537; 347
; 4548; 348
; 4560; 349
; 4570; 350
; 4581; 351
; 4593; 352
; 4603; 353
; 4614; 354
; 4625; 355
; 4637; 356
; 4648; 357
; 4660; 358
; 4671; 359
; 4681; 360
; 4691; 361
; 4703; 362
; 4713; 363
; 4724; 364
; 4734; 365
; 4745; 366
; 4754; 367
; 4766; 368
; 4778; 369
; 4789; 370
; 4799; 371
; 4811; 372
; 4821; 373
; 4831; 374
; 4841; 375
; 4851; 376
; 4862; 377
; 4872; 378
; 4882; 379
; 4892; 380
; 4902; 381
; 4912; 382
; 4923; 383
; 4933; 384
; 4943; 385
; 4953; 386
; 4964; 387
; 4975; 388
; 4985; 389
; 4995; 390
; 5006; 391
; 5016; 392
; 5027; 393
; 5039; 394
; 5050; 395
; 5061; 396
; 5071; 397
; 5082; 398
; 5093; 399
; 5103; 400
; 5112; 401
; 5124; 402
; 5135; 403
; 5146; 404
; 5156; 405
; 5168; 406
; 5179; 407
; 5191; 408
; 5201; 409
; 5213; 410
; 5224; 411
; 5235; 412
; 5247; 413
; 5258; 414
; 5269; 415
; 5280; 416
; 5291; 417
; 5301; 418
; 5311; 419
; 5322; 420
; 5332; 421
; 5344; 422
; 5353; 423
; 5364; 424
; 5373; 425
; 5383; 426
; 5395; 427
; 5405; 428
; 5415; 429
; 5425; 430
; 5435; 431
; 5445; 432
; 5457; 433
; 5467; 434
; 5478; 435
; 5489; 436
; 5500; 437
; 5510; 438
; 5522; 439
; 5532; 440
; 5544; 441
; 5554; 442
; 5565; 443
; 5575; 444
; 5586; 445
; 5597; 446
; 5607; 447
; 5617; 448
; 5628; 449
; 5639; 450
; 5650; 451
; 5660; 452
; 5670; 453
; 5680; 454
; 5691; 455
; 5702; 456
; 5713; 457
; 5724; 458
; 5735; 459
; 5746; 460
; 5757; 461
; 5768; 462
; 5779; 463
; 5789; 464
; 5799; 465
; 5810; 466
; 5821; 467
; 5833; 468
; 5845; 469
; 5856; 470
; 5866; 471
; 5877; 472
; 5887; 473
; 5899; 474
; 5909; 475
; 5918; 476
; 5929; 477
; 5939; 478
; 5949; 479
; 5959; 480
; 5969; 481
; 5979; 482
; 5989; 483
; 6000; 484
; 6011; 485
; 6022; 486
; 6032; 487
; 6042; 488
; 6053; 489
; 6062; 490
; 6072; 491
; 6082; 492
; 6094; 493
; 6103; 494
; 6113; 495
; 6125; 496
; 6135; 497
; 6144; 498
; 6154; 499
; 6164; 500
; 6174; 501
; 6186; 502
; 6196; 503
; 6207; 504
; 6219; 505
; 6230; 506
; 6240; 507
; 6251; 508
; 6263; 509
; 6275; 510
; 6285; 511
; 6296; 512
; 6308; 513
; 6318; 514
; 6328; 515
; 6337; 516
; 6348; 517
; 6359; 518
; 6371; 519
; 6383; 520
; 6393; 521
; 6404; 522
; 6414; 523
; 6426; 524
; 6436; 525
; 6446; 526
; 6456; 527
; 6467; 528
; 6479; 529
; 6490; 530
; 6501; 531
; 6512; 532
; 6523; 533
; 6534; 534
; 6544; 535
; 6554; 536
; 6564; 537
; 6575; 538
; 6584; 539
; 6596; 540
; 6608; 541
; 6618; 542
; 6629; 543
; 6640; 544
; 6650; 545
; 6661; 546
; 6671; 547
; 6682; 548
; 6692; 549
; 6701; 550
; 6711; 551
; 6721; 552
; 6731; 553
; 6743; 554
; 6753; 555
; 6762; 556
; 6774; 557
; 6784; 558
; 6796; 559
; 6806; 560
; 6817; 561
; 6827; 562
; 6839; 563
; 6850; 564
; 6860; 565
; 6872; 566
; 6882; 567
; 6892; 568
; 6904; 569
; 6914; 570
; 6924; 571
; 6934; 572
; 6944; 573
; 6955; 574
; 6966; 575
; 6976; 576
; 6986; 577
; 6996; 578
; 7006; 579
; 7017; 580
; 7029; 581
; 7038; 582
; 7049; 583
; 7058; 584
; 7068; 585
; 7078; 586
; 7088; 587
; 7099; 588
; 7111; 589
; 7122; 590
; 7132; 591
; 7142; 592
; 7154; 593
; 7165; 594
; 7175; 595
; 7185; 596
; 7196; 597
; 7206; 598
; 7216; 599
; 7227; 600
; 7237; 601
; 7247; 602
; 7259; 603
; 7271; 604
; 7282; 605
; 7292; 606
; 7302; 607
; 7312; 608
; 7321; 609
; 7333; 610
; 7343; 611
; 7354; 612
; 7365; 613
; 7377; 614
; 7386; 615
; 7398; 616
; 7408; 617
; 7418; 618
; 7429; 619
; 7438; 620
; 7449; 621
; 7460; 622
; 7470; 623
; 7480; 624
; 7490; 625
; 7501; 626
; 7511; 627
; 7520; 628
; 7530; 629
; 7542; 630
; 7553; 631
; 7564; 632
; 7575; 633
; 7586; 634
; 7595; 635
; 7606; 636
; 7616; 637
; 7627; 638
; 7637; 639
; 7648; 640
; 7660; 641
; 7669; 642
; 7681; 643
; 7693; 644
; 7704; 645
; 7715; 646
; 7726; 647
; 7736; 648
; 7748; 649
; 7757; 650
; 7767; 651
; 7779; 652
; 7790; 653
; 7800; 654
; 7811; 655
; 7823; 656
; 7834; 657
; 7844; 658
; 7854; 659
; 7864; 660
; 7874; 661
; 7884; 662
; 7895; 663
; 7904; 664
; 7915; 665
; 7927; 666
; 7938; 667
; 7948; 668
; 7958; 669
; 7969; 670
; 7981; 671
; 7991; 672
; 8001; 673
; 8011; 674
; 8021; 675
; 8031; 676
; 8040; 677
; 8050; 678
; 8060; 679
; 8070; 680
; 8082; 681
; 8092; 682
; 8102; 683
; 8113; 684
; 8124; 685
; 8134; 686
; 8145; 687
; 8156; 688
; 8167; 689
; 8177; 690
; 8187; 691
; 8199; 692
; 8209; 693
; 8220; 694
; 8231; 695
; 8243; 696
; 8253; 697
; 8264; 698
; 8274; 699
; 8284; 700
; 8294; 701
; 8305; 702
; 8315; 703
; 8327; 704
; 8337; 705
; 8347; 706
; 8358; 707
; 8370; 708
; 8381; 709
; 8392; 710
; 8404; 711
; 8414; 712
; 8425; 713
; 8437; 714
; 8448; 715
; 8457; 716
; 8467; 717
; 8477; 718
; 8488; 719
; 8498; 720
; 8509; 721
; 8521; 722
; 8531; 723
; 8542; 724
; 8552; 725
; 8561; 726
; 8572; 727
; 8582; 728
; 8592; 729
; 8602; 730
; 8611; 731
; 8621; 732
; 8632; 733
; 8644; 734
; 8655; 735
; 8666; 736
; 8676; 737
; 8688; 738
; 8698; 739
; 8708; 740
; 8718; 741
; 8728; 742
; 8738; 743
; 8748; 744
; 8758; 745
; 8769; 746
; 8781; 747
; 8791; 748
; 8800; 749
; 8810; 750
; 8820; 751
; 8830; 752
; 8839; 753
; 8849; 754
; 8859; 755
; 8871; 756
; 8882; 757
; 8892; 758
; 8902; 759
; 8914; 760
; 8923; 761
; 8933; 762
; 8943; 763
; 8953; 764
; 8964; 765
; 8975; 766
; 8987; 767
; 8996; 768
; 9007; 769
; 9018; 770
; 9029; 771
; 9040; 772
; 9051; 773
; 9061; 774
; 9072; 775
; 9082; 776
; 9092; 777
; 9102; 778
; 9113; 779
; 9125; 780
; 9135; 781
; 9145; 782
; 9157; 783
; 9167; 784
; 9177; 785
; 9186; 786
; 9198; 787
; 9208; 788
; 9219; 789
; 9230; 790
; 9241; 791
; 9252; 792
; 9262; 793
; 9272; 794
; 9282; 795
; 9293; 796
; 9303; 797
; 9314; 798
; 9324; 799
; 9335; 800
; 9348; 801
; 9357; 802
; 9367; 803
; 9377; 804
; 9388; 805
; 9397; 806
; 9407; 807
; 9419; 808
; 9429; 809
; 9438; 810
; 9450; 811
; 9462; 812
; 9474; 813
; 9484; 814
; 9494; 815
; 9503; 816
; 9513; 817
; 9525; 818
; 9536; 819
; 9546; 820
; 9556; 821
; 9566; 822
; 9578; 823
; 9589; 824
; 9599; 825
; 9609; 826
; 9621; 827
; 9631; 828
; 9641; 829
; 9652; 830
; 9662; 831
; 9674; 832
; 9684; 833
; 9693; 834
; 9705; 835
; 9715; 836
; 9725; 837
; 9734; 838
; 9746; 839
; 9757; 840
; 9767; 841
; 9779; 842
; 9790; 843
; 9802; 844
; 9814; 845
; 9825; 846
; 9835; 847
; 9845; 848
; 9856; 849
; 9868; 850
; 9878; 851
; 9888; 852
; 9899; 853
; 9911; 854
; 9923; 855
; 9933; 856
; 9943; 857
; 9954; 858
; 9964; 859
; 9976; 860
; 9986; 861
; 9995; 862
; 10007; 863
; 10017; 864
; 10028; 865
; 10039; 866
; 10050; 867
; 10060; 868
; 10072; 869
; 10082; 870
; 10092; 871
; 10101; 872
; 10113; 873
; 10125; 874
; 10134; 875
; 10146; 876
; 10158; 877
; 10167; 878
; 10179; 879
; 10189; 880
; 10199; 881
; 10208; 882
; 10219; 883
; 10229; 884
; 10241; 885
; 10251; 886
; 10261; 887
; 10270; 888
; 10281; 889
; 10293; 890
; 10304; 891
; 10316; 892
; 10326; 893
; 10336; 894
; 10345; 895
; 10356; 896
; 10366; 897
; 10378; 898
; 10390; 899
; 10399; 900
; 10411; 901
; 10422; 902
; 10432; 903
; 10441; 904
; 10453; 905
; 10463; 906
; 10473; 907
; 10483; 908
; 10494; 909
; 10504; 910
; 10516; 911
; 10527; 912
; 10537; 913
; 10549; 914
; 10561; 915
; 10570; 916
; 10580; 917
; 10592; 918
; 10603; 919
; 10614; 920
; 10625; 921
; 10637; 922
; 10647; 923
; 10657; 924
; 10666; 925
; 10677; 926
; 10688; 927
; 10698; 928
; 10710; 929
; 10720; 930
; 10731; 931
; 10741; 932
; 10753; 933
; 10765; 934
; 10776; 935
; 10788; 936
; 10798; 937
; 10810; 938
; 10821; 939
; 10831; 940
; 10842; 941
; 10852; 942
; 10864; 943
; 10873; 944
; 10883; 945
; 10893; 946
; 10905; 947
; 10914; 948
; 10926; 949
; 10938; 950
; 10950; 951
; 10961; 952
; 10972; 953
; 10982; 954
3.Variable; PLC_PRG.emergency_stop
3.Address.AddrFlags; 0x00000000
3.Class; 0
3.Size; 1
3.GraphColor; 4290623339
3.GraphType; 1
3.MinWarningColor; 4278190080
3.MaxWarningColor; 4294901760
3.CriticalLowerLimit; 0
3.CriticalUpperLimit; 0
3.ActivateMinWarning; 0
3.ActivateMaxWarning; 0
3.YAxis; 0
3.Data; 
; 2; 0
; 12; 0
; 22; 0
; 33; 0
; 42; 0
; 52; 0
; 62; 0
; 74; 0
; 83; 0
; 95; 0
; 106; 0
; 115; 0
; 127; 0
; 137; 0
; 147; 0
; 157; 0
; 169; 0
; 179; 0
; 191; 0
; 202; 0
; 212; 0
; 224; 0
; 233; 0
; 243; 0
; 255; 0
; 265; 0
; 274; 0
; 286; 0
; 296; 0
; 306; 0
; 318; 0
; 328; 0
; 340; 0
; 349; 0
; 360; 0
; 370; 0
; 380; 0
; 390; 0
; 400; 0
; 411; 0
; 421; 0
; 431; 0
; 441; 0
; 451; 0
; 461; 0
; 473; 0
; 485; 0
; 494; 0
; 506; 0
; 517; 0
; 527; 0
; 538; 0
; 548; 0
; 559; 0
; 570; 0
; 580; 0
; 592; 0
; 602; 0
; 612; 0
; 623; 0
; 634; 0
; 644; 0
; 655; 0
; 665; 0
; 675; 0
; 685; 0
; 695; 0
; 707; 0
; 716; 0
; 726; 0
; 736; 0
; 746; 0
; 756; 0
; 766; 0
; 778; 0
; 787; 0
; 797; 0
; 807; 0
; 817; 0
; 827; 0
; 838; 0
; 848; 0
; 858; 0
; 870; 0
; 879; 0
; 890; 0
; 901; 0
; 911; 0
; 921; 0
; 932; 0
; 943; 0
; 953; 0
; 964; 0
; 975; 0
; 987; 0
; 996; 0
; 1007; 0
; 1019; 0
; 1029; 0
; 1039; 0
; 1049; 0
; 1059; 0
; 1069; 0
; 1079; 0
; 1090; 0
; 1102; 0
; 1113; 0
; 1123; 0
; 1133; 0
; 1145; 0
; 1156; 0
; 1167; 0
; 1177; 0
; 1189; 0
; 1199; 0
; 1210; 0
; 1221; 0
; 1231; 0
; 1241; 0
; 1252; 0
; 1262; 0
; 1273; 0
; 1284; 0
; 1296; 0
; 1307; 0
; 1317; 0
; 1328; 0
; 1339; 0
; 1349; 0
; 1359; 0
; 1368; 0
; 1378; 0
; 1389; 0
; 1401; 0
; 1410; 0
; 1420; 0
; 1430; 0
; 1442; 0
; 1453; 0
; 1463; 0
; 1473; 0
; 1483; 0
; 1493; 0
; 1503; 0
; 1514; 0
; 1525; 0
; 1535; 0
; 1546; 0
; 1557; 0
; 1566; 0
; 1576; 0
; 1588; 0
; 1598; 0
; 1607; 0
; 1619; 0
; 1629; 0
; 1639; 0
; 1649; 0
; 1659; 0
; 1669; 0
; 1681; 0
; 1691; 0
; 1703; 0
; 1712; 0
; 1724; 0
; 1735; 0
; 1746; 0
; 1758; 0
; 1767; 0
; 1777; 0
; 1787; 0
; 1799; 0
; 1810; 0
; 1821; 0
; 1832; 0
; 1842; 0
; 1854; 0
; 1864; 0
; 1876; 0
; 1887; 0
; 1899; 0
; 1909; 0
; 1919; 0
; 1930; 0
; 1941; 0
; 1951; 0
; 1960; 0
; 1970; 0
; 1980; 0
; 1990; 0
; 2002; 0
; 2012; 0
; 2021; 0
; 2031; 0
; 2042; 0
; 2053; 0
; 2065; 0
; 2074; 0
; 2084; 0
; 2094; 0
; 2106; 0
; 2117; 0
; 2127; 0
; 2137; 0
; 2147; 0
; 2156; 0
; 2166; 0
; 2178; 0
; 2189; 0
; 2201; 0
; 2211; 0
; 2220; 0
; 2231; 0
; 2241; 0
; 2251; 0
; 2262; 0
; 2272; 0
; 2283; 0
; 2293; 0
; 2303; 0
; 2313; 0
; 2323; 0
; 2334; 0
; 2344; 0
; 2354; 0
; 2366; 0
; 2376; 0
; 2387; 0
; 2398; 0
; 2409; 0
; 2418; 0
; 2428; 0
; 2439; 0
; 2448; 0
; 2459; 0
; 2468; 0
; 2478; 0
; 2488; 0
; 2500; 0
; 2509; 0
; 2519; 0
; 2529; 0
; 2541; 0
; 2550; 0
; 2560; 0
; 2572; 0
; 2582; 0
; 2593; 0
; 2605; 0
; 2616; 0
; 2626; 0
; 2636; 0
; 2647; 0
; 2658; 0
; 2668; 0
; 2680; 0
; 2690; 0
; 2700; 0
; 2710; 0
; 2722; 0
; 2732; 0
; 2743; 0
; 2755; 0
; 2764; 0
; 2774; 0
; 2784; 0
; 2794; 0
; 2804; 0
; 2815; 0
; 2824; 0
; 2836; 0
; 2846; 0
; 2857; 0
; 2867; 0
; 2877; 0
; 2888; 0
; 2898; 0
; 2907; 0
; 2919; 0
; 2928; 0
; 2938; 0
; 2948; 0
; 2959; 0
; 2969; 0
; 2980; 0
; 2991; 0
; 3001; 0
; 3012; 0
; 3024; 0
; 3035; 0
; 3046; 0
; 3056; 0
; 3068; 0
; 3078; 0
; 3088; 0
; 3097; 0
; 3108; 0
; 3118; 0
; 3130; 0
; 3140; 0
; 3149; 0
; 3161; 0
; 3171; 0
; 3181; 0
; 3190; 0
; 3200; 0
; 3212; 0
; 3224; 0
; 3235; 0
; 3245; 0
; 3255; 0
; 3266; 0
; 3276; 0
; 3287; 0
; 3298; 0
; 3309; 0
; 3319; 0
; 3329; 0
; 3339; 0
; 3349; 0
; 3359; 0
; 3370; 0
; 3380; 0
; 3390; 0
; 3400; 0
; 3411; 0
; 3422; 0
; 3433; 0
; 3444; 0
; 3453; 0
; 3463; 0
; 3473; 0
; 3484; 0
; 3494; 0
; 3505; 0
; 3516; 0
; 3526; 0
; 3536; 0
; 3546; 0
; 3558; 0
; 3569; 0
; 3579; 0
; 3589; 0
; 3599; 0
; 3610; 0
; 3622; 0
; 3632; 0
; 3642; 0
; 3651; 0
; 3663; 0
; 3673; 0
; 3683; 0
; 3694; 0
; 3703; 0
; 3715; 0
; 3726; 0
; 3736; 0
; 3746; 0
; 3757; 0
; 3768; 0
; 3778; 0
; 3789; 0
; 3799; 0
; 3808; 0
; 3820; 0
; 3830; 0
; 3840; 0
; 3852; 0
; 3862; 0
; 3872; 0
; 3882; 0
; 3894; 0
; 3904; 0
; 3914; 0
; 3925; 0
; 3935; 0
; 3946; 0
; 3956; 0
; 3966; 0
; 3978; 0
; 3987; 0
; 3998; 0
; 4009; 0
; 4020; 0
; 4032; 0
; 4041; 0
; 4051; 0
; 4061; 0
; 4073; 0
; 4082; 0
; 4092; 0
; 4102; 0
; 4112; 0
; 4122; 0
; 4132; 0
; 4142; 0
; 4152; 0
; 4162; 0
; 4172; 0
; 4182; 0
; 4194; 0
; 4203; 0
; 4215; 0
; 4225; 0
; 4235; 0
; 4246; 0
; 4256; 0
; 4266; 0
; 4276; 0
; 4287; 0
; 4297; 0
; 4308; 0
; 4318; 0
; 4328; 0
; 4337; 0
; 4349; 0
; 4358; 0
; 4368; 0
; 4379; 0
; 4391; 0
; 4400; 0
; 4410; 0
; 4420; 0
; 4431; 0
; 4442; 0
; 4454; 0
; 4465; 0
; 4475; 0
; 4487; 0
; 4496; 0
; 4507; 0
; 4517; 0
; 4527; 0
; 4537; 0
; 4548; 0
; 4560; 0
; 4570; 0
; 4581; 0
; 4593; 0
; 4603; 0
; 4614; 0
; 4625; 0
; 4637; 0
; 4648; 0
; 4660; 0
; 4671; 0
; 4681; 0
; 4691; 0
; 4703; 0
; 4713; 0
; 4724; 0
; 4734; 0
; 4745; 0
; 4754; 0
; 4766; 0
; 4778; 0
; 4789; 0
; 4799; 0
; 4811; 0
; 4821; 0
; 4831; 0
; 4841; 0
; 4851; 0
; 4862; 0
; 4872; 0
; 4882; 0
; 4892; 0
; 4902; 0
; 4912; 0
; 4923; 0
; 4933; 0
; 4943; 0
; 4953; 0
; 4964; 0
; 4975; 0
; 4985; 0
; 4995; 0
; 5006; 0
; 5016; 0
; 5027; 0
; 5039; 0
; 5050; 0
; 5061; 0
; 5071; 0
; 5082; 0
; 5093; 0
; 5103; 0
; 5112; 0
; 5124; 0
; 5135; 0
; 5146; 0
; 5156; 0
; 5168; 0
; 5179; 0
; 5191; 0
; 5201; 0
; 5213; 0
; 5224; 0
; 5235; 0
; 5247; 0
; 5258; 0
; 5269; 0
; 5280; 0
; 5291; 0
; 5301; 0
; 5311; 0
; 5322; 0
; 5332; 0
; 5344; 0
; 5353; 0
; 5364; 0
; 5373; 0
; 5383; 0
; 5395; 0
; 5405; 0
; 5415; 0
; 5425; 0
; 5435; 0
; 5445; 0
; 5457; 0
; 5467; 0
; 5478; 0
; 5489; 0
; 5500; 0
; 5510; 0
; 5522; 0
; 5532; 0
; 5544; 0
; 5554; 0
; 5565; 0
; 5575; 0
; 5586; 0
; 5597; 0
; 5607; 0
; 5617; 0
; 5628; 0
; 5639; 0
; 5650; 0
; 5660; 0
; 5670; 0
; 5680; 0
; 5691; 0
; 5702; 0
; 5713; 0
; 5724; 0
; 5735; 0
; 5746; 0
; 5757; 0
; 5768; 0
; 5779; 0
; 5789; 0
; 5799; 0
; 5810; 0
; 5821; 0
; 5833; 0
; 5845; 0
; 5856; 0
; 5866; 0
; 5877; 0
; 5887; 0
; 5899; 0
; 5909; 0
; 5918; 0
; 5929; 0
; 5939; 0
; 5949; 0
; 5959; 0
; 5969; 0
; 5979; 0
; 5989; 0
; 6000; 0
; 6011; 0
; 6022; 0
; 6032; 0
; 6042; 0
; 6053; 0
; 6062; 0
; 6072; 0
; 6082; 0
; 6094; 0
; 6103; 0
; 6113; 0
; 6125; 0
; 6135; 0
; 6144; 0
; 6154; 0
; 6164; 0
; 6174; 0
; 6186; 0
; 6196; 0
; 6207; 0
; 6219; 0
; 6230; 0
; 6240; 0
; 6251; 0
; 6263; 0
; 6275; 0
; 6285; 0
; 6296; 0
; 6308; 0
; 6318; 0
; 6328; 0
; 6337; 0
; 6348; 0
; 6359; 0
; 6371; 0
; 6383; 0
; 6393; 0
; 6404; 0
; 6414; 0
; 6426; 0
; 6436; 0
; 6446; 0
; 6456; 0
; 6467; 0
; 6479; 0
; 6490; 0
; 6501; 0
; 6512; 0
; 6523; 0
; 6534; 0
; 6544; 0
; 6554; 0
; 6564; 0
; 6575; 0
; 6584; 0
; 6596; 0
; 6608; 0
; 6618; 0
; 6629; 0
; 6640; 0
; 6650; 0
; 6661; 0
; 6671; 0
; 6682; 0
; 6692; 0
; 6701; 0
; 6711; 0
; 6721; 0
; 6731; 0
; 6743; 0
; 6753; 0
; 6762; 0
; 6774; 0
; 6784; 0
; 6796; 0
; 6806; 0
; 6817; 0
; 6827; 0
; 6839; 0
; 6850; 0
; 6860; 0
; 6872; 0
; 6882; 0
; 6892; 0
; 6904; 0
; 6914; 0
; 6924; 0
; 6934; 0
; 6944; 0
; 6955; 0
; 6966; 0
; 6976; 0
; 6986; 0
; 6996; 0
; 7006; 0
; 7017; 0
; 7029; 0
; 7038; 0
; 7049; 0
; 7058; 0
; 7068; 0
; 7078; 0
; 7088; 0
; 7099; 0
; 7111; 0
; 7122; 0
; 7132; 0
; 7142; 0
; 7154; 0
; 7165; 0
; 7175; 0
; 7185; 0
; 7196; 0
; 7206; 0
; 7216; 0
; 7227; 0
; 7237; 0
; 7247; 0
; 7259; 0
; 7271; 0
; 7282; 0
; 7292; 0
; 7302; 0
; 7312; 0
; 7321; 0
; 7333; 0
; 7343; 0
; 7354; 0
; 7365; 0
; 7377; 0
; 7386; 0
; 7398; 0
; 7408; 0
; 7418; 0
; 7429; 0
; 7438; 0
; 7449; 0
; 7460; 0
; 7470; 0
; 7480; 0
; 7490; 0
; 7501; 0
; 7511; 0
; 7520; 0
; 7530; 0
; 7542; 0
; 7553; 0
; 7564; 0
; 7575; 0
; 7586; 0
; 7595; 0
; 7606; 0
; 7616; 0
; 7627; 0
; 7637; 0
; 7648; 0
; 7660; 0
; 7669; 0
; 7681; 0
; 7693; 0
; 7704; 0
; 7715; 0
; 7726; 0
; 7736; 0
; 7748; 0
; 7757; 0
; 7767; 0
; 7779; 0
; 7790; 0
; 7800; 0
; 7811; 0
; 7823; 0
; 7834; 0
; 7844; 0
; 7854; 0
; 7864; 0
; 7874; 0
; 7884; 0
; 7895; 0
; 7904; 0
; 7915; 0
; 7927; 0
; 7938; 0
; 7948; 0
; 7958; 0
; 7969; 0
; 7981; 0
; 7991; 0
; 8001; 0
; 8011; 0
; 8021; 0
; 8031; 0
; 8040; 0
; 8050; 0
; 8060; 0
; 8070; 0
; 8082; 0
; 8092; 0
; 8102; 0
; 8113; 0
; 8124; 0
; 8134; 0
; 8145; 0
; 8156; 0
; 8167; 0
; 8177; 0
; 8187; 0
; 8199; 0
; 8209; 0
; 8220; 0
; 8231; 0
; 8243; 0
; 8253; 0
; 8264; 0
; 8274; 0
; 8284; 0
; 8294; 0
; 8305; 0
; 8315; 0
; 8327; 0
; 8337; 0
; 8347; 0
; 8358; 0
; 8370; 0
; 8381; 0
; 8392; 0
; 8404; 0
; 8414; 0
; 8425; 0
; 8437; 0
; 8448; 0
; 8457; 0
; 8467; 0
; 8477; 0
; 8488; 0
; 8498; 0
; 8509; 0
; 8521; 0
; 8531; 0
; 8542; 0
; 8552; 0
; 8561; 0
; 8572; 0
; 8582; 0
; 8592; 0
; 8602; 0
; 8611; 0
; 8621; 0
; 8632; 0
; 8644; 0
; 8655; 0
; 8666; 0
; 8676; 0
; 8688; 0
; 8698; 0
; 8708; 0
; 8718; 0
; 8728; 0
; 8738; 0
; 8748; 0
; 8758; 0
; 8769; 0
; 8781; 0
; 8791; 0
; 8800; 0
; 8810; 0
; 8820; 0
; 8830; 0
; 8839; 0
; 8849; 0
; 8859; 0
; 8871; 0
; 8882; 0
; 8892; 0
; 8902; 0
; 8914; 0
; 8923; 0
; 8933; 0
; 8943; 0
; 8953; 0
; 8964; 0
; 8975; 0
; 8987; 0
; 8996; 0
; 9007; 0
; 9018; 0
; 9029; 0
; 9040; 0
; 9051; 0
; 9061; 0
; 9072; 0
; 9082; 0
; 9092; 0
; 9102; 0
; 9113; 0
; 9125; 0
; 9135; 0
; 9145; 0
; 9157; 0
; 9167; 0
; 9177; 0
; 9186; 0
; 9198; 0
; 9208; 0
; 9219; 0
; 9230; 0
; 9241; 0
; 9252; 0
; 9262; 0
; 9272; 0
; 9282; 0
; 9293; 0
; 9303; 0
; 9314; 0
; 9324; 0
; 9335; 0
; 9348; 0
; 9357; 0
; 9367; 0
; 9377; 0
; 9388; 0
; 9397; 0
; 9407; 0
; 9419; 0
; 9429; 0
; 9438; 0
; 9450; 0
; 9462; 0
; 9474; 0
; 9484; 0
; 9494; 0
; 9503; 0
; 9513; 0
; 9525; 0
; 9536; 0
; 9546; 0
; 9556; 0
; 9566; 0
; 9578; 0
; 9589; 0
; 9599; 0
; 9609; 0
; 9621; 0
; 9631; 0
; 9641; 0
; 9652; 0
; 9662; 0
; 9674; 0
; 9684; 0
; 9693; 0
; 9705; 0
; 9715; 0
; 9725; 0
; 9734; 0
; 9746; 0
; 9757; 0
; 9767; 0
; 9779; 0
; 9790; 0
; 9802; 0
; 9814; 0
; 9825; 0
; 9835; 0
; 9845; 0
; 9856; 0
; 9868; 0
; 9878; 0
; 9888; 0
; 9899; 0
; 9911; 0
; 9923; 0
; 9933; 0
; 9943; 0
; 9954; 0
; 9964; 0
; 9976; 0
; 9986; 0
; 9995; 0
; 10007; 0
; 10017; 0
; 10028; 0
; 10039; 0
; 10050; 0
; 10060; 0
; 10072; 0
; 10082; 0
; 10092; 0
; 10101; 0
; 10113; 0
; 10125; 0
; 10134; 0
; 10146; 0
; 10158; 0
; 10167; 0
; 10179; 0
; 10189; 0
; 10199; 0
; 10208; 0
; 10219; 0
; 10229; 0
; 10241; 0
; 10251; 0
; 10261; 0
; 10270; 0
; 10281; 0
; 10293; 0
; 10304; 0
; 10316; 0
; 10326; 0
; 10336; 0
; 10345; 0
; 10356; 0
; 10366; 0
; 10378; 0
; 10390; 0
; 10399; 0
; 10411; 0
; 10422; 0
; 10432; 0
; 10441; 0
; 10453; 0
; 10463; 0
; 10473; 0
; 10483; 0
; 10494; 0
; 10504; 0
; 10516; 0
; 10527; 0
; 10537; 0
; 10549; 0
; 10561; 0
; 10570; 0
; 10580; 0
; 10592; 0
; 10603; 0
; 10614; 0
; 10625; 0
; 10637; 0
; 10647; 0
; 10657; 0
; 10666; 0
; 10677; 0
; 10688; 0
; 10698; 0
; 10710; 0
; 10720; 0
; 10731; 0
; 10741; 0
; 10753; 0
; 10765; 0
; 10776; 0
; 10788; 0
; 10798; 0
; 10810; 0
; 10821; 0
; 10831; 0
; 10842; 0
; 10852; 0
; 10864; 0
; 10873; 0
; 10883; 0
; 10893; 0
; 10905; 0
; 10914; 0
; 10926; 0
; 10938; 0
; 10950; 0
; 10961; 0
; 10972; 0
; 10982; 0
4.Variable; PLC_PRG.feed_flow
4.Address.AddrFlags; 0x00000000
4.Class; 14
4.Size; 4
4.GraphColor; 4278255615
4.GraphType; 1
4.MinWarningColor; 4278190080
4.MaxWarningColor; 4294901760
4.CriticalLowerLimit; 0
4.CriticalUpperLimit; 0
4.ActivateMinWarning; 0
4.ActivateMaxWarning; 0
4.YAxis; 0
4.Data; 
; 2; 40
; 12; 40
; 22; 40
; 33; 40
; 42; 40
; 52; 40
; 62; 40
; 74; 40
; 83; 40
; 95; 40
; 106; 40
; 115; 40
; 127; 40
; 137; 40
; 147; 40
; 157; 40
; 169; 40
; 179; 40
; 191; 40
; 202; 40
; 212; 40
; 224; 40
; 233; 40
; 243; 40
; 255; 40
; 265; 40
; 274; 40
; 286; 40
; 296; 40
; 306; 40
; 318; 40
; 328; 40
; 340; 40
; 349; 40
; 360; 40
; 370; 40
; 380; 40
; 390; 40
; 400; 40
; 411; 40
; 421; 40
; 431; 40
; 441; 40
; 451; 40
; 461; 40
; 473; 40
; 485; 40
; 494; 40
; 506; 40
; 517; 40
; 527; 40
; 538; 40
; 548; 40
; 559; 40
; 570; 40
; 580; 40
; 592; 40
; 602; 40
; 612; 40
; 623; 40
; 634; 40
; 644; 40
; 655; 40
; 665; 40
; 675; 40
; 685; 40
; 695; 40
; 707; 40
; 716; 40
; 726; 40
; 736; 40
; 746; 40
; 756; 40
; 766; 40
; 778; 40
; 787; 40
; 797; 40
; 807; 40
; 817; 40
; 827; 40
; 838; 40
; 848; 40
; 858; 40
; 870; 40
; 879; 40
; 890; 40
; 901; 40
; 911; 40.020000457763672
; 921; 40.040000915527344
; 932; 40.060001373291016
; 943; 40.080001831054688
; 953; 40.100002288818359
; 964; 40.120002746582031
; 975; 40.1400032043457
; 987; 40.160003662109375
; 996; 40.180004119873047
; 1007; 40.200004577636719
; 1019; 40.220005035400391
; 1029; 40.240005493164063
; 1039; 40.260005950927734
; 1049; 40.280006408691406
; 1059; 40.300006866455078
; 1069; 40.32000732421875
; 1079; 40.340007781982422
; 1090; 40.360008239746094
; 1102; 40.380008697509766
; 1113; 40.400009155273438
; 1123; 40.420009613037109
; 1133; 40.440010070800781
; 1145; 40.460010528564453
; 1156; 40.480010986328125
; 1167; 40.5000114440918
; 1177; 40.520011901855469
; 1189; 40.540012359619141
; 1199; 40.560012817382813
; 1210; 40.580013275146484
; 1221; 40.600013732910156
; 1231; 40.620014190673828
; 1241; 40.6400146484375
; 1252; 40.660015106201172
; 1262; 40.680015563964844
; 1273; 40.700016021728516
; 1284; 40.720016479492188
; 1296; 40.740016937255859
; 1307; 40.760017395019531
; 1317; 40.7800178527832
; 1328; 40.800018310546875
; 1339; 40.820018768310547
; 1349; 40.840019226074219
; 1359; 40.860019683837891
; 1368; 40.880020141601563
; 1378; 40.900020599365234
; 1389; 40.920021057128906
; 1401; 40.940021514892578
; 1410; 40.96002197265625
; 1420; 40.980022430419922
; 1430; 41.000022888183594
; 1442; 41.020023345947266
; 1453; 41.040023803710938
; 1463; 41.060024261474609
; 1473; 41.080024719238281
; 1483; 41.100025177001953
; 1493; 41.120025634765625
; 1503; 41.1400260925293
; 1514; 41.160026550292969
; 1525; 41.180027008056641
; 1535; 41.200027465820313
; 1546; 41.220027923583984
; 1557; 41.240028381347656
; 1566; 41.260028839111328
; 1576; 41.280029296875
; 1588; 41.300029754638672
; 1598; 41.320030212402344
; 1607; 41.340030670166016
; 1619; 41.360031127929688
; 1629; 41.380031585693359
; 1639; 41.400032043457031
; 1649; 41.4200325012207
; 1659; 41.440032958984375
; 1669; 41.460033416748047
; 1681; 41.480033874511719
; 1691; 41.500034332275391
; 1703; 41.520034790039063
; 1712; 41.540035247802734
; 1724; 41.560035705566406
; 1735; 41.580036163330078
; 1746; 41.60003662109375
; 1758; 41.620037078857422
; 1767; 41.640037536621094
; 1777; 41.660037994384766
; 1787; 41.680038452148438
; 1799; 41.700038909912109
; 1810; 41.720039367675781
; 1821; 41.740039825439453
; 1832; 41.760040283203125
; 1842; 41.7800407409668
; 1854; 41.800041198730469
; 1864; 41.820041656494141
; 1876; 41.840042114257813
; 1887; 41.860042572021484
; 1899; 41.880043029785156
; 1909; 41.900043487548828
; 1919; 41.9200439453125
; 1930; 41.940044403076172
; 1941; 41.960044860839844
; 1951; 41.980045318603516
; 1960; 42.000045776367188
; 1970; 42.020046234130859
; 1980; 42.040046691894531
; 1990; 42.0600471496582
; 2002; 42.080047607421875
; 2012; 42.100048065185547
; 2021; 42.120048522949219
; 2031; 42.140048980712891
; 2042; 42.160049438476563
; 2053; 42.180049896240234
; 2065; 42.200050354003906
; 2074; 42.220050811767578
; 2084; 42.24005126953125
; 2094; 42.260051727294922
; 2106; 42.280052185058594
; 2117; 42.300052642822266
; 2127; 42.320053100585938
; 2137; 42.340053558349609
; 2147; 42.360054016113281
; 2156; 42.380054473876953
; 2166; 42.400054931640625
; 2178; 42.4200553894043
; 2189; 42.440055847167969
; 2201; 42.460056304931641
; 2211; 42.480056762695313
; 2220; 42.500057220458984
; 2231; 42.520057678222656
; 2241; 42.540058135986328
; 2251; 42.56005859375
; 2262; 42.580059051513672
; 2272; 42.600059509277344
; 2283; 42.620059967041016
; 2293; 42.640060424804688
; 2303; 42.660060882568359
; 2313; 42.680061340332031
; 2323; 42.7000617980957
; 2334; 42.720062255859375
; 2344; 42.740062713623047
; 2354; 42.760063171386719
; 2366; 42.780063629150391
; 2376; 42.800064086914063
; 2387; 42.820064544677734
; 2398; 42.840065002441406
; 2409; 42.860065460205078
; 2418; 42.88006591796875
; 2428; 42.900066375732422
; 2439; 42.920066833496094
; 2448; 42.940067291259766
; 2459; 42.960067749023438
; 2468; 42.980068206787109
; 2478; 43.000068664550781
; 2488; 43.020069122314453
; 2500; 43.040069580078125
; 2509; 43.0600700378418
; 2519; 43.080070495605469
; 2529; 43.100070953369141
; 2541; 43.120071411132813
; 2550; 43.140071868896484
; 2560; 43.160072326660156
; 2572; 43.180072784423828
; 2582; 43.2000732421875
; 2593; 43.220073699951172
; 2605; 43.240074157714844
; 2616; 43.260074615478516
; 2626; 43.280075073242188
; 2636; 43.300075531005859
; 2647; 43.320075988769531
; 2658; 43.3400764465332
; 2668; 43.360076904296875
; 2680; 43.380077362060547
; 2690; 43.400077819824219
; 2700; 43.420078277587891
; 2710; 43.440078735351563
; 2722; 43.460079193115234
; 2732; 43.480079650878906
; 2743; 43.500080108642578
; 2755; 43.52008056640625
; 2764; 43.540081024169922
; 2774; 43.560081481933594
; 2784; 43.580081939697266
; 2794; 43.600082397460938
; 2804; 43.620082855224609
; 2815; 43.640083312988281
; 2824; 43.660083770751953
; 2836; 43.680084228515625
; 2846; 43.7000846862793
; 2857; 43.720085144042969
; 2867; 43.740085601806641
; 2877; 43.760086059570313
; 2888; 43.780086517333984
; 2898; 43.800086975097656
; 2907; 43.820087432861328
; 2919; 43.840087890625
; 2928; 43.860088348388672
; 2938; 43.880088806152344
; 2948; 43.900089263916016
; 2959; 43.920089721679688
; 2969; 43.940090179443359
; 2980; 43.960090637207031
; 2991; 43.9800910949707
; 3001; 44.000091552734375
; 3012; 44.020092010498047
; 3024; 44.040092468261719
; 3035; 44.060092926025391
; 3046; 44.080093383789063
; 3056; 44.100093841552734
; 3068; 44.120094299316406
; 3078; 44.140094757080078
; 3088; 44.16009521484375
; 3097; 44.180095672607422
; 3108; 44.200096130371094
; 3118; 44.220096588134766
; 3130; 44.240097045898438
; 3140; 44.260097503662109
; 3149; 44.280097961425781
; 3161; 44.300098419189453
; 3171; 44.320098876953125
; 3181; 44.3400993347168
; 3190; 44.360099792480469
; 3200; 44.380100250244141
; 3212; 44.400100708007813
; 3224; 44.420101165771484
; 3235; 44.440101623535156
; 3245; 44.460102081298828
; 3255; 44.4801025390625
; 3266; 44.500102996826172
; 3276; 44.520103454589844
; 3287; 44.540103912353516
; 3298; 44.560104370117188
; 3309; 44.580104827880859
; 3319; 44.600105285644531
; 3329; 44.6201057434082
; 3339; 44.640106201171875
; 3349; 44.660106658935547
; 3359; 44.680107116699219
; 3370; 44.700107574462891
; 3380; 44.720108032226563
; 3390; 44.740108489990234
; 3400; 44.760108947753906
; 3411; 44.780109405517578
; 3422; 44.80010986328125
; 3433; 44.820110321044922
; 3444; 44.840110778808594
; 3453; 44.860111236572266
; 3463; 44.880111694335938
; 3473; 44.900112152099609
; 3484; 44.920112609863281
; 3494; 44.940113067626953
; 3505; 44.960113525390625
; 3516; 44.9801139831543
; 3526; 45.000114440917969
; 3536; 45.020114898681641
; 3546; 45.040115356445313
; 3558; 45.060115814208984
; 3569; 45.080116271972656
; 3579; 45.100116729736328
; 3589; 45.1201171875
; 3599; 45.140117645263672
; 3610; 45.160118103027344
; 3622; 45.180118560791016
; 3632; 45.200119018554688
; 3642; 45.220119476318359
; 3651; 45.240119934082031
; 3663; 45.2601203918457
; 3673; 45.280120849609375
; 3683; 45.300121307373047
; 3694; 45.320121765136719
; 3703; 45.340122222900391
; 3715; 45.360122680664063
; 3726; 45.380123138427734
; 3736; 45.400123596191406
; 3746; 45.420124053955078
; 3757; 45.44012451171875
; 3768; 45.460124969482422
; 3778; 45.480125427246094
; 3789; 45.500125885009766
; 3799; 45.520126342773438
; 3808; 45.540126800537109
; 3820; 45.560127258300781
; 3830; 45.580127716064453
; 3840; 45.600128173828125
; 3852; 45.6201286315918
; 3862; 45.640129089355469
; 3872; 45.660129547119141
; 3882; 45.680130004882813
; 3894; 45.700130462646484
; 3904; 45.720130920410156
; 3914; 45.740131378173828
; 3925; 45.7601318359375
; 3935; 45.780132293701172
; 3946; 45.800132751464844
; 3956; 45.820133209228516
; 3966; 45.840133666992188
; 3978; 45.860134124755859
; 3987; 45.880134582519531
; 3998; 45.9001350402832
; 4009; 45.920135498046875
; 4020; 45.940135955810547
; 4032; 45.960136413574219
; 4041; 45.980136871337891
; 4051; 46.000137329101563
; 4061; 46.020137786865234
; 4073; 46.040138244628906
; 4082; 46.060138702392578
; 4092; 46.08013916015625
; 4102; 46.100139617919922
; 4112; 46.120140075683594
; 4122; 46.140140533447266
; 4132; 46.160140991210938
; 4142; 46.180141448974609
; 4152; 46.200141906738281
; 4162; 46.220142364501953
; 4172; 46.240142822265625
; 4182; 46.2601432800293
; 4194; 46.280143737792969
; 4203; 46.300144195556641
; 4215; 46.320144653320313
; 4225; 46.340145111083984
; 4235; 46.360145568847656
; 4246; 46.380146026611328
; 4256; 46.400146484375
; 4266; 46.420146942138672
; 4276; 46.440147399902344
; 4287; 46.460147857666016
; 4297; 46.480148315429688
; 4308; 46.500148773193359
; 4318; 46.520149230957031
; 4328; 46.5401496887207
; 4337; 46.560150146484375
; 4349; 46.580150604248047
; 4358; 46.600151062011719
; 4368; 46.620151519775391
; 4379; 46.640151977539063
; 4391; 46.660152435302734
; 4400; 46.680152893066406
; 4410; 46.700153350830078
; 4420; 46.72015380859375
; 4431; 46.740154266357422
; 4442; 46.760154724121094
; 4454; 46.780155181884766
; 4465; 46.800155639648438
; 4475; 46.820156097412109
; 4487; 46.840156555175781
; 4496; 46.860157012939453
; 4507; 46.880157470703125
; 4517; 46.9001579284668
; 4527; 46.920158386230469
; 4537; 46.940158843994141
; 4548; 46.960159301757813
; 4560; 46.980159759521484
; 4570; 47.000160217285156
; 4581; 47.020160675048828
; 4593; 47.0401611328125
; 4603; 47.060161590576172
; 4614; 47.080162048339844
; 4625; 47.100162506103516
; 4637; 47.120162963867188
; 4648; 47.140163421630859
; 4660; 47.160163879394531
; 4671; 47.1801643371582
; 4681; 47.200164794921875
; 4691; 47.220165252685547
; 4703; 47.240165710449219
; 4713; 47.260166168212891
; 4724; 47.280166625976563
; 4734; 47.300167083740234
; 4745; 47.320167541503906
; 4754; 47.340167999267578
; 4766; 47.36016845703125
; 4778; 47.380168914794922
; 4789; 47.400169372558594
; 4799; 47.420169830322266
; 4811; 47.440170288085938
; 4821; 47.460170745849609
; 4831; 47.480171203613281
; 4841; 47.500171661376953
; 4851; 47.520172119140625
; 4862; 47.5401725769043
; 4872; 47.560173034667969
; 4882; 47.580173492431641
; 4892; 47.600173950195313
; 4902; 47.620174407958984
; 4912; 47.640174865722656
; 4923; 47.660175323486328
; 4933; 47.68017578125
; 4943; 47.700176239013672
; 4953; 47.720176696777344
; 4964; 47.740177154541016
; 4975; 47.760177612304688
; 4985; 47.780178070068359
; 4995; 47.800178527832031
; 5006; 47.8201789855957
; 5016; 47.840179443359375
; 5027; 47.860179901123047
; 5039; 47.880180358886719
; 5050; 47.900180816650391
; 5061; 47.920181274414063
; 5071; 47.940181732177734
; 5082; 47.960182189941406
; 5093; 47.980182647705078
; 5103; 48.00018310546875
; 5112; 48.020183563232422
; 5124; 48.040184020996094
; 5135; 48.060184478759766
; 5146; 48.080184936523438
; 5156; 48.100185394287109
; 5168; 48.120185852050781
; 5179; 48.140186309814453
; 5191; 48.160186767578125
; 5201; 48.1801872253418
; 5213; 48.200187683105469
; 5224; 48.220188140869141
; 5235; 48.240188598632813
; 5247; 48.260189056396484
; 5258; 48.280189514160156
; 5269; 48.300189971923828
; 5280; 48.3201904296875
; 5291; 48.340190887451172
; 5301; 48.360191345214844
; 5311; 48.380191802978516
; 5322; 48.400192260742188
; 5332; 48.420192718505859
; 5344; 48.440193176269531
; 5353; 48.4601936340332
; 5364; 48.480194091796875
; 5373; 48.500194549560547
; 5383; 48.520195007324219
; 5395; 48.540195465087891
; 5405; 48.560195922851563
; 5415; 48.580196380615234
; 5425; 48.600196838378906
; 5435; 48.620197296142578
; 5445; 48.64019775390625
; 5457; 48.660198211669922
; 5467; 48.680198669433594
; 5478; 48.700199127197266
; 5489; 48.720199584960938
; 5500; 48.740200042724609
; 5510; 48.760200500488281
; 5522; 48.780200958251953
; 5532; 48.800201416015625
; 5544; 48.8202018737793
; 5554; 48.840202331542969
; 5565; 48.860202789306641
; 5575; 48.880203247070313
; 5586; 48.900203704833984
; 5597; 48.920204162597656
; 5607; 48.940204620361328
; 5617; 48.960205078125
; 5628; 48.980205535888672
; 5639; 49.000205993652344
; 5650; 49.020206451416016
; 5660; 49.040206909179688
; 5670; 49.060207366943359
; 5680; 49.080207824707031
; 5691; 49.1002082824707
; 5702; 49.120208740234375
; 5713; 49.140209197998047
; 5724; 49.160209655761719
; 5735; 49.180210113525391
; 5746; 49.200210571289063
; 5757; 49.220211029052734
; 5768; 49.240211486816406
; 5779; 49.260211944580078
; 5789; 49.28021240234375
; 5799; 49.300212860107422
; 5810; 49.320213317871094
; 5821; 49.340213775634766
; 5833; 49.360214233398438
; 5845; 49.380214691162109
; 5856; 49.400215148925781
; 5866; 49.420215606689453
; 5877; 49.440216064453125
; 5887; 49.4602165222168
; 5899; 49.480216979980469
; 5909; 49.500217437744141
; 5918; 49.520217895507813
; 5929; 49.540218353271484
; 5939; 49.560218811035156
; 5949; 49.580219268798828
; 5959; 49.6002197265625
; 5969; 49.620220184326172
; 5979; 49.640220642089844
; 5989; 49.660221099853516
; 6000; 49.680221557617188
; 6011; 49.700222015380859
; 6022; 49.720222473144531
; 6032; 49.7402229309082
; 6042; 49.760223388671875
; 6053; 49.780223846435547
; 6062; 49.800224304199219
; 6072; 49.820224761962891
; 6082; 49.840225219726563
; 6094; 49.860225677490234
; 6103; 49.880226135253906
; 6113; 49.900226593017578
; 6125; 49.92022705078125
; 6135; 49.940227508544922
; 6144; 49.960227966308594
; 6154; 49.980228424072266
; 6164; 50.000228881835938
; 6174; 50.020229339599609
; 6186; 50.040229797363281
; 6196; 50.060230255126953
; 6207; 50.080230712890625
; 6219; 50.1002311706543
; 6230; 50.120231628417969
; 6240; 50.140232086181641
; 6251; 50.160232543945313
; 6263; 50.180233001708984
; 6275; 50.200233459472656
; 6285; 50.220233917236328
; 6296; 50.240234375
; 6308; 50.260234832763672
; 6318; 50.280235290527344
; 6328; 50.300235748291016
; 6337; 50.320236206054688
; 6348; 50.340236663818359
; 6359; 50.360237121582031
; 6371; 50.3802375793457
; 6383; 50.400238037109375
; 6393; 50.420238494873047
; 6404; 50.440238952636719
; 6414; 50.460239410400391
; 6426; 50.480239868164063
; 6436; 50.500240325927734
; 6446; 50.520240783691406
; 6456; 50.540241241455078
; 6467; 50.56024169921875
; 6479; 50.580242156982422
; 6490; 50.600242614746094
; 6501; 50.620243072509766
; 6512; 50.640243530273438
; 6523; 50.660243988037109
; 6534; 50.680244445800781
; 6544; 50.700244903564453
; 6554; 50.720245361328125
; 6564; 50.7402458190918
; 6575; 50.760246276855469
; 6584; 50.780246734619141
; 6596; 50.800247192382813
; 6608; 50.820247650146484
; 6618; 50.840248107910156
; 6629; 50.860248565673828
; 6640; 50.8802490234375
; 6650; 50.900249481201172
; 6661; 50.920249938964844
; 6671; 50.940250396728516
; 6682; 50.960250854492188
; 6692; 50.980251312255859
; 6701; 51.000251770019531
; 6711; 51.0202522277832
; 6721; 51.040252685546875
; 6731; 51.060253143310547
; 6743; 51.080253601074219
; 6753; 51.100254058837891
; 6762; 51.120254516601563
; 6774; 51.140254974365234
; 6784; 51.160255432128906
; 6796; 51.180255889892578
; 6806; 51.20025634765625
; 6817; 51.220256805419922
; 6827; 51.240257263183594
; 6839; 51.260257720947266
; 6850; 51.280258178710938
; 6860; 51.300258636474609
; 6872; 51.320259094238281
; 6882; 51.340259552001953
; 6892; 51.360260009765625
; 6904; 51.3802604675293
; 6914; 51.400260925292969
; 6924; 51.420261383056641
; 6934; 51.440261840820313
; 6944; 51.460262298583984
; 6955; 51.480262756347656
; 6966; 51.500263214111328
; 6976; 51.520263671875
; 6986; 51.540264129638672
; 6996; 51.560264587402344
; 7006; 51.580265045166016
; 7017; 51.600265502929688
; 7029; 51.620265960693359
; 7038; 51.640266418457031
; 7049; 51.6602668762207
; 7058; 51.680267333984375
; 7068; 51.700267791748047
; 7078; 51.720268249511719
; 7088; 51.740268707275391
; 7099; 51.760269165039063
; 7111; 51.780269622802734
; 7122; 51.800270080566406
; 7132; 51.820270538330078
; 7142; 51.84027099609375
; 7154; 51.860271453857422
; 7165; 51.880271911621094
; 7175; 51.900272369384766
; 7185; 51.920272827148438
; 7196; 51.940273284912109
; 7206; 51.960273742675781
; 7216; 51.980274200439453
; 7227; 52.000274658203125
; 7237; 52.0202751159668
; 7247; 52.040275573730469
; 7259; 52.060276031494141
; 7271; 52.080276489257813
; 7282; 52.100276947021484
; 7292; 52.120277404785156
; 7302; 52.140277862548828
; 7312; 52.1602783203125
; 7321; 52.180278778076172
; 7333; 52.200279235839844
; 7343; 52.220279693603516
; 7354; 52.240280151367188
; 7365; 52.260280609130859
; 7377; 52.280281066894531
; 7386; 52.3002815246582
; 7398; 52.320281982421875
; 7408; 52.340282440185547
; 7418; 52.360282897949219
; 7429; 52.380283355712891
; 7438; 52.400283813476563
; 7449; 52.420284271240234
; 7460; 52.440284729003906
; 7470; 52.460285186767578
; 7480; 52.48028564453125
; 7490; 52.500286102294922
; 7501; 52.520286560058594
; 7511; 52.540287017822266
; 7520; 52.560287475585938
; 7530; 52.580287933349609
; 7542; 52.600288391113281
; 7553; 52.620288848876953
; 7564; 52.640289306640625
; 7575; 52.6602897644043
; 7586; 52.680290222167969
; 7595; 52.700290679931641
; 7606; 52.720291137695313
; 7616; 52.740291595458984
; 7627; 52.760292053222656
; 7637; 52.780292510986328
; 7648; 52.80029296875
; 7660; 52.820293426513672
; 7669; 52.840293884277344
; 7681; 52.860294342041016
; 7693; 52.880294799804688
; 7704; 52.900295257568359
; 7715; 52.920295715332031
; 7726; 52.9402961730957
; 7736; 52.960296630859375
; 7748; 52.980297088623047
; 7757; 53.000297546386719
; 7767; 53.020298004150391
; 7779; 53.040298461914063
; 7790; 53.060298919677734
; 7800; 53.080299377441406
; 7811; 53.100299835205078
; 7823; 53.12030029296875
; 7834; 53.140300750732422
; 7844; 53.160301208496094
; 7854; 53.180301666259766
; 7864; 53.200302124023438
; 7874; 53.220302581787109
; 7884; 53.240303039550781
; 7895; 53.260303497314453
; 7904; 53.280303955078125
; 7915; 53.3003044128418
; 7927; 53.320304870605469
; 7938; 53.340305328369141
; 7948; 53.360305786132813
; 7958; 53.380306243896484
; 7969; 53.400306701660156
; 7981; 53.420307159423828
; 7991; 53.4403076171875
; 8001; 53.460308074951172
; 8011; 53.480308532714844
; 8021; 53.500308990478516
; 8031; 53.520309448242188
; 8040; 53.540309906005859
; 8050; 53.560310363769531
; 8060; 53.5803108215332
; 8070; 53.600311279296875
; 8082; 53.620311737060547
; 8092; 53.640312194824219
; 8102; 53.660312652587891
; 8113; 53.680313110351563
; 8124; 53.700313568115234
; 8134; 53.720314025878906
; 8145; 53.740314483642578
; 8156; 53.76031494140625
; 8167; 53.780315399169922
; 8177; 53.800315856933594
; 8187; 53.820316314697266
; 8199; 53.840316772460938
; 8209; 53.860317230224609
; 8220; 53.880317687988281
; 8231; 53.900318145751953
; 8243; 53.920318603515625
; 8253; 53.9403190612793
; 8264; 53.960319519042969
; 8274; 53.980319976806641
; 8284; 54.000320434570313
; 8294; 54.020320892333984
; 8305; 54.040321350097656
; 8315; 54.060321807861328
; 8327; 54.080322265625
; 8337; 54.100322723388672
; 8347; 54.120323181152344
; 8358; 54.140323638916016
; 8370; 54.160324096679688
; 8381; 54.180324554443359
; 8392; 54.200325012207031
; 8404; 54.2203254699707
; 8414; 54.240325927734375
; 8425; 54.260326385498047
; 8437; 54.280326843261719
; 8448; 54.300327301025391
; 8457; 54.320327758789063
; 8467; 54.340328216552734
; 8477; 54.360328674316406
; 8488; 54.380329132080078
; 8498; 54.40032958984375
; 8509; 54.420330047607422
; 8521; 54.440330505371094
; 8531; 54.460330963134766
; 8542; 54.480331420898438
; 8552; 54.500331878662109
; 8561; 54.520332336425781
; 8572; 54.540332794189453
; 8582; 54.560333251953125
; 8592; 54.5803337097168
; 8602; 54.600334167480469
; 8611; 54.620334625244141
; 8621; 54.640335083007813
; 8632; 54.660335540771484
; 8644; 54.680335998535156
; 8655; 54.700336456298828
; 8666; 54.7203369140625
; 8676; 54.740337371826172
; 8688; 54.760337829589844
; 8698; 54.780338287353516
; 8708; 54.800338745117188
; 8718; 54.820339202880859
; 8728; 54.840339660644531
; 8738; 54.8603401184082
; 8748; 54.880340576171875
; 8758; 54.900341033935547
; 8769; 54.920341491699219
; 8781; 54.940341949462891
; 8791; 54.960342407226563
; 8800; 54.980342864990234
; 8810; 55.000343322753906
; 8820; 55.020343780517578
; 8830; 55.04034423828125
; 8839; 55.060344696044922
; 8849; 55.080345153808594
; 8859; 55.100345611572266
; 8871; 55.120346069335938
; 8882; 55.140346527099609
; 8892; 55.160346984863281
; 8902; 55.180347442626953
; 8914; 55.200347900390625
; 8923; 55.2203483581543
; 8933; 55.240348815917969
; 8943; 55.260349273681641
; 8953; 55.280349731445313
; 8964; 55.300350189208984
; 8975; 55.320350646972656
; 8987; 55.340351104736328
; 8996; 55.3603515625
; 9007; 55.380352020263672
; 9018; 55.400352478027344
; 9029; 55.420352935791016
; 9040; 55.440353393554688
; 9051; 55.460353851318359
; 9061; 55.480354309082031
; 9072; 55.5003547668457
; 9082; 55.520355224609375
; 9092; 55.540355682373047
; 9102; 55.560356140136719
; 9113; 55.580356597900391
; 9125; 55.600357055664063
; 9135; 55.620357513427734
; 9145; 55.640357971191406
; 9157; 55.660358428955078
; 9167; 55.68035888671875
; 9177; 55.700359344482422
; 9186; 55.720359802246094
; 9198; 55.740360260009766
; 9208; 55.760360717773438
; 9219; 55.780361175537109
; 9230; 55.800361633300781
; 9241; 55.820362091064453
; 9252; 55.840362548828125
; 9262; 55.8603630065918
; 9272; 55.880363464355469
; 9282; 55.900363922119141
; 9293; 55.920364379882813
; 9303; 55.940364837646484
; 9314; 55.960365295410156
; 9324; 55.980365753173828
; 9335; 56.0003662109375
; 9348; 56.020366668701172
; 9357; 56.040367126464844
; 9367; 56.060367584228516
; 9377; 56.080368041992188
; 9388; 56.100368499755859
; 9397; 56.120368957519531
; 9407; 56.1403694152832
; 9419; 56.160369873046875
; 9429; 56.180370330810547
; 9438; 56.200370788574219
; 9450; 56.220371246337891
; 9462; 56.240371704101563
; 9474; 56.260372161865234
; 9484; 56.280372619628906
; 9494; 56.300373077392578
; 9503; 56.32037353515625
; 9513; 56.340373992919922
; 9525; 56.360374450683594
; 9536; 56.380374908447266
; 9546; 56.400375366210938
; 9556; 56.420375823974609
; 9566; 56.440376281738281
; 9578; 56.460376739501953
; 9589; 56.480377197265625
; 9599; 56.5003776550293
; 9609; 56.520378112792969
; 9621; 56.540378570556641
; 9631; 56.560379028320313
; 9641; 56.580379486083984
; 9652; 56.600379943847656
; 9662; 56.620380401611328
; 9674; 56.640380859375
; 9684; 56.660381317138672
; 9693; 56.680381774902344
; 9705; 56.700382232666016
; 9715; 56.720382690429688
; 9725; 56.740383148193359
; 9734; 56.760383605957031
; 9746; 56.7803840637207
; 9757; 56.800384521484375
; 9767; 56.820384979248047
; 9779; 56.840385437011719
; 9790; 56.860385894775391
; 9802; 56.880386352539063
; 9814; 56.900386810302734
; 9825; 56.920387268066406
; 9835; 56.940387725830078
; 9845; 56.96038818359375
; 9856; 56.980388641357422
; 9868; 57.000389099121094
; 9878; 57.020389556884766
; 9888; 57.040390014648438
; 9899; 57.060390472412109
; 9911; 57.080390930175781
; 9923; 57.100391387939453
; 9933; 57.120391845703125
; 9943; 57.1403923034668
; 9954; 57.160392761230469
; 9964; 57.180393218994141
; 9976; 57.200393676757813
; 9986; 57.220394134521484
; 9995; 57.240394592285156
; 10007; 57.260395050048828
; 10017; 57.2803955078125
; 10028; 57.300395965576172
; 10039; 57.320396423339844
; 10050; 57.340396881103516
; 10060; 57.360397338867188
; 10072; 57.380397796630859
; 10082; 57.400398254394531
; 10092; 57.4203987121582
; 10101; 57.440399169921875
; 10113; 57.460399627685547
; 10125; 57.480400085449219
; 10134; 57.500400543212891
; 10146; 57.520401000976563
; 10158; 57.540401458740234
; 10167; 57.560401916503906
; 10179; 57.580402374267578
; 10189; 57.60040283203125
; 10199; 57.620403289794922
; 10208; 57.640403747558594
; 10219; 57.660404205322266
; 10229; 57.680404663085938
; 10241; 57.700405120849609
; 10251; 57.720405578613281
; 10261; 57.740406036376953
; 10270; 57.760406494140625
; 10281; 57.7804069519043
; 10293; 57.800407409667969
; 10304; 57.820407867431641
; 10316; 57.840408325195313
; 10326; 57.860408782958984
; 10336; 57.880409240722656
; 10345; 57.900409698486328
; 10356; 57.92041015625
; 10366; 57.940410614013672
; 10378; 57.960411071777344
; 10390; 57.980411529541016
; 10399; 58.000411987304688
; 10411; 58.020412445068359
; 10422; 58.040412902832031
; 10432; 58.0604133605957
; 10441; 58.080413818359375
; 10453; 58.100414276123047
; 10463; 58.120414733886719
; 10473; 58.140415191650391
; 10483; 58.160415649414063
; 10494; 58.180416107177734
; 10504; 58.200416564941406
; 10516; 58.220417022705078
; 10527; 58.24041748046875
; 10537; 58.260417938232422
; 10549; 58.280418395996094
; 10561; 58.300418853759766
; 10570; 58.320419311523438
; 10580; 58.340419769287109
; 10592; 58.360420227050781
; 10603; 58.380420684814453
; 10614; 58.400421142578125
; 10625; 58.4204216003418
; 10637; 58.440422058105469
; 10647; 58.460422515869141
; 10657; 58.480422973632813
; 10666; 58.500423431396484
; 10677; 58.520423889160156
; 10688; 58.540424346923828
; 10698; 58.5604248046875
; 10710; 58.580425262451172
; 10720; 58.600425720214844
; 10731; 58.620426177978516
; 10741; 58.640426635742188
; 10753; 58.660427093505859
; 10765; 58.680427551269531
; 10776; 58.7004280090332
; 10788; 58.720428466796875
; 10798; 58.740428924560547
; 10810; 58.760429382324219
; 10821; 58.780429840087891
; 10831; 58.800430297851563
; 10842; 58.820430755615234
; 10852; 58.840431213378906
; 10864; 58.860431671142578
; 10873; 58.88043212890625
; 10883; 58.900432586669922
; 10893; 58.920433044433594
; 10905; 58.940433502197266
; 10914; 58.960433959960938
; 10926; 58.980434417724609
; 10938; 59.000434875488281
; 10950; 59.020435333251953
; 10961; 59.040435791015625
; 10972; 59.0604362487793
; 10982; 59.080436706542969
5.Variable; PLC_PRG.high_level
5.Address.AddrFlags; 0x00000000
5.Class; 0
5.Size; 1
5.GraphColor; 4294928820
5.GraphType; 1
5.MinWarningColor; 4278190080
5.MaxWarningColor; 4294901760
5.CriticalLowerLimit; 0
5.CriticalUpperLimit; 0
5.ActivateMinWarning; 0
5.ActivateMaxWarning; 0
5.YAxis; 0
5.Data; 
; 2; 0
; 12; 0
; 22; 0
; 33; 0
; 42; 0
; 52; 0
; 62; 0
; 74; 0
; 83; 0
; 95; 0
; 106; 0
; 115; 0
; 127; 0
; 137; 0
; 147; 0
; 157; 0
; 169; 0
; 179; 0
; 191; 0
; 202; 0
; 212; 0
; 224; 0
; 233; 0
; 243; 0
; 255; 0
; 265; 0
; 274; 0
; 286; 0
; 296; 0
; 306; 0
; 318; 0
; 328; 0
; 340; 0
; 349; 0
; 360; 0
; 370; 0
; 380; 0
; 390; 0
; 400; 0
; 411; 0
; 421; 0
; 431; 0
; 441; 0
; 451; 0
; 461; 0
; 473; 0
; 485; 0
; 494; 0
; 506; 0
; 517; 0
; 527; 0
; 538; 0
; 548; 0
; 559; 0
; 570; 0
; 580; 0
; 592; 0
; 602; 0
; 612; 0
; 623; 0
; 634; 0
; 644; 0
; 655; 0
; 665; 0
; 675; 0
; 685; 0
; 695; 0
; 707; 0
; 716; 0
; 726; 0
; 736; 0
; 746; 0
; 756; 0
; 766; 0
; 778; 0
; 787; 0
; 797; 0
; 807; 0
; 817; 0
; 827; 0
; 838; 0
; 848; 0
; 858; 0
; 870; 0
; 879; 0
; 890; 0
; 901; 0
; 911; 0
; 921; 0
; 932; 0
; 943; 0
; 953; 0
; 964; 0
; 975; 0
; 987; 0
; 996; 0
; 1007; 0
; 1019; 0
; 1029; 0
; 1039; 0
; 1049; 0
; 1059; 0
; 1069; 0
; 1079; 0
; 1090; 0
; 1102; 0
; 1113; 0
; 1123; 0
; 1133; 0
; 1145; 0
; 1156; 0
; 1167; 0
; 1177; 0
; 1189; 0
; 1199; 0
; 1210; 0
; 1221; 0
; 1231; 0
; 1241; 0
; 1252; 0
; 1262; 0
; 1273; 0
; 1284; 0
; 1296; 0
; 1307; 0
; 1317; 0
; 1328; 0
; 1339; 0
; 1349; 0
; 1359; 0
; 1368; 0
; 1378; 0
; 1389; 0
; 1401; 0
; 1410; 0
; 1420; 0
; 1430; 0
; 1442; 0
; 1453; 0
; 1463; 0
; 1473; 0
; 1483; 0
; 1493; 0
; 1503; 0
; 1514; 0
; 1525; 0
; 1535; 0
; 1546; 0
; 1557; 0
; 1566; 0
; 1576; 0
; 1588; 0
; 1598; 0
; 1607; 0
; 1619; 0
; 1629; 0
; 1639; 0
; 1649; 0
; 1659; 0
; 1669; 0
; 1681; 0
; 1691; 0
; 1703; 0
; 1712; 0
; 1724; 0
; 1735; 0
; 1746; 0
; 1758; 0
; 1767; 0
; 1777; 0
; 1787; 0
; 1799; 0
; 1810; 0
; 1821; 0
; 1832; 0
; 1842; 0
; 1854; 0
; 1864; 0
; 1876; 0
; 1887; 0
; 1899; 0
; 1909; 0
; 1919; 0
; 1930; 0
; 1941; 0
; 1951; 0
; 1960; 0
; 1970; 0
; 1980; 0
; 1990; 0
; 2002; 0
; 2012; 0
; 2021; 0
; 2031; 0
; 2042; 0
; 2053; 0
; 2065; 0
; 2074; 0
; 2084; 0
; 2094; 0
; 2106; 0
; 2117; 0
; 2127; 0
; 2137; 0
; 2147; 0
; 2156; 0
; 2166; 0
; 2178; 0
; 2189; 0
; 2201; 0
; 2211; 0
; 2220; 0
; 2231; 0
; 2241; 0
; 2251; 0
; 2262; 0
; 2272; 0
; 2283; 0
; 2293; 0
; 2303; 0
; 2313; 0
; 2323; 0
; 2334; 0
; 2344; 0
; 2354; 0
; 2366; 0
; 2376; 0
; 2387; 0
; 2398; 0
; 2409; 0
; 2418; 0
; 2428; 0
; 2439; 0
; 2448; 0
; 2459; 0
; 2468; 0
; 2478; 0
; 2488; 0
; 2500; 0
; 2509; 0
; 2519; 0
; 2529; 0
; 2541; 0
; 2550; 0
; 2560; 0
; 2572; 0
; 2582; 0
; 2593; 0
; 2605; 0
; 2616; 0
; 2626; 0
; 2636; 0
; 2647; 0
; 2658; 0
; 2668; 0
; 2680; 0
; 2690; 0
; 2700; 0
; 2710; 0
; 2722; 0
; 2732; 0
; 2743; 0
; 2755; 0
; 2764; 0
; 2774; 0
; 2784; 0
; 2794; 0
; 2804; 0
; 2815; 0
; 2824; 0
; 2836; 0
; 2846; 0
; 2857; 0
; 2867; 0
; 2877; 0
; 2888; 0
; 2898; 0
; 2907; 0
; 2919; 0
; 2928; 0
; 2938; 0
; 2948; 0
; 2959; 0
; 2969; 0
; 2980; 0
; 2991; 0
; 3001; 0
; 3012; 0
; 3024; 0
; 3035; 0
; 3046; 0
; 3056; 0
; 3068; 0
; 3078; 0
; 3088; 0
; 3097; 0
; 3108; 0
; 3118; 0
; 3130; 0
; 3140; 0
; 3149; 0
; 3161; 0
; 3171; 0
; 3181; 0
; 3190; 0
; 3200; 0
; 3212; 0
; 3224; 0
; 3235; 0
; 3245; 0
; 3255; 0
; 3266; 0
; 3276; 0
; 3287; 0
; 3298; 0
; 3309; 0
; 3319; 0
; 3329; 0
; 3339; 0
; 3349; 0
; 3359; 0
; 3370; 0
; 3380; 0
; 3390; 0
; 3400; 0
; 3411; 0
; 3422; 0
; 3433; 0
; 3444; 0
; 3453; 0
; 3463; 0
; 3473; 0
; 3484; 0
; 3494; 0
; 3505; 0
; 3516; 0
; 3526; 0
; 3536; 0
; 3546; 0
; 3558; 0
; 3569; 0
; 3579; 0
; 3589; 0
; 3599; 0
; 3610; 0
; 3622; 0
; 3632; 0
; 3642; 0
; 3651; 0
; 3663; 0
; 3673; 0
; 3683; 0
; 3694; 0
; 3703; 0
; 3715; 0
; 3726; 0
; 3736; 0
; 3746; 0
; 3757; 0
; 3768; 0
; 3778; 0
; 3789; 0
; 3799; 0
; 3808; 0
; 3820; 0
; 3830; 0
; 3840; 0
; 3852; 0
; 3862; 0
; 3872; 0
; 3882; 0
; 3894; 0
; 3904; 0
; 3914; 0
; 3925; 0
; 3935; 0
; 3946; 0
; 3956; 0
; 3966; 0
; 3978; 0
; 3987; 0
; 3998; 0
; 4009; 0
; 4020; 0
; 4032; 0
; 4041; 0
; 4051; 0
; 4061; 0
; 4073; 0
; 4082; 0
; 4092; 0
; 4102; 0
; 4112; 0
; 4122; 0
; 4132; 0
; 4142; 0
; 4152; 0
; 4162; 0
; 4172; 0
; 4182; 0
; 4194; 0
; 4203; 0
; 4215; 0
; 4225; 0
; 4235; 0
; 4246; 0
; 4256; 0
; 4266; 0
; 4276; 0
; 4287; 0
; 4297; 0
; 4308; 0
; 4318; 0
; 4328; 0
; 4337; 0
; 4349; 0
; 4358; 0
; 4368; 0
; 4379; 0
; 4391; 0
; 4400; 0
; 4410; 0
; 4420; 0
; 4431; 0
; 4442; 0
; 4454; 0
; 4465; 0
; 4475; 0
; 4487; 0
; 4496; 0
; 4507; 0
; 4517; 0
; 4527; 0
; 4537; 0
; 4548; 0
; 4560; 0
; 4570; 0
; 4581; 0
; 4593; 0
; 4603; 0
; 4614; 0
; 4625; 0
; 4637; 0
; 4648; 0
; 4660; 0
; 4671; 0
; 4681; 0
; 4691; 0
; 4703; 0
; 4713; 0
; 4724; 0
; 4734; 0
; 4745; 0
; 4754; 0
; 4766; 0
; 4778; 0
; 4789; 0
; 4799; 0
; 4811; 0
; 4821; 0
; 4831; 0
; 4841; 0
; 4851; 0
; 4862; 0
; 4872; 0
; 4882; 0
; 4892; 0
; 4902; 0
; 4912; 0
; 4923; 0
; 4933; 0
; 4943; 0
; 4953; 0
; 4964; 0
; 4975; 0
; 4985; 0
; 4995; 0
; 5006; 0
; 5016; 0
; 5027; 0
; 5039; 0
; 5050; 0
; 5061; 0
; 5071; 0
; 5082; 0
; 5093; 0
; 5103; 0
; 5112; 0
; 5124; 0
; 5135; 0
; 5146; 0
; 5156; 0
; 5168; 0
; 5179; 0
; 5191; 0
; 5201; 0
; 5213; 0
; 5224; 0
; 5235; 0
; 5247; 0
; 5258; 0
; 5269; 0
; 5280; 0
; 5291; 0
; 5301; 0
; 5311; 0
; 5322; 0
; 5332; 0
; 5344; 0
; 5353; 0
; 5364; 0
; 5373; 0
; 5383; 0
; 5395; 0
; 5405; 0
; 5415; 0
; 5425; 0
; 5435; 0
; 5445; 0
; 5457; 0
; 5467; 0
; 5478; 0
; 5489; 0
; 5500; 0
; 5510; 0
; 5522; 0
; 5532; 0
; 5544; 0
; 5554; 0
; 5565; 0
; 5575; 0
; 5586; 0
; 5597; 0
; 5607; 0
; 5617; 0
; 5628; 0
; 5639; 0
; 5650; 0
; 5660; 0
; 5670; 0
; 5680; 0
; 5691; 0
; 5702; 0
; 5713; 0
; 5724; 0
; 5735; 0
; 5746; 0
; 5757; 0
; 5768; 0
; 5779; 0
; 5789; 0
; 5799; 0
; 5810; 0
; 5821; 0
; 5833; 0
; 5845; 0
; 5856; 0
; 5866; 0
; 5877; 0
; 5887; 0
; 5899; 0
; 5909; 0
; 5918; 0
; 5929; 0
; 5939; 0
; 5949; 0
; 5959; 0
; 5969; 0
; 5979; 0
; 5989; 0
; 6000; 0
; 6011; 0
; 6022; 0
; 6032; 0
; 6042; 0
; 6053; 0
; 6062; 0
; 6072; 0
; 6082; 0
; 6094; 0
; 6103; 0
; 6113; 0
; 6125; 0
; 6135; 0
; 6144; 0
; 6154; 0
; 6164; 0
; 6174; 0
; 6186; 0
; 6196; 0
; 6207; 0
; 6219; 0
; 6230; 0
; 6240; 0
; 6251; 0
; 6263; 0
; 6275; 0
; 6285; 0
; 6296; 0
; 6308; 0
; 6318; 0
; 6328; 0
; 6337; 0
; 6348; 0
; 6359; 0
; 6371; 0
; 6383; 0
; 6393; 0
; 6404; 0
; 6414; 0
; 6426; 0
; 6436; 0
; 6446; 0
; 6456; 0
; 6467; 0
; 6479; 0
; 6490; 0
; 6501; 0
; 6512; 0
; 6523; 0
; 6534; 0
; 6544; 0
; 6554; 0
; 6564; 0
; 6575; 0
; 6584; 0
; 6596; 0
; 6608; 0
; 6618; 0
; 6629; 0
; 6640; 0
; 6650; 0
; 6661; 0
; 6671; 0
; 6682; 0
; 6692; 0
; 6701; 0
; 6711; 0
; 6721; 0
; 6731; 0
; 6743; 0
; 6753; 0
; 6762; 0
; 6774; 0
; 6784; 0
; 6796; 0
; 6806; 0
; 6817; 0
; 6827; 0
; 6839; 0
; 6850; 0
; 6860; 0
; 6872; 0
; 6882; 0
; 6892; 0
; 6904; 0
; 6914; 0
; 6924; 0
; 6934; 0
; 6944; 0
; 6955; 0
; 6966; 0
; 6976; 0
; 6986; 0
; 6996; 0
; 7006; 0
; 7017; 0
; 7029; 0
; 7038; 0
; 7049; 0
; 7058; 0
; 7068; 0
; 7078; 0
; 7088; 0
; 7099; 0
; 7111; 0
; 7122; 0
; 7132; 0
; 7142; 0
; 7154; 0
; 7165; 0
; 7175; 0
; 7185; 0
; 7196; 0
; 7206; 0
; 7216; 0
; 7227; 0
; 7237; 0
; 7247; 0
; 7259; 0
; 7271; 0
; 7282; 0
; 7292; 0
; 7302; 0
; 7312; 0
; 7321; 0
; 7333; 0
; 7343; 0
; 7354; 0
; 7365; 0
; 7377; 0
; 7386; 0
; 7398; 0
; 7408; 0
; 7418; 0
; 7429; 0
; 7438; 0
; 7449; 0
; 7460; 0
; 7470; 0
; 7480; 0
; 7490; 0
; 7501; 0
; 7511; 0
; 7520; 0
; 7530; 0
; 7542; 0
; 7553; 0
; 7564; 0
; 7575; 0
; 7586; 0
; 7595; 0
; 7606; 0
; 7616; 0
; 7627; 0
; 7637; 0
; 7648; 0
; 7660; 0
; 7669; 0
; 7681; 0
; 7693; 0
; 7704; 0
; 7715; 0
; 7726; 0
; 7736; 0
; 7748; 0
; 7757; 0
; 7767; 0
; 7779; 0
; 7790; 0
; 7800; 0
; 7811; 0
; 7823; 0
; 7834; 0
; 7844; 0
; 7854; 0
; 7864; 0
; 7874; 0
; 7884; 0
; 7895; 0
; 7904; 0
; 7915; 0
; 7927; 0
; 7938; 0
; 7948; 0
; 7958; 0
; 7969; 0
; 7981; 0
; 7991; 0
; 8001; 0
; 8011; 0
; 8021; 0
; 8031; 0
; 8040; 0
; 8050; 0
; 8060; 0
; 8070; 0
; 8082; 0
; 8092; 0
; 8102; 0
; 8113; 0
; 8124; 0
; 8134; 0
; 8145; 0
; 8156; 0
; 8167; 0
; 8177; 0
; 8187; 0
; 8199; 0
; 8209; 0
; 8220; 0
; 8231; 0
; 8243; 0
; 8253; 0
; 8264; 0
; 8274; 0
; 8284; 0
; 8294; 0
; 8305; 0
; 8315; 0
; 8327; 0
; 8337; 0
; 8347; 0
; 8358; 0
; 8370; 0
; 8381; 0
; 8392; 0
; 8404; 0
; 8414; 0
; 8425; 0
; 8437; 0
; 8448; 0
; 8457; 0
; 8467; 0
; 8477; 0
; 8488; 0
; 8498; 0
; 8509; 0
; 8521; 0
; 8531; 0
; 8542; 0
; 8552; 0
; 8561; 0
; 8572; 0
; 8582; 0
; 8592; 0
; 8602; 0
; 8611; 0
; 8621; 0
; 8632; 0
; 8644; 0
; 8655; 0
; 8666; 0
; 8676; 0
; 8688; 0
; 8698; 0
; 8708; 0
; 8718; 0
; 8728; 0
; 8738; 0
; 8748; 0
; 8758; 0
; 8769; 0
; 8781; 0
; 8791; 0
; 8800; 0
; 8810; 0
; 8820; 0
; 8830; 0
; 8839; 0
; 8849; 0
; 8859; 0
; 8871; 0
; 8882; 0
; 8892; 0
; 8902; 0
; 8914; 0
; 8923; 0
; 8933; 0
; 8943; 0
; 8953; 0
; 8964; 0
; 8975; 0
; 8987; 0
; 8996; 0
; 9007; 0
; 9018; 0
; 9029; 0
; 9040; 0
; 9051; 0
; 9061; 0
; 9072; 0
; 9082; 0
; 9092; 0
; 9102; 0
; 9113; 0
; 9125; 0
; 9135; 0
; 9145; 0
; 9157; 0
; 9167; 0
; 9177; 0
; 9186; 0
; 9198; 0
; 9208; 0
; 9219; 0
; 9230; 0
; 9241; 0
; 9252; 0
; 9262; 0
; 9272; 0
; 9282; 0
; 9293; 0
; 9303; 0
; 9314; 0
; 9324; 0
; 9335; 0
; 9348; 0
; 9357; 0
; 9367; 0
; 9377; 0
; 9388; 0
; 9397; 0
; 9407; 0
; 9419; 0
; 9429; 0
; 9438; 0
; 9450; 0
; 9462; 0
; 9474; 0
; 9484; 0
; 9494; 0
; 9503; 0
; 9513; 0
; 9525; 0
; 9536; 0
; 9546; 0
; 9556; 0
; 9566; 0
; 9578; 0
; 9589; 0
; 9599; 0
; 9609; 0
; 9621; 0
; 9631; 0
; 9641; 0
; 9652; 0
; 9662; 0
; 9674; 0
; 9684; 0
; 9693; 0
; 9705; 0
; 9715; 0
; 9725; 0
; 9734; 0
; 9746; 0
; 9757; 0
; 9767; 0
; 9779; 0
; 9790; 0
; 9802; 0
; 9814; 0
; 9825; 0
; 9835; 0
; 9845; 0
; 9856; 0
; 9868; 0
; 9878; 0
; 9888; 0
; 9899; 0
; 9911; 0
; 9923; 0
; 9933; 0
; 9943; 0
; 9954; 0
; 9964; 0
; 9976; 0
; 9986; 0
; 9995; 0
; 10007; 0
; 10017; 0
; 10028; 0
; 10039; 0
; 10050; 0
; 10060; 0
; 10072; 0
; 10082; 0
; 10092; 0
; 10101; 0
; 10113; 0
; 10125; 0
; 10134; 0
; 10146; 0
; 10158; 0
; 10167; 0
; 10179; 0
; 10189; 0
; 10199; 0
; 10208; 0
; 10219; 0
; 10229; 0
; 10241; 0
; 10251; 0
; 10261; 0
; 10270; 0
; 10281; 0
; 10293; 0
; 10304; 0
; 10316; 0
; 10326; 0
; 10336; 0
; 10345; 0
; 10356; 0
; 10366; 0
; 10378; 0
; 10390; 0
; 10399; 0
; 10411; 0
; 10422; 0
; 10432; 0
; 10441; 0
; 10453; 0
; 10463; 0
; 10473; 0
; 10483; 0
; 10494; 0
; 10504; 0
; 10516; 0
; 10527; 0
; 10537; 0
; 10549; 0
; 10561; 0
; 10570; 0
; 10580; 0
; 10592; 0
; 10603; 0
; 10614; 0
; 10625; 0
; 10637; 0
; 10647; 0
; 10657; 0
; 10666; 0
; 10677; 0
; 10688; 0
; 10698; 0
; 10710; 0
; 10720; 0
; 10731; 0
; 10741; 0
; 10753; 0
; 10765; 0
; 10776; 0
; 10788; 0
; 10798; 0
; 10810; 0
; 10821; 0
; 10831; 0
; 10842; 0
; 10852; 0
; 10864; 0
; 10873; 0
; 10883; 0
; 10893; 0
; 10905; 0
; 10914; 0
; 10926; 0
; 10938; 0
; 10950; 0
; 10961; 0
; 10972; 0
; 10982; 0
6.Variable; PLC_PRG.level
6.Address.AddrFlags; 0x00000000
6.Class; 14
6.Size; 4
6.GraphColor; 4289014314
6.GraphType; 1
6.MinWarningColor; 4278190080
6.MaxWarningColor; 4294901760
6.CriticalLowerLimit; 0
6.CriticalUpperLimit; 0
6.ActivateMinWarning; 0
6.ActivateMaxWarning; 0
6.YAxis; 0
6.Data; 
; 2; 50
; 12; 50
; 22; 50
; 33; 50
; 42; 50
; 52; 50
; 62; 50
; 74; 50
; 83; 50
; 95; 50
; 106; 50
; 115; 50
; 127; 50
; 137; 50
; 147; 50
; 157; 50
; 169; 50
; 179; 50
; 191; 50
; 202; 50
; 212; 50
; 224; 50
; 233; 50
; 243; 50
; 255; 50
; 265; 50
; 274; 50
; 286; 50
; 296; 50
; 306; 50
; 318; 50
; 328; 50
; 340; 50
; 349; 50
; 360; 50
; 370; 50
; 380; 50
; 390; 50
; 400; 50
; 411; 50
; 421; 50
; 431; 50
; 441; 50
; 451; 50
; 461; 50
; 473; 50
; 485; 50
; 494; 50
; 506; 50
; 517; 50
; 527; 50
; 538; 50
; 548; 50
; 559; 50
; 570; 50
; 580; 50
; 592; 50
; 602; 50
; 612; 50
; 623; 50
; 634; 50
; 644; 50
; 655; 50
; 665; 50
; 675; 50
; 685; 50
; 695; 50
; 707; 50
; 716; 50
; 726; 50
; 736; 50
; 746; 50
; 756; 50
; 766; 50
; 778; 50
; 787; 50
; 797; 50
; 807; 50
; 817; 50
; 827; 50
; 838; 50
; 848; 50
; 858; 50
; 870; 50
; 879; 50
; 890; 50
; 901; 50
; 911; 50.001033782958984
; 921; 50.002101898193359
; 932; 50.003208160400391
; 943; 50.004348754882813
; 953; 50.005523681640625
; 964; 50.006732940673828
; 975; 50.007976531982422
; 987; 50.009258270263672
; 996; 50.010574340820313
; 1007; 50.011924743652344
; 1019; 50.013309478759766
; 1029; 50.014728546142578
; 1039; 50.016181945800781
; 1049; 50.017673492431641
; 1059; 50.019199371337891
; 1069; 50.020759582519531
; 1079; 50.022354125976563
; 1090; 50.023983001708984
; 1102; 50.0256462097168
; 1113; 50.027347564697266
; 1123; 50.029083251953125
; 1133; 50.030853271484375
; 1145; 50.032657623291016
; 1156; 50.034496307373047
; 1167; 50.036373138427734
; 1177; 50.038284301757813
; 1189; 50.040229797363281
; 1199; 50.042209625244141
; 1210; 50.044223785400391
; 1221; 50.046272277832031
; 1231; 50.048358917236328
; 1241; 50.050479888916016
; 1252; 50.052635192871094
; 1262; 50.054824829101563
; 1273; 50.057048797607422
; 1284; 50.059307098388672
; 1296; 50.061603546142578
; 1307; 50.063934326171875
; 1317; 50.066299438476563
; 1328; 50.068698883056641
; 1339; 50.071132659912109
; 1349; 50.073600769042969
; 1359; 50.076107025146484
; 1368; 50.078647613525391
; 1378; 50.081222534179688
; 1389; 50.083831787109375
; 1401; 50.086475372314453
; 1410; 50.089157104492188
; 1420; 50.091873168945313
; 1430; 50.094623565673828
; 1442; 50.097408294677734
; 1453; 50.100227355957031
; 1463; 50.103080749511719
; 1473; 50.105972290039063
; 1483; 50.1088981628418
; 1493; 50.111858367919922
; 1503; 50.114852905273438
; 1514; 50.117881774902344
; 1525; 50.120944976806641
; 1535; 50.124046325683594
; 1546; 50.127182006835938
; 1557; 50.130352020263672
; 1566; 50.1335563659668
; 1576; 50.136795043945313
; 1588; 50.140071868896484
; 1598; 50.143383026123047
; 1607; 50.146728515625
; 1619; 50.150108337402344
; 1629; 50.153522491455078
; 1639; 50.1569709777832
; 1649; 50.160457611083984
; 1659; 50.163978576660156
; 1669; 50.167533874511719
; 1681; 50.171123504638672
; 1691; 50.174747467041016
; 1703; 50.17840576171875
; 1712; 50.182102203369141
; 1724; 50.185832977294922
; 1735; 50.189598083496094
; 1746; 50.193397521972656
; 1758; 50.197231292724609
; 1767; 50.201099395751953
; 1777; 50.205005645751953
; 1787; 50.208946228027344
; 1799; 50.212921142578125
; 1810; 50.2169303894043
; 1821; 50.220973968505859
; 1832; 50.225055694580078
; 1842; 50.229171752929688
; 1854; 50.233322143554688
; 1864; 50.237506866455078
; 1876; 50.241725921630859
; 1887; 50.245979309082031
; 1899; 50.250270843505859
; 1909; 50.254596710205078
; 1919; 50.258956909179688
; 1930; 50.263351440429688
; 1941; 50.267780303955078
; 1951; 50.272243499755859
; 1960; 50.2767448425293
; 1970; 50.281280517578125
; 1980; 50.285850524902344
; 1990; 50.290454864501953
; 2002; 50.295093536376953
; 2012; 50.299770355224609
; 2021; 50.304481506347656
; 2031; 50.309226989746094
; 2042; 50.314006805419922
; 2053; 50.318820953369141
; 2065; 50.32366943359375
; 2074; 50.328556060791016
; 2084; 50.333477020263672
; 2094; 50.338432312011719
; 2106; 50.343421936035156
; 2117; 50.348445892333984
; 2127; 50.3535041809082
; 2137; 50.358600616455078
; 2147; 50.363731384277344
; 2156; 50.368896484375
; 2166; 50.374095916748047
; 2178; 50.379329681396484
; 2189; 50.384597778320313
; 2201; 50.3899040222168
; 2211; 50.395244598388672
; 2220; 50.400619506835938
; 2231; 50.406028747558594
; 2241; 50.411472320556641
; 2251; 50.416954040527344
; 2262; 50.422470092773438
; 2272; 50.428020477294922
; 2283; 50.4336051940918
; 2293; 50.439224243164063
; 2303; 50.444877624511719
; 2313; 50.450569152832031
; 2323; 50.456295013427734
; 2334; 50.462055206298828
; 2344; 50.467849731445313
; 2354; 50.473678588867188
; 2366; 50.479541778564453
; 2376; 50.485443115234375
; 2387; 50.491378784179688
; 2398; 50.497348785400391
; 2409; 50.503353118896484
; 2418; 50.509391784667969
; 2428; 50.515468597412109
; 2439; 50.521579742431641
; 2448; 50.527725219726563
; 2459; 50.533905029296875
; 2468; 50.540119171142578
; 2478; 50.546367645263672
; 2488; 50.552654266357422
; 2500; 50.558975219726563
; 2509; 50.565330505371094
; 2519; 50.571720123291016
; 2529; 50.578144073486328
; 2541; 50.584602355957031
; 2550; 50.591098785400391
; 2560; 50.597629547119141
; 2572; 50.604194641113281
; 2582; 50.610794067382813
; 2593; 50.617427825927734
; 2605; 50.624095916748047
; 2616; 50.630802154541016
; 2626; 50.637542724609375
; 2636; 50.644317626953125
; 2647; 50.651126861572266
; 2658; 50.6579704284668
; 2668; 50.664852142333984
; 2680; 50.671768188476563
; 2690; 50.678718566894531
; 2700; 50.685703277587891
; 2710; 50.692722320556641
; 2722; 50.699775695800781
; 2732; 50.706867218017578
; 2743; 50.713993072509766
; 2755; 50.721153259277344
; 2764; 50.728347778320313
; 2774; 50.735576629638672
; 2784; 50.742839813232422
; 2794; 50.750141143798828
; 2804; 50.757476806640625
; 2815; 50.764846801757813
; 2824; 50.772251129150391
; 2836; 50.779689788818359
; 2846; 50.787166595458984
; 2857; 50.794677734375
; 2867; 50.802223205566406
; 2877; 50.8098030090332
; 2888; 50.817417144775391
; 2898; 50.825065612792969
; 2907; 50.8327522277832
; 2919; 50.840473175048828
; 2928; 50.848228454589844
; 2938; 50.85601806640625
; 2948; 50.863842010498047
; 2959; 50.871700286865234
; 2969; 50.879596710205078
; 2980; 50.887527465820313
; 2991; 50.895492553710938
; 3001; 50.903491973876953
; 3012; 50.911525726318359
; 3024; 50.919593811035156
; 3035; 50.927700042724609
; 3046; 50.935840606689453
; 3056; 50.944015502929688
; 3068; 50.952224731445313
; 3078; 50.960468292236328
; 3088; 50.96875
; 3097; 50.977066040039063
; 3108; 50.985416412353516
; 3118; 50.993801116943359
; 3130; 51.002220153808594
; 3140; 51.010673522949219
; 3149; 51.0191650390625
; 3161; 51.027690887451172
; 3171; 51.036251068115234
; 3181; 51.044845581054688
; 3190; 51.053474426269531
; 3200; 51.062137603759766
; 3212; 51.070838928222656
; 3224; 51.079574584960938
; 3235; 51.088344573974609
; 3245; 51.097148895263672
; 3255; 51.105987548828125
; 3266; 51.114864349365234
; 3276; 51.123775482177734
; 3287; 51.132720947265625
; 3298; 51.141700744628906
; 3309; 51.150714874267578
; 3319; 51.159763336181641
; 3329; 51.168849945068359
; 3339; 51.177970886230469
; 3349; 51.187126159667969
; 3359; 51.196315765380859
; 3370; 51.205539703369141
; 3380; 51.214797973632813
; 3390; 51.224094390869141
; 3400; 51.233425140380859
; 3411; 51.242790222167969
; 3422; 51.252189636230469
; 3433; 51.261623382568359
; 3444; 51.271091461181641
; 3453; 51.280597686767578
; 3463; 51.290138244628906
; 3473; 51.299713134765625
; 3484; 51.309322357177734
; 3494; 51.318965911865234
; 3505; 51.328647613525391
; 3516; 51.338363647460938
; 3526; 51.348114013671875
; 3536; 51.3578987121582
; 3546; 51.367717742919922
; 3558; 51.377571105957031
; 3569; 51.3874626159668
; 3579; 51.397388458251953
; 3589; 51.4073486328125
; 3599; 51.417343139648438
; 3610; 51.427371978759766
; 3622; 51.437435150146484
; 3632; 51.447536468505859
; 3642; 51.457672119140625
; 3651; 51.467842102050781
; 3663; 51.478046417236328
; 3673; 51.488285064697266
; 3683; 51.498561859130859
; 3694; 51.508872985839844
; 3703; 51.519218444824219
; 3715; 51.529598236083984
; 3726; 51.540012359619141
; 3736; 51.550460815429688
; 3746; 51.560947418212891
; 3757; 51.571468353271484
; 3768; 51.582023620605469
; 3778; 51.592613220214844
; 3789; 51.603237152099609
; 3799; 51.613895416259766
; 3808; 51.624591827392578
; 3820; 51.635322570800781
; 3830; 51.646087646484375
; 3840; 51.656887054443359
; 3852; 51.667720794677734
; 3862; 51.6785888671875
; 3872; 51.689495086669922
; 3882; 51.700435638427734
; 3894; 51.711410522460938
; 3904; 51.722419738769531
; 3914; 51.733463287353516
; 3925; 51.744544982910156
; 3935; 51.755661010742188
; 3946; 51.766811370849609
; 3956; 51.777996063232422
; 3966; 51.789215087890625
; 3978; 51.800468444824219
; 3987; 51.811759948730469
; 3998; 51.823085784912109
; 4009; 51.834445953369141
; 4020; 51.845840454101563
; 4032; 51.857269287109375
; 4041; 51.868732452392578
; 4051; 51.880233764648438
; 4061; 51.891769409179688
; 4073; 51.903339385986328
; 4082; 51.914943695068359
; 4092; 51.926582336425781
; 4102; 51.938259124755859
; 4112; 51.949970245361328
; 4122; 51.961715698242188
; 4132; 51.973495483398438
; 4142; 51.985309600830078
; 4152; 51.997158050537109
; 4162; 52.0090446472168
; 4172; 52.020965576171875
; 4182; 52.032920837402344
; 4194; 52.0449104309082
; 4203; 52.056934356689453
; 4215; 52.068992614746094
; 4225; 52.081089019775391
; 4235; 52.093219757080078
; 4246; 52.105384826660156
; 4256; 52.117584228515625
; 4266; 52.129817962646484
; 4276; 52.142086029052734
; 4287; 52.154392242431641
; 4297; 52.166732788085938
; 4308; 52.179107666015625
; 4318; 52.1915168762207
; 4328; 52.203960418701172
; 4337; 52.2164421081543
; 4349; 52.228958129882813
; 4358; 52.241508483886719
; 4368; 52.254093170166016
; 4379; 52.2667121887207
; 4391; 52.279365539550781
; 4400; 52.292057037353516
; 4410; 52.304782867431641
; 4420; 52.317543029785156
; 4431; 52.330337524414063
; 4442; 52.343166351318359
; 4454; 52.356029510498047
; 4465; 52.368930816650391
; 4475; 52.381866455078125
; 4487; 52.39483642578125
; 4496; 52.407840728759766
; 4507; 52.420879364013672
; 4517; 52.433956146240234
; 4527; 52.447067260742188
; 4537; 52.460212707519531
; 4548; 52.473392486572266
; 4560; 52.486606597900391
; 4570; 52.499855041503906
; 4581; 52.513141632080078
; 4593; 52.526462554931641
; 4603; 52.539817810058594
; 4614; 52.553207397460938
; 4625; 52.566631317138672
; 4637; 52.5800895690918
; 4648; 52.593585968017578
; 4660; 52.60711669921875
; 4671; 52.620681762695313
; 4681; 52.634281158447266
; 4691; 52.647914886474609
; 4703; 52.661582946777344
; 4713; 52.675289154052734
; 4724; 52.689029693603516
; 4734; 52.702804565429688
; 4745; 52.71661376953125
; 4754; 52.7304573059082
; 4766; 52.744338989257813
; 4778; 52.758255004882813
; 4789; 52.7722053527832
; 4799; 52.786190032958984
; 4811; 52.800209045410156
; 4821; 52.814262390136719
; 4831; 52.828353881835938
; 4841; 52.842479705810547
; 4851; 52.856639862060547
; 4862; 52.870834350585938
; 4872; 52.885063171386719
; 4882; 52.899326324462891
; 4892; 52.913627624511719
; 4902; 52.927963256835938
; 4912; 52.942333221435547
; 4923; 52.956737518310547
; 4933; 52.971176147460938
; 4943; 52.985652923583984
; 4953; 53.000164031982422
; 4964; 53.01470947265625
; 4975; 53.029289245605469
; 4985; 53.043903350830078
; 4995; 53.058551788330078
; 5006; 53.073238372802734
; 5016; 53.087959289550781
; 5027; 53.102714538574219
; 5039; 53.117504119873047
; 5050; 53.132328033447266
; 5061; 53.147186279296875
; 5071; 53.162082672119141
; 5082; 53.1770133972168
; 5093; 53.191978454589844
; 5103; 53.206977844238281
; 5112; 53.222011566162109
; 5124; 53.237079620361328
; 5135; 53.2521858215332
; 5146; 53.267326354980469
; 5156; 53.282501220703125
; 5168; 53.297710418701172
; 5179; 53.312953948974609
; 5191; 53.3282356262207
; 5201; 53.343551635742188
; 5213; 53.358901977539063
; 5224; 53.374286651611328
; 5235; 53.389705657958984
; 5247; 53.405158996582031
; 5258; 53.420650482177734
; 5269; 53.436176300048828
; 5280; 53.451736450195313
; 5291; 53.467330932617188
; 5301; 53.482959747314453
; 5311; 53.498622894287109
; 5322; 53.514324188232422
; 5332; 53.530059814453125
; 5344; 53.545829772949219
; 5353; 53.5616340637207
; 5364; 53.577472686767578
; 5373; 53.593349456787109
; 5383; 53.609260559082031
; 5395; 53.625205993652344
; 5405; 53.641185760498047
; 5415; 53.657199859619141
; 5425; 53.673248291015625
; 5435; 53.689334869384766
; 5445; 53.7054557800293
; 5457; 53.721611022949219
; 5467; 53.737800598144531
; 5478; 53.754024505615234
; 5489; 53.770282745361328
; 5500; 53.786579132080078
; 5510; 53.802909851074219
; 5522; 53.81927490234375
; 5532; 53.835674285888672
; 5544; 53.852108001708984
; 5554; 53.868576049804688
; 5565; 53.885082244873047
; 5575; 53.9016227722168
; 5586; 53.918197631835938
; 5597; 53.934806823730469
; 5607; 53.951450347900391
; 5617; 53.968132019042969
; 5628; 53.984848022460938
; 5639; 54.0015983581543
; 5650; 54.018383026123047
; 5660; 54.035202026367188
; 5670; 54.052055358886719
; 5680; 54.068946838378906
; 5691; 54.085872650146484
; 5702; 54.102832794189453
; 5713; 54.119827270507813
; 5724; 54.136856079101563
; 5735; 54.1539192199707
; 5746; 54.1710205078125
; 5757; 54.188156127929688
; 5768; 54.205326080322266
; 5779; 54.222530364990234
; 5789; 54.239768981933594
; 5799; 54.257045745849609
; 5810; 54.274356842041016
; 5821; 54.291702270507813
; 5833; 54.30908203125
; 5845; 54.326496124267578
; 5856; 54.343944549560547
; 5866; 54.361431121826172
; 5877; 54.378952026367188
; 5887; 54.396507263183594
; 5899; 54.414096832275391
; 5909; 54.431720733642578
; 5918; 54.449378967285156
; 5929; 54.467075347900391
; 5939; 54.484806060791016
; 5949; 54.502571105957031
; 5959; 54.520370483398438
; 5969; 54.538204193115234
; 5979; 54.556072235107422
; 5989; 54.573978424072266
; 6000; 54.5919189453125
; 6011; 54.609893798828125
; 6022; 54.627902984619141
; 6032; 54.645946502685547
; 6042; 54.664028167724609
; 6053; 54.682144165039063
; 6062; 54.700294494628906
; 6072; 54.718479156494141
; 6082; 54.736698150634766
; 6094; 54.754951477050781
; 6103; 54.773242950439453
; 6113; 54.791568756103516
; 6125; 54.809928894042969
; 6135; 54.828323364257813
; 6144; 54.846752166748047
; 6154; 54.865215301513672
; 6164; 54.883716583251953
; 6174; 54.902252197265625
; 6186; 54.920822143554688
; 6196; 54.939426422119141
; 6207; 54.958065032958984
; 6219; 54.976741790771484
; 6230; 54.995452880859375
; 6240; 55.014198303222656
; 6251; 55.032928466796875
; 6263; 55.051643371582031
; 6275; 55.070343017578125
; 6285; 55.089027404785156
; 6296; 55.107696533203125
; 6308; 55.126350402832031
; 6318; 55.144989013671875
; 6328; 55.163612365722656
; 6337; 55.182220458984375
; 6348; 55.2008171081543
; 6359; 55.219398498535156
; 6371; 55.237964630126953
; 6383; 55.256515502929688
; 6393; 55.275051116943359
; 6404; 55.293571472167969
; 6414; 55.312076568603516
; 6426; 55.33056640625
; 6436; 55.349040985107422
; 6446; 55.367500305175781
; 6456; 55.385944366455078
; 6467; 55.404373168945313
; 6479; 55.422786712646484
; 6490; 55.441184997558594
; 6501; 55.459571838378906
; 6512; 55.477943420410156
; 6523; 55.496299743652344
; 6534; 55.514640808105469
; 6544; 55.532966613769531
; 6554; 55.551277160644531
; 6564; 55.569572448730469
; 6575; 55.587852478027344
; 6584; 55.606117248535156
; 6596; 55.624366760253906
; 6608; 55.642601013183594
; 6618; 55.660820007324219
; 6629; 55.679023742675781
; 6640; 55.697212219238281
; 6650; 55.715385437011719
; 6661; 55.733547210693359
; 6671; 55.751693725585938
; 6682; 55.769824981689453
; 6692; 55.787940979003906
; 6701; 55.8060417175293
; 6711; 55.824127197265625
; 6721; 55.842197418212891
; 6731; 55.860252380371094
; 6743; 55.878292083740234
; 6753; 55.896316528320313
; 6762; 55.914325714111328
; 6774; 55.932319641113281
; 6784; 55.950298309326172
; 6796; 55.96826171875
; 6806; 55.986209869384766
; 6817; 56.004146575927734
; 6827; 56.022068023681641
; 6839; 56.039974212646484
; 6850; 56.057865142822266
; 6860; 56.075740814208984
; 6872; 56.093601226806641
; 6882; 56.111446380615234
; 6892; 56.129276275634766
; 6904; 56.147090911865234
; 6914; 56.164890289306641
; 6924; 56.182674407958984
; 6934; 56.200443267822266
; 6944; 56.218196868896484
; 6955; 56.235935211181641
; 6966; 56.253658294677734
; 6976; 56.271369934082031
; 6986; 56.289066314697266
; 6996; 56.306747436523438
; 7006; 56.324413299560547
; 7017; 56.342063903808594
; 7029; 56.359699249267578
; 7038; 56.3773193359375
; 7049; 56.394924163818359
; 7058; 56.412513732910156
; 7068; 56.430088043212891
; 7078; 56.447647094726563
; 7088; 56.465190887451172
; 7099; 56.482719421386719
; 7111; 56.5002326965332
; 7122; 56.517734527587891
; 7132; 56.535221099853516
; 7142; 56.552692413330078
; 7154; 56.570148468017578
; 7165; 56.587589263916016
; 7175; 56.605014801025391
; 7185; 56.6224250793457
; 7196; 56.639820098876953
; 7206; 56.657199859619141
; 7216; 56.674564361572266
; 7227; 56.691913604736328
; 7237; 56.709247589111328
; 7247; 56.726566314697266
; 7259; 56.743869781494141
; 7271; 56.761157989501953
; 7282; 56.778434753417969
; 7292; 56.795696258544922
; 7302; 56.812942504882813
; 7312; 56.830173492431641
; 7321; 56.847389221191406
; 7333; 56.864589691162109
; 7343; 56.88177490234375
; 7354; 56.898944854736328
; 7365; 56.916099548339844
; 7377; 56.9332389831543
; 7386; 56.950363159179688
; 7398; 56.967472076416016
; 7408; 56.984565734863281
; 7418; 57.001644134521484
; 7429; 57.018707275390625
; 7438; 57.035758972167969
; 7449; 57.05279541015625
; 7460; 57.069816589355469
; 7470; 57.086822509765625
; 7480; 57.103813171386719
; 7490; 57.12078857421875
; 7501; 57.137748718261719
; 7511; 57.154693603515625
; 7520; 57.171623229980469
; 7530; 57.18853759765625
; 7542; 57.205436706542969
; 7553; 57.222320556640625
; 7564; 57.239189147949219
; 7575; 57.25604248046875
; 7586; 57.272884368896484
; 7595; 57.289710998535156
; 7606; 57.306522369384766
; 7616; 57.323318481445313
; 7627; 57.3400993347168
; 7637; 57.356864929199219
; 7648; 57.373615264892578
; 7660; 57.390350341796875
; 7669; 57.407070159912109
; 7681; 57.423774719238281
; 7693; 57.440464019775391
; 7704; 57.457138061523438
; 7715; 57.473796844482422
; 7726; 57.490440368652344
; 7736; 57.5070686340332
; 7748; 57.523685455322266
; 7757; 57.540287017822266
; 7767; 57.5568733215332
; 7779; 57.573444366455078
; 7790; 57.590000152587891
; 7800; 57.606540679931641
; 7811; 57.623065948486328
; 7823; 57.639575958251953
; 7834; 57.656070709228516
; 7844; 57.672550201416016
; 7854; 57.689014434814453
; 7864; 57.705463409423828
; 7874; 57.721897125244141
; 7884; 57.738315582275391
; 7895; 57.754718780517578
; 7904; 57.771110534667969
; 7915; 57.7874870300293
; 7927; 57.803848266601563
; 7938; 57.820194244384766
; 7948; 57.836524963378906
; 7958; 57.852840423583984
; 7969; 57.869140625
; 7981; 57.885425567626953
; 7991; 57.901695251464844
; 8001; 57.917949676513672
; 8011; 57.934188842773438
; 8021; 57.950412750244141
; 8031; 57.966621398925781
; 8040; 57.982814788818359
; 8050; 57.998992919921875
; 8060; 58.015159606933594
; 8070; 58.03131103515625
; 8082; 58.047447204589844
; 8092; 58.063568115234375
; 8102; 58.079673767089844
; 8113; 58.09576416015625
; 8124; 58.111839294433594
; 8134; 58.127899169921875
; 8145; 58.143943786621094
; 8156; 58.15997314453125
; 8167; 58.175987243652344
; 8177; 58.191986083984375
; 8187; 58.207969665527344
; 8199; 58.22393798828125
; 8209; 58.239894866943359
; 8220; 58.255836486816406
; 8231; 58.271762847900391
; 8243; 58.287673950195313
; 8253; 58.303569793701172
; 8264; 58.319450378417969
; 8274; 58.3353157043457
; 8284; 58.351165771484375
; 8294; 58.367000579833984
; 8305; 58.382820129394531
; 8315; 58.398624420166016
; 8327; 58.414413452148438
; 8337; 58.4301872253418
; 8347; 58.445945739746094
; 8358; 58.461688995361328
; 8370; 58.477420806884766
; 8381; 58.493137359619141
; 8392; 58.508838653564453
; 8404; 58.5245246887207
; 8414; 58.540195465087891
; 8425; 58.555850982666016
; 8437; 58.571491241455078
; 8448; 58.587116241455078
; 8457; 58.602725982666016
; 8467; 58.618320465087891
; 8477; 58.6338996887207
; 8488; 58.649463653564453
; 8498; 58.665012359619141
; 8509; 58.680545806884766
; 8521; 58.696063995361328
; 8531; 58.711570739746094
; 8542; 58.7270622253418
; 8552; 58.742538452148438
; 8561; 58.757999420166016
; 8572; 58.773445129394531
; 8582; 58.788875579833984
; 8592; 58.804290771484375
; 8602; 58.8196907043457
; 8611; 58.835075378417969
; 8621; 58.850444793701172
; 8632; 58.865798950195313
; 8644; 58.881137847900391
; 8655; 58.896461486816406
; 8666; 58.911769866943359
; 8676; 58.927066802978516
; 8688; 58.942348480224609
; 8698; 58.957614898681641
; 8708; 58.972866058349609
; 8718; 58.988101959228516
; 8728; 59.003322601318359
; 8738; 59.018527984619141
; 8748; 59.033718109130859
; 8758; 59.048892974853516
; 8769; 59.064052581787109
; 8781; 59.079196929931641
; 8791; 59.094326019287109
; 8800; 59.109439849853516
; 8810; 59.124538421630859
; 8820; 59.139621734619141
; 8830; 59.154693603515625
; 8839; 59.169750213623047
; 8849; 59.184791564941406
; 8859; 59.1998176574707
; 8871; 59.214828491210938
; 8882; 59.229824066162109
; 8892; 59.244804382324219
; 8902; 59.259769439697266
; 8914; 59.27471923828125
; 8923; 59.289653778076172
; 8933; 59.304573059082031
; 8943; 59.319477081298828
; 8953; 59.334365844726563
; 8964; 59.349239349365234
; 8975; 59.364097595214844
; 8987; 59.378944396972656
; 8996; 59.393775939941406
; 9007; 59.408592224121094
; 9018; 59.423393249511719
; 9029; 59.438179016113281
; 9040; 59.452949523925781
; 9051; 59.467704772949219
; 9061; 59.482444763183594
; 9072; 59.497169494628906
; 9082; 59.511878967285156
; 9092; 59.526573181152344
; 9102; 59.541252136230469
; 9113; 59.555915832519531
; 9125; 59.570564270019531
; 9135; 59.585201263427734
; 9145; 59.599822998046875
; 9157; 59.614429473876953
; 9167; 59.629020690917969
; 9177; 59.643596649169922
; 9186; 59.658157348632813
; 9198; 59.672702789306641
; 9208; 59.687232971191406
; 9219; 59.701747894287109
; 9230; 59.71624755859375
; 9241; 59.730731964111328
; 9252; 59.745201110839844
; 9262; 59.7596549987793
; 9272; 59.774093627929688
; 9282; 59.788516998291016
; 9293; 59.802928924560547
; 9303; 59.817325592041016
; 9314; 59.831707000732422
; 9324; 59.846073150634766
; 9335; 59.860424041748047
; 9348; 59.874759674072266
; 9357; 59.889080047607422
; 9367; 59.903385162353516
; 9377; 59.917675018310547
; 9388; 59.931949615478516
; 9397; 59.946208953857422
; 9407; 59.960453033447266
; 9419; 59.974681854248047
; 9429; 59.988895416259766
; 9438; 60.003093719482422
; 9450; 60.017280578613281
; 9462; 60.031452178955078
; 9474; 60.045608520507813
; 9484; 60.059749603271484
; 9494; 60.073875427246094
; 9503; 60.087985992431641
; 9513; 60.102081298828125
; 9525; 60.116161346435547
; 9536; 60.130226135253906
; 9546; 60.1442756652832
; 9556; 60.158309936523438
; 9566; 60.172328948974609
; 9578; 60.186332702636719
; 9589; 60.200321197509766
; 9599; 60.21429443359375
; 9609; 60.228256225585938
; 9621; 60.242202758789063
; 9631; 60.256134033203125
; 9641; 60.270050048828125
; 9652; 60.283950805664063
; 9662; 60.297836303710938
; 9674; 60.31170654296875
; 9684; 60.3255615234375
; 9693; 60.339401245117188
; 9705; 60.353225708007813
; 9715; 60.367034912109375
; 9725; 60.380828857421875
; 9734; 60.394607543945313
; 9746; 60.408370971679688
; 9757; 60.422122955322266
; 9767; 60.435859680175781
; 9779; 60.449581146240234
; 9790; 60.463287353515625
; 9802; 60.476978302001953
; 9814; 60.490653991699219
; 9825; 60.504314422607422
; 9835; 60.517959594726563
; 9845; 60.531589508056641
; 9856; 60.545204162597656
; 9868; 60.558803558349609
; 9878; 60.5723876953125
; 9888; 60.585956573486328
; 9899; 60.599510192871094
; 9911; 60.6130485534668
; 9923; 60.6265754699707
; 9933; 60.640087127685547
; 9943; 60.653583526611328
; 9954; 60.667064666748047
; 9964; 60.6805305480957
; 9976; 60.6939811706543
; 9986; 60.707416534423828
; 9995; 60.7208366394043
; 10007; 60.7342414855957
; 10017; 60.747631072998047
; 10028; 60.761005401611328
; 10039; 60.774364471435547
; 10050; 60.7877082824707
; 10060; 60.8010368347168
; 10072; 60.814350128173828
; 10082; 60.827651977539063
; 10092; 60.840938568115234
; 10101; 60.854209899902344
; 10113; 60.867465972900391
; 10125; 60.880706787109375
; 10134; 60.8939323425293
; 10146; 60.907142639160156
; 10158; 60.920337677001953
; 10167; 60.933517456054688
; 10179; 60.946681976318359
; 10189; 60.959831237792969
; 10199; 60.972965240478516
; 10208; 60.986083984375
; 10219; 60.999187469482422
; 10229; 61.012279510498047
; 10241; 61.025356292724609
; 10251; 61.038417816162109
; 10261; 61.051464080810547
; 10270; 61.064495086669922
; 10281; 61.077510833740234
; 10293; 61.090511322021484
; 10304; 61.103496551513672
; 10316; 61.1164665222168
; 10326; 61.129421234130859
; 10336; 61.142360687255859
; 10345; 61.1552848815918
; 10356; 61.168193817138672
; 10366; 61.181087493896484
; 10378; 61.193965911865234
; 10390; 61.206832885742188
; 10399; 61.219684600830078
; 10411; 61.232521057128906
; 10422; 61.245342254638672
; 10432; 61.258148193359375
; 10441; 61.270938873291016
; 10453; 61.283714294433594
; 10463; 61.296474456787109
; 10473; 61.309219360351563
; 10483; 61.321949005126953
; 10494; 61.334663391113281
; 10504; 61.347362518310547
; 10516; 61.36004638671875
; 10527; 61.372714996337891
; 10537; 61.385368347167969
; 10549; 61.39801025390625
; 10561; 61.410636901855469
; 10570; 61.423248291015625
; 10580; 61.435844421386719
; 10592; 61.44842529296875
; 10603; 61.460990905761719
; 10614; 61.473541259765625
; 10625; 61.486076354980469
; 10637; 61.49859619140625
; 10647; 61.511100769042969
; 10657; 61.523590087890625
; 10666; 61.536064147949219
; 10677; 61.54852294921875
; 10688; 61.560966491699219
; 10698; 61.573394775390625
; 10710; 61.585811614990234
; 10720; 61.598213195800781
; 10731; 61.610599517822266
; 10741; 61.622970581054688
; 10753; 61.635326385498047
; 10765; 61.647666931152344
; 10776; 61.659992218017578
; 10788; 61.67230224609375
; 10798; 61.684597015380859
; 10810; 61.696876525878906
; 10821; 61.709140777587891
; 10831; 61.721389770507813
; 10842; 61.733623504638672
; 10852; 61.745841979980469
; 10864; 61.758049011230469
; 10873; 61.770240783691406
; 10883; 61.782417297363281
; 10893; 61.794578552246094
; 10905; 61.806724548339844
; 10914; 61.818855285644531
; 10926; 61.830970764160156
; 10938; 61.843070983886719
; 10950; 61.855155944824219
; 10961; 61.867225646972656
; 10972; 61.879280090332031
; 10982; 61.891319274902344
7.Variable; PLC_PRG.low_air
7.Address.AddrFlags; 0x00000000
7.Class; 0
7.Size; 1
7.GraphColor; 4278239231
7.GraphType; 1
7.MinWarningColor; 4278190080
7.MaxWarningColor; 4294901760
7.CriticalLowerLimit; 0
7.CriticalUpperLimit; 0
7.ActivateMinWarning; 0
7.ActivateMaxWarning; 0
7.YAxis; 0
7.Data; 
; 2; 0
; 12; 0
; 22; 0
; 33; 0
; 42; 0
; 52; 0
; 62; 0
; 74; 0
; 83; 0
; 95; 0
; 106; 0
; 115; 0
; 127; 0
; 137; 0
; 147; 0
; 157; 0
; 169; 0
; 179; 0
; 191; 0
; 202; 0
; 212; 0
; 224; 0
; 233; 0
; 243; 0
; 255; 0
; 265; 0
; 274; 0
; 286; 0
; 296; 0
; 306; 0
; 318; 0
; 328; 0
; 340; 0
; 349; 0
; 360; 0
; 370; 0
; 380; 0
; 390; 0
; 400; 0
; 411; 0
; 421; 0
; 431; 0
; 441; 0
; 451; 0
; 461; 0
; 473; 0
; 485; 0
; 494; 0
; 506; 0
; 517; 0
; 527; 0
; 538; 0
; 548; 0
; 559; 0
; 570; 0
; 580; 0
; 592; 0
; 602; 0
; 612; 0
; 623; 0
; 634; 0
; 644; 0
; 655; 0
; 665; 0
; 675; 0
; 685; 0
; 695; 0
; 707; 0
; 716; 0
; 726; 0
; 736; 0
; 746; 0
; 756; 0
; 766; 0
; 778; 0
; 787; 0
; 797; 0
; 807; 0
; 817; 0
; 827; 0
; 838; 0
; 848; 0
; 858; 0
; 870; 0
; 879; 0
; 890; 0
; 901; 0
; 911; 0
; 921; 0
; 932; 0
; 943; 0
; 953; 0
; 964; 0
; 975; 0
; 987; 0
; 996; 0
; 1007; 0
; 1019; 0
; 1029; 0
; 1039; 0
; 1049; 0
; 1059; 0
; 1069; 0
; 1079; 0
; 1090; 0
; 1102; 0
; 1113; 0
; 1123; 0
; 1133; 0
; 1145; 0
; 1156; 0
; 1167; 0
; 1177; 0
; 1189; 0
; 1199; 0
; 1210; 0
; 1221; 0
; 1231; 0
; 1241; 0
; 1252; 0
; 1262; 0
; 1273; 0
; 1284; 0
; 1296; 0
; 1307; 0
; 1317; 0
; 1328; 0
; 1339; 0
; 1349; 0
; 1359; 0
; 1368; 0
; 1378; 0
; 1389; 0
; 1401; 0
; 1410; 0
; 1420; 0
; 1430; 0
; 1442; 0
; 1453; 0
; 1463; 0
; 1473; 0
; 1483; 0
; 1493; 0
; 1503; 0
; 1514; 0
; 1525; 0
; 1535; 0
; 1546; 0
; 1557; 0
; 1566; 0
; 1576; 0
; 1588; 0
; 1598; 0
; 1607; 0
; 1619; 0
; 1629; 0
; 1639; 0
; 1649; 0
; 1659; 0
; 1669; 0
; 1681; 0
; 1691; 0
; 1703; 0
; 1712; 0
; 1724; 0
; 1735; 0
; 1746; 0
; 1758; 0
; 1767; 0
; 1777; 0
; 1787; 0
; 1799; 0
; 1810; 0
; 1821; 0
; 1832; 0
; 1842; 0
; 1854; 0
; 1864; 0
; 1876; 0
; 1887; 0
; 1899; 0
; 1909; 0
; 1919; 0
; 1930; 0
; 1941; 0
; 1951; 0
; 1960; 0
; 1970; 0
; 1980; 0
; 1990; 0
; 2002; 0
; 2012; 0
; 2021; 0
; 2031; 0
; 2042; 0
; 2053; 0
; 2065; 0
; 2074; 0
; 2084; 0
; 2094; 0
; 2106; 0
; 2117; 0
; 2127; 0
; 2137; 0
; 2147; 0
; 2156; 0
; 2166; 0
; 2178; 0
; 2189; 0
; 2201; 0
; 2211; 0
; 2220; 0
; 2231; 0
; 2241; 0
; 2251; 0
; 2262; 0
; 2272; 0
; 2283; 0
; 2293; 0
; 2303; 0
; 2313; 0
; 2323; 0
; 2334; 0
; 2344; 0
; 2354; 0
; 2366; 0
; 2376; 0
; 2387; 0
; 2398; 0
; 2409; 0
; 2418; 0
; 2428; 0
; 2439; 0
; 2448; 0
; 2459; 0
; 2468; 0
; 2478; 0
; 2488; 0
; 2500; 0
; 2509; 0
; 2519; 0
; 2529; 0
; 2541; 0
; 2550; 0
; 2560; 0
; 2572; 0
; 2582; 0
; 2593; 0
; 2605; 0
; 2616; 0
; 2626; 0
; 2636; 0
; 2647; 0
; 2658; 0
; 2668; 0
; 2680; 0
; 2690; 0
; 2700; 0
; 2710; 0
; 2722; 0
; 2732; 0
; 2743; 0
; 2755; 0
; 2764; 0
; 2774; 0
; 2784; 0
; 2794; 0
; 2804; 0
; 2815; 0
; 2824; 0
; 2836; 0
; 2846; 0
; 2857; 0
; 2867; 0
; 2877; 0
; 2888; 0
; 2898; 0
; 2907; 0
; 2919; 0
; 2928; 0
; 2938; 0
; 2948; 0
; 2959; 0
; 2969; 0
; 2980; 0
; 2991; 0
; 3001; 0
; 3012; 0
; 3024; 0
; 3035; 0
; 3046; 0
; 3056; 0
; 3068; 0
; 3078; 0
; 3088; 0
; 3097; 0
; 3108; 0
; 3118; 0
; 3130; 0
; 3140; 0
; 3149; 0
; 3161; 0
; 3171; 0
; 3181; 0
; 3190; 0
; 3200; 0
; 3212; 0
; 3224; 0
; 3235; 0
; 3245; 0
; 3255; 0
; 3266; 0
; 3276; 0
; 3287; 0
; 3298; 0
; 3309; 0
; 3319; 0
; 3329; 0
; 3339; 0
; 3349; 0
; 3359; 0
; 3370; 0
; 3380; 0
; 3390; 0
; 3400; 0
; 3411; 0
; 3422; 0
; 3433; 0
; 3444; 0
; 3453; 0
; 3463; 0
; 3473; 0
; 3484; 0
; 3494; 0
; 3505; 0
; 3516; 0
; 3526; 0
; 3536; 0
; 3546; 0
; 3558; 0
; 3569; 0
; 3579; 0
; 3589; 0
; 3599; 0
; 3610; 0
; 3622; 0
; 3632; 0
; 3642; 0
; 3651; 0
; 3663; 0
; 3673; 0
; 3683; 0
; 3694; 0
; 3703; 0
; 3715; 0
; 3726; 0
; 3736; 0
; 3746; 0
; 3757; 0
; 3768; 0
; 3778; 0
; 3789; 0
; 3799; 0
; 3808; 0
; 3820; 0
; 3830; 0
; 3840; 0
; 3852; 0
; 3862; 0
; 3872; 0
; 3882; 0
; 3894; 0
; 3904; 0
; 3914; 0
; 3925; 0
; 3935; 0
; 3946; 0
; 3956; 0
; 3966; 0
; 3978; 0
; 3987; 0
; 3998; 0
; 4009; 0
; 4020; 0
; 4032; 0
; 4041; 0
; 4051; 0
; 4061; 0
; 4073; 0
; 4082; 0
; 4092; 0
; 4102; 0
; 4112; 0
; 4122; 0
; 4132; 0
; 4142; 0
; 4152; 0
; 4162; 0
; 4172; 0
; 4182; 0
; 4194; 0
; 4203; 0
; 4215; 0
; 4225; 0
; 4235; 0
; 4246; 0
; 4256; 0
; 4266; 0
; 4276; 0
; 4287; 0
; 4297; 0
; 4308; 0
; 4318; 0
; 4328; 0
; 4337; 0
; 4349; 0
; 4358; 0
; 4368; 0
; 4379; 0
; 4391; 0
; 4400; 0
; 4410; 0
; 4420; 0
; 4431; 0
; 4442; 0
; 4454; 0
; 4465; 0
; 4475; 0
; 4487; 0
; 4496; 0
; 4507; 0
; 4517; 0
; 4527; 0
; 4537; 0
; 4548; 0
; 4560; 0
; 4570; 0
; 4581; 0
; 4593; 0
; 4603; 0
; 4614; 0
; 4625; 0
; 4637; 0
; 4648; 0
; 4660; 0
; 4671; 0
; 4681; 0
; 4691; 0
; 4703; 0
; 4713; 0
; 4724; 0
; 4734; 0
; 4745; 0
; 4754; 0
; 4766; 0
; 4778; 0
; 4789; 0
; 4799; 0
; 4811; 0
; 4821; 0
; 4831; 0
; 4841; 0
; 4851; 0
; 4862; 0
; 4872; 0
; 4882; 0
; 4892; 0
; 4902; 0
; 4912; 0
; 4923; 0
; 4933; 0
; 4943; 0
; 4953; 0
; 4964; 0
; 4975; 0
; 4985; 0
; 4995; 0
; 5006; 0
; 5016; 0
; 5027; 0
; 5039; 0
; 5050; 0
; 5061; 0
; 5071; 0
; 5082; 0
; 5093; 0
; 5103; 0
; 5112; 0
; 5124; 0
; 5135; 0
; 5146; 0
; 5156; 0
; 5168; 0
; 5179; 0
; 5191; 0
; 5201; 0
; 5213; 0
; 5224; 0
; 5235; 0
; 5247; 0
; 5258; 0
; 5269; 0
; 5280; 0
; 5291; 0
; 5301; 0
; 5311; 0
; 5322; 0
; 5332; 0
; 5344; 0
; 5353; 0
; 5364; 0
; 5373; 0
; 5383; 0
; 5395; 0
; 5405; 0
; 5415; 0
; 5425; 0
; 5435; 0
; 5445; 0
; 5457; 0
; 5467; 0
; 5478; 0
; 5489; 0
; 5500; 0
; 5510; 0
; 5522; 0
; 5532; 0
; 5544; 0
; 5554; 0
; 5565; 0
; 5575; 0
; 5586; 0
; 5597; 0
; 5607; 0
; 5617; 0
; 5628; 0
; 5639; 0
; 5650; 0
; 5660; 0
; 5670; 0
; 5680; 0
; 5691; 0
; 5702; 0
; 5713; 0
; 5724; 0
; 5735; 0
; 5746; 0
; 5757; 0
; 5768; 0
; 5779; 0
; 5789; 0
; 5799; 0
; 5810; 0
; 5821; 0
; 5833; 0
; 5845; 0
; 5856; 0
; 5866; 0
; 5877; 0
; 5887; 0
; 5899; 0
; 5909; 0
; 5918; 0
; 5929; 0
; 5939; 0
; 5949; 0
; 5959; 0
; 5969; 0
; 5979; 0
; 5989; 0
; 6000; 0
; 6011; 0
; 6022; 0
; 6032; 0
; 6042; 0
; 6053; 0
; 6062; 0
; 6072; 0
; 6082; 0
; 6094; 0
; 6103; 0
; 6113; 0
; 6125; 0
; 6135; 0
; 6144; 0
; 6154; 0
; 6164; 0
; 6174; 0
; 6186; 0
; 6196; 0
; 6207; 0
; 6219; 0
; 6230; 0
; 6240; 0
; 6251; 0
; 6263; 0
; 6275; 0
; 6285; 0
; 6296; 0
; 6308; 0
; 6318; 0
; 6328; 0
; 6337; 0
; 6348; 0
; 6359; 0
; 6371; 0
; 6383; 0
; 6393; 0
; 6404; 0
; 6414; 0
; 6426; 0
; 6436; 0
; 6446; 0
; 6456; 0
; 6467; 0
; 6479; 0
; 6490; 0
; 6501; 0
; 6512; 0
; 6523; 0
; 6534; 0
; 6544; 0
; 6554; 0
; 6564; 0
; 6575; 0
; 6584; 0
; 6596; 0
; 6608; 0
; 6618; 0
; 6629; 0
; 6640; 0
; 6650; 0
; 6661; 0
; 6671; 0
; 6682; 0
; 6692; 0
; 6701; 0
; 6711; 0
; 6721; 0
; 6731; 0
; 6743; 0
; 6753; 0
; 6762; 0
; 6774; 0
; 6784; 0
; 6796; 0
; 6806; 0
; 6817; 0
; 6827; 0
; 6839; 0
; 6850; 0
; 6860; 0
; 6872; 0
; 6882; 0
; 6892; 0
; 6904; 0
; 6914; 0
; 6924; 0
; 6934; 0
; 6944; 0
; 6955; 0
; 6966; 0
; 6976; 0
; 6986; 0
; 6996; 0
; 7006; 0
; 7017; 0
; 7029; 0
; 7038; 0
; 7049; 0
; 7058; 0
; 7068; 0
; 7078; 0
; 7088; 0
; 7099; 0
; 7111; 0
; 7122; 0
; 7132; 0
; 7142; 0
; 7154; 0
; 7165; 0
; 7175; 0
; 7185; 0
; 7196; 0
; 7206; 0
; 7216; 0
; 7227; 0
; 7237; 0
; 7247; 0
; 7259; 0
; 7271; 0
; 7282; 0
; 7292; 0
; 7302; 0
; 7312; 0
; 7321; 0
; 7333; 0
; 7343; 0
; 7354; 0
; 7365; 0
; 7377; 0
; 7386; 0
; 7398; 0
; 7408; 0
; 7418; 0
; 7429; 0
; 7438; 0
; 7449; 0
; 7460; 0
; 7470; 0
; 7480; 0
; 7490; 0
; 7501; 0
; 7511; 0
; 7520; 0
; 7530; 0
; 7542; 0
; 7553; 0
; 7564; 0
; 7575; 0
; 7586; 0
; 7595; 0
; 7606; 0
; 7616; 0
; 7627; 0
; 7637; 0
; 7648; 0
; 7660; 0
; 7669; 0
; 7681; 0
; 7693; 0
; 7704; 0
; 7715; 0
; 7726; 0
; 7736; 0
; 7748; 0
; 7757; 0
; 7767; 0
; 7779; 0
; 7790; 0
; 7800; 0
; 7811; 0
; 7823; 0
; 7834; 0
; 7844; 0
; 7854; 0
; 7864; 0
; 7874; 0
; 7884; 0
; 7895; 0
; 7904; 0
; 7915; 0
; 7927; 0
; 7938; 0
; 7948; 0
; 7958; 0
; 7969; 0
; 7981; 0
; 7991; 0
; 8001; 0
; 8011; 0
; 8021; 0
; 8031; 0
; 8040; 0
; 8050; 0
; 8060; 0
; 8070; 0
; 8082; 0
; 8092; 0
; 8102; 0
; 8113; 0
; 8124; 0
; 8134; 0
; 8145; 0
; 8156; 0
; 8167; 0
; 8177; 0
; 8187; 0
; 8199; 0
; 8209; 0
; 8220; 0
; 8231; 0
; 8243; 0
; 8253; 0
; 8264; 0
; 8274; 0
; 8284; 0
; 8294; 0
; 8305; 0
; 8315; 0
; 8327; 0
; 8337; 0
; 8347; 0
; 8358; 0
; 8370; 0
; 8381; 0
; 8392; 0
; 8404; 0
; 8414; 0
; 8425; 0
; 8437; 0
; 8448; 0
; 8457; 0
; 8467; 0
; 8477; 0
; 8488; 0
; 8498; 0
; 8509; 0
; 8521; 0
; 8531; 0
; 8542; 0
; 8552; 0
; 8561; 0
; 8572; 0
; 8582; 0
; 8592; 0
; 8602; 0
; 8611; 0
; 8621; 0
; 8632; 0
; 8644; 0
; 8655; 0
; 8666; 0
; 8676; 0
; 8688; 0
; 8698; 0
; 8708; 0
; 8718; 0
; 8728; 0
; 8738; 0
; 8748; 0
; 8758; 0
; 8769; 0
; 8781; 0
; 8791; 0
; 8800; 0
; 8810; 0
; 8820; 0
; 8830; 0
; 8839; 0
; 8849; 0
; 8859; 0
; 8871; 0
; 8882; 0
; 8892; 0
; 8902; 0
; 8914; 0
; 8923; 0
; 8933; 0
; 8943; 0
; 8953; 0
; 8964; 0
; 8975; 0
; 8987; 0
; 8996; 0
; 9007; 0
; 9018; 0
; 9029; 0
; 9040; 0
; 9051; 0
; 9061; 0
; 9072; 0
; 9082; 0
; 9092; 0
; 9102; 0
; 9113; 0
; 9125; 0
; 9135; 0
; 9145; 0
; 9157; 0
; 9167; 0
; 9177; 0
; 9186; 0
; 9198; 0
; 9208; 0
; 9219; 0
; 9230; 0
; 9241; 0
; 9252; 0
; 9262; 0
; 9272; 0
; 9282; 0
; 9293; 0
; 9303; 0
; 9314; 0
; 9324; 0
; 9335; 0
; 9348; 0
; 9357; 0
; 9367; 0
; 9377; 0
; 9388; 0
; 9397; 0
; 9407; 0
; 9419; 0
; 9429; 0
; 9438; 0
; 9450; 0
; 9462; 0
; 9474; 0
; 9484; 0
; 9494; 0
; 9503; 0
; 9513; 0
; 9525; 0
; 9536; 0
; 9546; 0
; 9556; 0
; 9566; 0
; 9578; 0
; 9589; 0
; 9599; 0
; 9609; 0
; 9621; 0
; 9631; 0
; 9641; 0
; 9652; 0
; 9662; 0
; 9674; 0
; 9684; 0
; 9693; 0
; 9705; 0
; 9715; 0
; 9725; 0
; 9734; 0
; 9746; 0
; 9757; 0
; 9767; 0
; 9779; 0
; 9790; 0
; 9802; 0
; 9814; 0
; 9825; 0
; 9835; 0
; 9845; 0
; 9856; 0
; 9868; 0
; 9878; 0
; 9888; 0
; 9899; 0
; 9911; 0
; 9923; 0
; 9933; 0
; 9943; 0
; 9954; 0
; 9964; 0
; 9976; 0
; 9986; 0
; 9995; 0
; 10007; 0
; 10017; 0
; 10028; 0
; 10039; 0
; 10050; 0
; 10060; 0
; 10072; 0
; 10082; 0
; 10092; 0
; 10101; 0
; 10113; 0
; 10125; 0
; 10134; 0
; 10146; 0
; 10158; 0
; 10167; 0
; 10179; 0
; 10189; 0
; 10199; 0
; 10208; 0
; 10219; 0
; 10229; 0
; 10241; 0
; 10251; 0
; 10261; 0
; 10270; 0
; 10281; 0
; 10293; 0
; 10304; 0
; 10316; 0
; 10326; 0
; 10336; 0
; 10345; 0
; 10356; 0
; 10366; 0
; 10378; 0
; 10390; 0
; 10399; 0
; 10411; 0
; 10422; 0
; 10432; 0
; 10441; 0
; 10453; 0
; 10463; 0
; 10473; 0
; 10483; 0
; 10494; 0
; 10504; 0
; 10516; 0
; 10527; 0
; 10537; 0
; 10549; 0
; 10561; 0
; 10570; 0
; 10580; 0
; 10592; 0
; 10603; 0
; 10614; 0
; 10625; 0
; 10637; 0
; 10647; 0
; 10657; 0
; 10666; 0
; 10677; 0
; 10688; 0
; 10698; 0
; 10710; 0
; 10720; 0
; 10731; 0
; 10741; 0
; 10753; 0
; 10765; 0
; 10776; 0
; 10788; 0
; 10798; 0
; 10810; 0
; 10821; 0
; 10831; 0
; 10842; 0
; 10852; 0
; 10864; 0
; 10873; 0
; 10883; 0
; 10893; 0
; 10905; 0
; 10914; 0
; 10926; 0
; 10938; 0
; 10950; 0
; 10961; 0
; 10972; 0
; 10982; 0
8.Variable; PLC_PRG.motor_running
8.Address.AddrFlags; 0x00000000
8.Class; 0
8.Size; 1
8.GraphColor; 4278255615
8.GraphType; 1
8.MinWarningColor; 4278190080
8.MaxWarningColor; 4294901760
8.CriticalLowerLimit; 0
8.CriticalUpperLimit; 0
8.ActivateMinWarning; 0
8.ActivateMaxWarning; 0
8.YAxis; 0
8.Data; 
; 2; 1
; 12; 1
; 22; 1
; 33; 1
; 42; 1
; 52; 1
; 62; 1
; 74; 1
; 83; 1
; 95; 1
; 106; 1
; 115; 1
; 127; 1
; 137; 1
; 147; 1
; 157; 1
; 169; 1
; 179; 1
; 191; 1
; 202; 1
; 212; 1
; 224; 1
; 233; 1
; 243; 1
; 255; 1
; 265; 1
; 274; 1
; 286; 1
; 296; 1
; 306; 1
; 318; 1
; 328; 1
; 340; 1
; 349; 1
; 360; 1
; 370; 1
; 380; 1
; 390; 1
; 400; 1
; 411; 1
; 421; 1
; 431; 1
; 441; 1
; 451; 1
; 461; 1
; 473; 1
; 485; 1
; 494; 1
; 506; 1
; 517; 1
; 527; 1
; 538; 1
; 548; 1
; 559; 1
; 570; 1
; 580; 1
; 592; 1
; 602; 1
; 612; 1
; 623; 1
; 634; 1
; 644; 1
; 655; 1
; 665; 1
; 675; 1
; 685; 1
; 695; 1
; 707; 1
; 716; 1
; 726; 1
; 736; 1
; 746; 1
; 756; 1
; 766; 1
; 778; 1
; 787; 1
; 797; 1
; 807; 1
; 817; 1
; 827; 1
; 838; 1
; 848; 1
; 858; 1
; 870; 1
; 879; 1
; 890; 1
; 901; 1
; 911; 1
; 921; 1
; 932; 1
; 943; 1
; 953; 1
; 964; 1
; 975; 1
; 987; 1
; 996; 1
; 1007; 1
; 1019; 1
; 1029; 1
; 1039; 1
; 1049; 1
; 1059; 1
; 1069; 1
; 1079; 1
; 1090; 1
; 1102; 1
; 1113; 1
; 1123; 1
; 1133; 1
; 1145; 1
; 1156; 1
; 1167; 1
; 1177; 1
; 1189; 1
; 1199; 1
; 1210; 1
; 1221; 1
; 1231; 1
; 1241; 1
; 1252; 1
; 1262; 1
; 1273; 1
; 1284; 1
; 1296; 1
; 1307; 1
; 1317; 1
; 1328; 1
; 1339; 1
; 1349; 1
; 1359; 1
; 1368; 1
; 1378; 1
; 1389; 1
; 1401; 1
; 1410; 1
; 1420; 1
; 1430; 1
; 1442; 1
; 1453; 1
; 1463; 1
; 1473; 1
; 1483; 1
; 1493; 1
; 1503; 1
; 1514; 1
; 1525; 1
; 1535; 1
; 1546; 1
; 1557; 1
; 1566; 1
; 1576; 1
; 1588; 1
; 1598; 1
; 1607; 1
; 1619; 1
; 1629; 1
; 1639; 1
; 1649; 1
; 1659; 1
; 1669; 1
; 1681; 1
; 1691; 1
; 1703; 1
; 1712; 1
; 1724; 1
; 1735; 1
; 1746; 1
; 1758; 1
; 1767; 1
; 1777; 1
; 1787; 1
; 1799; 1
; 1810; 1
; 1821; 1
; 1832; 1
; 1842; 1
; 1854; 1
; 1864; 1
; 1876; 1
; 1887; 1
; 1899; 1
; 1909; 1
; 1919; 1
; 1930; 1
; 1941; 1
; 1951; 1
; 1960; 1
; 1970; 1
; 1980; 1
; 1990; 1
; 2002; 1
; 2012; 1
; 2021; 1
; 2031; 1
; 2042; 1
; 2053; 1
; 2065; 1
; 2074; 1
; 2084; 1
; 2094; 1
; 2106; 1
; 2117; 1
; 2127; 1
; 2137; 1
; 2147; 1
; 2156; 1
; 2166; 1
; 2178; 1
; 2189; 1
; 2201; 1
; 2211; 1
; 2220; 1
; 2231; 1
; 2241; 1
; 2251; 1
; 2262; 1
; 2272; 1
; 2283; 1
; 2293; 1
; 2303; 1
; 2313; 1
; 2323; 1
; 2334; 1
; 2344; 1
; 2354; 1
; 2366; 1
; 2376; 1
; 2387; 1
; 2398; 1
; 2409; 1
; 2418; 1
; 2428; 1
; 2439; 1
; 2448; 1
; 2459; 1
; 2468; 1
; 2478; 1
; 2488; 1
; 2500; 1
; 2509; 1
; 2519; 1
; 2529; 1
; 2541; 1
; 2550; 1
; 2560; 1
; 2572; 1
; 2582; 1
; 2593; 1
; 2605; 1
; 2616; 1
; 2626; 1
; 2636; 1
; 2647; 1
; 2658; 1
; 2668; 1
; 2680; 1
; 2690; 1
; 2700; 1
; 2710; 1
; 2722; 1
; 2732; 1
; 2743; 1
; 2755; 1
; 2764; 1
; 2774; 1
; 2784; 1
; 2794; 1
; 2804; 1
; 2815; 1
; 2824; 1
; 2836; 1
; 2846; 1
; 2857; 1
; 2867; 1
; 2877; 1
; 2888; 1
; 2898; 1
; 2907; 1
; 2919; 1
; 2928; 1
; 2938; 1
; 2948; 1
; 2959; 1
; 2969; 1
; 2980; 1
; 2991; 1
; 3001; 1
; 3012; 1
; 3024; 1
; 3035; 1
; 3046; 1
; 3056; 1
; 3068; 1
; 3078; 1
; 3088; 1
; 3097; 1
; 3108; 1
; 3118; 1
; 3130; 1
; 3140; 1
; 3149; 1
; 3161; 1
; 3171; 1
; 3181; 1
; 3190; 1
; 3200; 1
; 3212; 1
; 3224; 1
; 3235; 1
; 3245; 1
; 3255; 1
; 3266; 1
; 3276; 1
; 3287; 1
; 3298; 1
; 3309; 1
; 3319; 1
; 3329; 1
; 3339; 1
; 3349; 1
; 3359; 1
; 3370; 1
; 3380; 1
; 3390; 1
; 3400; 1
; 3411; 1
; 3422; 1
; 3433; 1
; 3444; 1
; 3453; 1
; 3463; 1
; 3473; 1
; 3484; 1
; 3494; 1
; 3505; 1
; 3516; 1
; 3526; 1
; 3536; 1
; 3546; 1
; 3558; 1
; 3569; 1
; 3579; 1
; 3589; 1
; 3599; 1
; 3610; 1
; 3622; 1
; 3632; 1
; 3642; 1
; 3651; 1
; 3663; 1
; 3673; 1
; 3683; 1
; 3694; 1
; 3703; 1
; 3715; 1
; 3726; 1
; 3736; 1
; 3746; 1
; 3757; 1
; 3768; 1
; 3778; 1
; 3789; 1
; 3799; 1
; 3808; 1
; 3820; 1
; 3830; 1
; 3840; 1
; 3852; 1
; 3862; 1
; 3872; 1
; 3882; 1
; 3894; 1
; 3904; 1
; 3914; 1
; 3925; 1
; 3935; 1
; 3946; 1
; 3956; 1
; 3966; 1
; 3978; 1
; 3987; 1
; 3998; 1
; 4009; 1
; 4020; 1
; 4032; 1
; 4041; 1
; 4051; 1
; 4061; 1
; 4073; 1
; 4082; 1
; 4092; 1
; 4102; 1
; 4112; 1
; 4122; 1
; 4132; 1
; 4142; 1
; 4152; 1
; 4162; 1
; 4172; 1
; 4182; 1
; 4194; 1
; 4203; 1
; 4215; 1
; 4225; 1
; 4235; 1
; 4246; 1
; 4256; 1
; 4266; 1
; 4276; 1
; 4287; 1
; 4297; 1
; 4308; 1
; 4318; 1
; 4328; 1
; 4337; 1
; 4349; 1
; 4358; 1
; 4368; 1
; 4379; 1
; 4391; 1
; 4400; 1
; 4410; 1
; 4420; 1
; 4431; 1
; 4442; 1
; 4454; 1
; 4465; 1
; 4475; 1
; 4487; 1
; 4496; 1
; 4507; 1
; 4517; 1
; 4527; 1
; 4537; 1
; 4548; 1
; 4560; 1
; 4570; 1
; 4581; 1
; 4593; 1
; 4603; 1
; 4614; 1
; 4625; 1
; 4637; 1
; 4648; 1
; 4660; 1
; 4671; 1
; 4681; 1
; 4691; 1
; 4703; 1
; 4713; 1
; 4724; 1
; 4734; 1
; 4745; 1
; 4754; 1
; 4766; 1
; 4778; 1
; 4789; 1
; 4799; 1
; 4811; 1
; 4821; 1
; 4831; 1
; 4841; 1
; 4851; 1
; 4862; 1
; 4872; 1
; 4882; 1
; 4892; 1
; 4902; 1
; 4912; 1
; 4923; 1
; 4933; 1
; 4943; 1
; 4953; 1
; 4964; 1
; 4975; 1
; 4985; 1
; 4995; 1
; 5006; 1
; 5016; 1
; 5027; 1
; 5039; 1
; 5050; 1
; 5061; 1
; 5071; 1
; 5082; 1
; 5093; 1
; 5103; 1
; 5112; 1
; 5124; 1
; 5135; 1
; 5146; 1
; 5156; 1
; 5168; 1
; 5179; 1
; 5191; 1
; 5201; 1
; 5213; 1
; 5224; 1
; 5235; 1
; 5247; 1
; 5258; 1
; 5269; 1
; 5280; 1
; 5291; 1
; 5301; 1
; 5311; 1
; 5322; 1
; 5332; 1
; 5344; 1
; 5353; 1
; 5364; 1
; 5373; 1
; 5383; 1
; 5395; 1
; 5405; 1
; 5415; 1
; 5425; 1
; 5435; 1
; 5445; 1
; 5457; 1
; 5467; 1
; 5478; 1
; 5489; 1
; 5500; 1
; 5510; 1
; 5522; 1
; 5532; 1
; 5544; 1
; 5554; 1
; 5565; 1
; 5575; 1
; 5586; 1
; 5597; 1
; 5607; 1
; 5617; 1
; 5628; 1
; 5639; 1
; 5650; 1
; 5660; 1
; 5670; 1
; 5680; 1
; 5691; 1
; 5702; 1
; 5713; 1
; 5724; 1
; 5735; 1
; 5746; 1
; 5757; 1
; 5768; 1
; 5779; 1
; 5789; 1
; 5799; 1
; 5810; 1
; 5821; 1
; 5833; 1
; 5845; 1
; 5856; 1
; 5866; 1
; 5877; 1
; 5887; 1
; 5899; 1
; 5909; 1
; 5918; 1
; 5929; 1
; 5939; 1
; 5949; 1
; 5959; 1
; 5969; 1
; 5979; 1
; 5989; 1
; 6000; 1
; 6011; 1
; 6022; 1
; 6032; 1
; 6042; 1
; 6053; 1
; 6062; 1
; 6072; 1
; 6082; 1
; 6094; 1
; 6103; 1
; 6113; 1
; 6125; 1
; 6135; 1
; 6144; 1
; 6154; 1
; 6164; 1
; 6174; 1
; 6186; 1
; 6196; 1
; 6207; 1
; 6219; 1
; 6230; 1
; 6240; 1
; 6251; 1
; 6263; 1
; 6275; 1
; 6285; 1
; 6296; 1
; 6308; 1
; 6318; 1
; 6328; 1
; 6337; 1
; 6348; 1
; 6359; 1
; 6371; 1
; 6383; 1
; 6393; 1
; 6404; 1
; 6414; 1
; 6426; 1
; 6436; 1
; 6446; 1
; 6456; 1
; 6467; 1
; 6479; 1
; 6490; 1
; 6501; 1
; 6512; 1
; 6523; 1
; 6534; 1
; 6544; 1
; 6554; 1
; 6564; 1
; 6575; 1
; 6584; 1
; 6596; 1
; 6608; 1
; 6618; 1
; 6629; 1
; 6640; 1
; 6650; 1
; 6661; 1
; 6671; 1
; 6682; 1
; 6692; 1
; 6701; 1
; 6711; 1
; 6721; 1
; 6731; 1
; 6743; 1
; 6753; 1
; 6762; 1
; 6774; 1
; 6784; 1
; 6796; 1
; 6806; 1
; 6817; 1
; 6827; 1
; 6839; 1
; 6850; 1
; 6860; 1
; 6872; 1
; 6882; 1
; 6892; 1
; 6904; 1
; 6914; 1
; 6924; 1
; 6934; 1
; 6944; 1
; 6955; 1
; 6966; 1
; 6976; 1
; 6986; 1
; 6996; 1
; 7006; 1
; 7017; 1
; 7029; 1
; 7038; 1
; 7049; 1
; 7058; 1
; 7068; 1
; 7078; 1
; 7088; 1
; 7099; 1
; 7111; 1
; 7122; 1
; 7132; 1
; 7142; 1
; 7154; 1
; 7165; 1
; 7175; 1
; 7185; 1
; 7196; 1
; 7206; 1
; 7216; 1
; 7227; 1
; 7237; 1
; 7247; 1
; 7259; 1
; 7271; 1
; 7282; 1
; 7292; 1
; 7302; 1
; 7312; 1
; 7321; 1
; 7333; 1
; 7343; 1
; 7354; 1
; 7365; 1
; 7377; 1
; 7386; 1
; 7398; 1
; 7408; 1
; 7418; 1
; 7429; 1
; 7438; 1
; 7449; 1
; 7460; 1
; 7470; 1
; 7480; 1
; 7490; 1
; 7501; 1
; 7511; 1
; 7520; 1
; 7530; 1
; 7542; 1
; 7553; 1
; 7564; 1
; 7575; 1
; 7586; 1
; 7595; 1
; 7606; 1
; 7616; 1
; 7627; 1
; 7637; 1
; 7648; 1
; 7660; 1
; 7669; 1
; 7681; 1
; 7693; 1
; 7704; 1
; 7715; 1
; 7726; 1
; 7736; 1
; 7748; 1
; 7757; 1
; 7767; 1
; 7779; 1
; 7790; 1
; 7800; 1
; 7811; 1
; 7823; 1
; 7834; 1
; 7844; 1
; 7854; 1
; 7864; 1
; 7874; 1
; 7884; 1
; 7895; 1
; 7904; 1
; 7915; 1
; 7927; 1
; 7938; 1
; 7948; 1
; 7958; 1
; 7969; 1
; 7981; 1
; 7991; 1
; 8001; 1
; 8011; 1
; 8021; 1
; 8031; 1
; 8040; 1
; 8050; 1
; 8060; 1
; 8070; 1
; 8082; 1
; 8092; 1
; 8102; 1
; 8113; 1
; 8124; 1
; 8134; 1
; 8145; 1
; 8156; 1
; 8167; 1
; 8177; 1
; 8187; 1
; 8199; 1
; 8209; 1
; 8220; 1
; 8231; 1
; 8243; 1
; 8253; 1
; 8264; 1
; 8274; 1
; 8284; 1
; 8294; 1
; 8305; 1
; 8315; 1
; 8327; 1
; 8337; 1
; 8347; 1
; 8358; 1
; 8370; 1
; 8381; 1
; 8392; 1
; 8404; 1
; 8414; 1
; 8425; 1
; 8437; 1
; 8448; 1
; 8457; 1
; 8467; 1
; 8477; 1
; 8488; 1
; 8498; 1
; 8509; 1
; 8521; 1
; 8531; 1
; 8542; 1
; 8552; 1
; 8561; 1
; 8572; 1
; 8582; 1
; 8592; 1
; 8602; 1
; 8611; 1
; 8621; 1
; 8632; 1
; 8644; 1
; 8655; 1
; 8666; 1
; 8676; 1
; 8688; 1
; 8698; 1
; 8708; 1
; 8718; 1
; 8728; 1
; 8738; 1
; 8748; 1
; 8758; 1
; 8769; 1
; 8781; 1
; 8791; 1
; 8800; 1
; 8810; 1
; 8820; 1
; 8830; 1
; 8839; 1
; 8849; 1
; 8859; 1
; 8871; 1
; 8882; 1
; 8892; 1
; 8902; 1
; 8914; 1
; 8923; 1
; 8933; 1
; 8943; 1
; 8953; 1
; 8964; 1
; 8975; 1
; 8987; 1
; 8996; 1
; 9007; 1
; 9018; 1
; 9029; 1
; 9040; 1
; 9051; 1
; 9061; 1
; 9072; 1
; 9082; 1
; 9092; 1
; 9102; 1
; 9113; 1
; 9125; 1
; 9135; 1
; 9145; 1
; 9157; 1
; 9167; 1
; 9177; 1
; 9186; 1
; 9198; 1
; 9208; 1
; 9219; 1
; 9230; 1
; 9241; 1
; 9252; 1
; 9262; 1
; 9272; 1
; 9282; 1
; 9293; 1
; 9303; 1
; 9314; 1
; 9324; 1
; 9335; 1
; 9348; 1
; 9357; 1
; 9367; 1
; 9377; 1
; 9388; 1
; 9397; 1
; 9407; 1
; 9419; 1
; 9429; 1
; 9438; 1
; 9450; 1
; 9462; 1
; 9474; 1
; 9484; 1
; 9494; 1
; 9503; 1
; 9513; 1
; 9525; 1
; 9536; 1
; 9546; 1
; 9556; 1
; 9566; 1
; 9578; 1
; 9589; 1
; 9599; 1
; 9609; 1
; 9621; 1
; 9631; 1
; 9641; 1
; 9652; 1
; 9662; 1
; 9674; 1
; 9684; 1
; 9693; 1
; 9705; 1
; 9715; 1
; 9725; 1
; 9734; 1
; 9746; 1
; 9757; 1
; 9767; 1
; 9779; 1
; 9790; 1
; 9802; 1
; 9814; 1
; 9825; 1
; 9835; 1
; 9845; 1
; 9856; 1
; 9868; 1
; 9878; 1
; 9888; 1
; 9899; 1
; 9911; 1
; 9923; 1
; 9933; 1
; 9943; 1
; 9954; 1
; 9964; 1
; 9976; 1
; 9986; 1
; 9995; 1
; 10007; 1
; 10017; 1
; 10028; 1
; 10039; 1
; 10050; 1
; 10060; 1
; 10072; 1
; 10082; 1
; 10092; 1
; 10101; 1
; 10113; 1
; 10125; 1
; 10134; 1
; 10146; 1
; 10158; 1
; 10167; 1
; 10179; 1
; 10189; 1
; 10199; 1
; 10208; 1
; 10219; 1
; 10229; 1
; 10241; 1
; 10251; 1
; 10261; 1
; 10270; 1
; 10281; 1
; 10293; 1
; 10304; 1
; 10316; 1
; 10326; 1
; 10336; 1
; 10345; 1
; 10356; 1
; 10366; 1
; 10378; 1
; 10390; 1
; 10399; 1
; 10411; 1
; 10422; 1
; 10432; 1
; 10441; 1
; 10453; 1
; 10463; 1
; 10473; 1
; 10483; 1
; 10494; 1
; 10504; 1
; 10516; 1
; 10527; 1
; 10537; 1
; 10549; 1
; 10561; 1
; 10570; 1
; 10580; 1
; 10592; 1
; 10603; 1
; 10614; 1
; 10625; 1
; 10637; 1
; 10647; 1
; 10657; 1
; 10666; 1
; 10677; 1
; 10688; 1
; 10698; 1
; 10710; 1
; 10720; 1
; 10731; 1
; 10741; 1
; 10753; 1
; 10765; 1
; 10776; 1
; 10788; 1
; 10798; 1
; 10810; 1
; 10821; 1
; 10831; 1
; 10842; 1
; 10852; 1
; 10864; 1
; 10873; 1
; 10883; 1
; 10893; 1
; 10905; 1
; 10914; 1
; 10926; 1
; 10938; 1
; 10950; 1
; 10961; 1
; 10972; 1
; 10982; 1
9.Variable; PLC_PRG.tailings_flow
9.Address.AddrFlags; 0x00000000
9.Class; 14
9.Size; 4
9.GraphColor; 4284456608
9.GraphType; 1
9.MinWarningColor; 4278190080
9.MaxWarningColor; 4294901760
9.CriticalLowerLimit; 0
9.CriticalUpperLimit; 0
9.ActivateMinWarning; 0
9.ActivateMaxWarning; 0
9.YAxis; 0
9.Data; 
; 2; 38
; 12; 38
; 22; 38
; 33; 38
; 42; 38
; 52; 38
; 62; 38
; 74; 38
; 83; 38
; 95; 38
; 106; 38
; 115; 38
; 127; 38
; 137; 38
; 147; 38
; 157; 38
; 169; 38
; 179; 38
; 191; 38
; 202; 38
; 212; 38
; 224; 38
; 233; 38
; 243; 38
; 255; 38
; 265; 38
; 274; 38
; 286; 38
; 296; 38
; 306; 38
; 318; 38
; 328; 38
; 340; 38
; 349; 38
; 360; 38
; 370; 38
; 380; 38
; 390; 38
; 400; 38
; 411; 38
; 421; 38
; 431; 38
; 441; 38
; 451; 38
; 461; 38
; 473; 38
; 485; 38
; 494; 38
; 506; 38
; 517; 38
; 527; 38
; 538; 38
; 548; 38
; 559; 38
; 570; 38
; 580; 38
; 592; 38
; 602; 38
; 612; 38
; 623; 38
; 634; 38
; 644; 38
; 655; 38
; 665; 38
; 675; 38
; 685; 38
; 695; 38
; 707; 38
; 716; 38
; 726; 38
; 736; 38
; 746; 38
; 756; 38
; 766; 38
; 778; 38
; 787; 38
; 797; 38
; 807; 38
; 817; 38
; 827; 38
; 838; 38
; 848; 38
; 858; 38
; 870; 38
; 879; 38
; 890; 38
; 901; 38
; 911; 37.950000762939453
; 921; 37.900001525878906
; 932; 37.850002288818359
; 943; 37.800003051757813
; 953; 37.750003814697266
; 964; 37.700004577636719
; 975; 37.650005340576172
; 987; 37.600006103515625
; 996; 37.550006866455078
; 1007; 37.500007629394531
; 1019; 37.450008392333984
; 1029; 37.400009155273438
; 1039; 37.350009918212891
; 1049; 37.300010681152344
; 1059; 37.2500114440918
; 1069; 37.20001220703125
; 1079; 37.1500129699707
; 1090; 37.100013732910156
; 1102; 37.050014495849609
; 1113; 37.000015258789063
; 1123; 36.950016021728516
; 1133; 36.900016784667969
; 1145; 36.850017547607422
; 1156; 36.800018310546875
; 1167; 36.750019073486328
; 1177; 36.700019836425781
; 1189; 36.650020599365234
; 1199; 36.600021362304688
; 1210; 36.550022125244141
; 1221; 36.500022888183594
; 1231; 36.450023651123047
; 1241; 36.4000244140625
; 1252; 36.350025177001953
; 1262; 36.300025939941406
; 1273; 36.250026702880859
; 1284; 36.200027465820313
; 1296; 36.150028228759766
; 1307; 36.100028991699219
; 1317; 36.050029754638672
; 1328; 36.000030517578125
; 1339; 35.950031280517578
; 1349; 35.900032043457031
; 1359; 35.850032806396484
; 1368; 35.800033569335938
; 1378; 35.750034332275391
; 1389; 35.700035095214844
; 1401; 35.6500358581543
; 1410; 35.60003662109375
; 1420; 35.5500373840332
; 1430; 35.500038146972656
; 1442; 35.450038909912109
; 1453; 35.400039672851563
; 1463; 35.350040435791016
; 1473; 35.300041198730469
; 1483; 35.250041961669922
; 1493; 35.200042724609375
; 1503; 35.150043487548828
; 1514; 35.100044250488281
; 1525; 35.050045013427734
; 1535; 35.000045776367188
; 1546; 34.950046539306641
; 1557; 34.900047302246094
; 1566; 34.850048065185547
; 1576; 34.800048828125
; 1588; 34.750049591064453
; 1598; 34.700050354003906
; 1607; 34.650051116943359
; 1619; 34.600051879882813
; 1629; 34.550052642822266
; 1639; 34.500053405761719
; 1649; 34.450054168701172
; 1659; 34.400054931640625
; 1669; 34.350055694580078
; 1681; 34.300056457519531
; 1691; 34.250057220458984
; 1703; 34.200057983398438
; 1712; 34.150058746337891
; 1724; 34.100059509277344
; 1735; 34.0500602722168
; 1746; 34.00006103515625
; 1758; 33.9500617980957
; 1767; 33.900062561035156
; 1777; 33.850063323974609
; 1787; 33.800064086914063
; 1799; 33.750064849853516
; 1810; 33.700065612792969
; 1821; 33.650066375732422
; 1832; 33.600067138671875
; 1842; 33.550067901611328
; 1854; 33.500068664550781
; 1864; 33.450069427490234
; 1876; 33.400070190429688
; 1887; 33.350070953369141
; 1899; 33.300071716308594
; 1909; 33.250072479248047
; 1919; 33.2000732421875
; 1930; 33.150074005126953
; 1941; 33.100074768066406
; 1951; 33.050075531005859
; 1960; 33.000076293945313
; 1970; 32.950077056884766
; 1980; 32.900077819824219
; 1990; 32.850078582763672
; 2002; 32.800079345703125
; 2012; 32.750080108642578
; 2021; 32.700080871582031
; 2031; 32.650081634521484
; 2042; 32.600082397460938
; 2053; 32.550083160400391
; 2065; 32.500083923339844
; 2074; 32.4500846862793
; 2084; 32.40008544921875
; 2094; 32.3500862121582
; 2106; 32.300086975097656
; 2117; 32.250087738037109
; 2127; 32.200088500976563
; 2137; 32.150089263916016
; 2147; 32.100090026855469
; 2156; 32.050090789794922
; 2166; 32.000091552734375
; 2178; 31.950092315673828
; 2189; 31.900093078613281
; 2201; 31.850093841552734
; 2211; 31.800094604492188
; 2220; 31.750095367431641
; 2231; 31.700096130371094
; 2241; 31.650096893310547
; 2251; 31.60009765625
; 2262; 31.550098419189453
; 2272; 31.500099182128906
; 2283; 31.450099945068359
; 2293; 31.400100708007813
; 2303; 31.350101470947266
; 2313; 31.300102233886719
; 2323; 31.250102996826172
; 2334; 31.200103759765625
; 2344; 31.150104522705078
; 2354; 31.100105285644531
; 2366; 31.050106048583984
; 2376; 31.000106811523438
; 2387; 30.950107574462891
; 2398; 30.900108337402344
; 2409; 30.850109100341797
; 2418; 30.80010986328125
; 2428; 30.750110626220703
; 2439; 30.700111389160156
; 2448; 30.650112152099609
; 2459; 30.600112915039063
; 2468; 30.550113677978516
; 2478; 30.500114440917969
; 2488; 30.450115203857422
; 2500; 30.400115966796875
; 2509; 30.350116729736328
; 2519; 30.300117492675781
; 2529; 30.250118255615234
; 2541; 30.200119018554688
; 2550; 30.150119781494141
; 2560; 30.100120544433594
; 2572; 30.050121307373047
; 2582; 30.0001220703125
; 2593; 29.950122833251953
; 2605; 29.900123596191406
; 2616; 29.850124359130859
; 2626; 29.800125122070313
; 2636; 29.750125885009766
; 2647; 29.700126647949219
; 2658; 29.650127410888672
; 2668; 29.600128173828125
; 2680; 29.550128936767578
; 2690; 29.500129699707031
; 2700; 29.450130462646484
; 2710; 29.400131225585938
; 2722; 29.350131988525391
; 2732; 29.300132751464844
; 2743; 29.250133514404297
; 2755; 29.20013427734375
; 2764; 29.150135040283203
; 2774; 29.100135803222656
; 2784; 29.050136566162109
; 2794; 29.000137329101563
; 2804; 28.950138092041016
; 2815; 28.900138854980469
; 2824; 28.850139617919922
; 2836; 28.800140380859375
; 2846; 28.750141143798828
; 2857; 28.700141906738281
; 2867; 28.650142669677734
; 2877; 28.600143432617188
; 2888; 28.550144195556641
; 2898; 28.500144958496094
; 2907; 28.450145721435547
; 2919; 28.400146484375
; 2928; 28.350147247314453
; 2938; 28.300148010253906
; 2948; 28.250148773193359
; 2959; 28.200149536132813
; 2969; 28.150150299072266
; 2980; 28.100151062011719
; 2991; 28.050151824951172
; 3001; 28.000152587890625
; 3012; 27.950153350830078
; 3024; 27.900154113769531
; 3035; 27.850154876708984
; 3046; 27.800155639648438
; 3056; 27.750156402587891
; 3068; 27.700157165527344
; 3078; 27.650157928466797
; 3088; 27.60015869140625
; 3097; 27.550159454345703
; 3108; 27.500160217285156
; 3118; 27.450160980224609
; 3130; 27.400161743164063
; 3140; 27.350162506103516
; 3149; 27.300163269042969
; 3161; 27.250164031982422
; 3171; 27.200164794921875
; 3181; 27.150165557861328
; 3190; 27.100166320800781
; 3200; 27.050167083740234
; 3212; 27.000167846679688
; 3224; 26.950168609619141
; 3235; 26.900169372558594
; 3245; 26.850170135498047
; 3255; 26.8001708984375
; 3266; 26.750171661376953
; 3276; 26.700172424316406
; 3287; 26.650173187255859
; 3298; 26.600173950195313
; 3309; 26.550174713134766
; 3319; 26.500175476074219
; 3329; 26.450176239013672
; 3339; 26.400177001953125
; 3349; 26.350177764892578
; 3359; 26.300178527832031
; 3370; 26.250179290771484
; 3380; 26.200180053710938
; 3390; 26.150180816650391
; 3400; 26.100181579589844
; 3411; 26.050182342529297
; 3422; 26.00018310546875
; 3433; 25.950183868408203
; 3444; 25.900184631347656
; 3453; 25.850185394287109
; 3463; 25.800186157226563
; 3473; 25.750186920166016
; 3484; 25.700187683105469
; 3494; 25.650188446044922
; 3505; 25.600189208984375
; 3516; 25.550189971923828
; 3526; 25.500190734863281
; 3536; 25.450191497802734
; 3546; 25.400192260742188
; 3558; 25.350193023681641
; 3569; 25.300193786621094
; 3579; 25.250194549560547
; 3589; 25.2001953125
; 3599; 25.150196075439453
; 3610; 25.100196838378906
; 3622; 25.050197601318359
; 3632; 25.000198364257813
; 3642; 24.950199127197266
; 3651; 24.900199890136719
; 3663; 24.850200653076172
; 3673; 24.800201416015625
; 3683; 24.750202178955078
; 3694; 24.700202941894531
; 3703; 24.650203704833984
; 3715; 24.600204467773438
; 3726; 24.550205230712891
; 3736; 24.500205993652344
; 3746; 24.450206756591797
; 3757; 24.40020751953125
; 3768; 24.350208282470703
; 3778; 24.300209045410156
; 3789; 24.250209808349609
; 3799; 24.200210571289063
; 3808; 24.150211334228516
; 3820; 24.100212097167969
; 3830; 24.050212860107422
; 3840; 24.000213623046875
; 3852; 23.950214385986328
; 3862; 23.900215148925781
; 3872; 23.850215911865234
; 3882; 23.800216674804688
; 3894; 23.750217437744141
; 3904; 23.700218200683594
; 3914; 23.650218963623047
; 3925; 23.6002197265625
; 3935; 23.550220489501953
; 3946; 23.500221252441406
; 3956; 23.450222015380859
; 3966; 23.400222778320313
; 3978; 23.350223541259766
; 3987; 23.300224304199219
; 3998; 23.250225067138672
; 4009; 23.200225830078125
; 4020; 23.150226593017578
; 4032; 23.100227355957031
; 4041; 23.050228118896484
; 4051; 23.000228881835938
; 4061; 22.950229644775391
; 4073; 22.900230407714844
; 4082; 22.850231170654297
; 4092; 22.80023193359375
; 4102; 22.750232696533203
; 4112; 22.700233459472656
; 4122; 22.650234222412109
; 4132; 22.600234985351563
; 4142; 22.550235748291016
; 4152; 22.500236511230469
; 4162; 22.450237274169922
; 4172; 22.400238037109375
; 4182; 22.350238800048828
; 4194; 22.300239562988281
; 4203; 22.250240325927734
; 4215; 22.200241088867188
; 4225; 22.150241851806641
; 4235; 22.100242614746094
; 4246; 22.050243377685547
; 4256; 22.000244140625
; 4266; 21.950244903564453
; 4276; 21.900245666503906
; 4287; 21.850246429443359
; 4297; 21.800247192382813
; 4308; 21.750247955322266
; 4318; 21.700248718261719
; 4328; 21.650249481201172
; 4337; 21.600250244140625
; 4349; 21.550251007080078
; 4358; 21.500251770019531
; 4368; 21.450252532958984
; 4379; 21.400253295898438
; 4391; 21.350254058837891
; 4400; 21.300254821777344
; 4410; 21.250255584716797
; 4420; 21.20025634765625
; 4431; 21.150257110595703
; 4442; 21.100257873535156
; 4454; 21.050258636474609
; 4465; 21.000259399414063
; 4475; 20.950260162353516
; 4487; 20.900260925292969
; 4496; 20.850261688232422
; 4507; 20.800262451171875
; 4517; 20.750263214111328
; 4527; 20.700263977050781
; 4537; 20.650264739990234
; 4548; 20.600265502929688
; 4560; 20.550266265869141
; 4570; 20.500267028808594
; 4581; 20.450267791748047
; 4593; 20.4002685546875
; 4603; 20.350269317626953
; 4614; 20.300270080566406
; 4625; 20.250270843505859
; 4637; 20.200271606445313
; 4648; 20.150272369384766
; 4660; 20.100273132324219
; 4671; 20.050273895263672
; 4681; 20.000274658203125
; 4691; 19.950275421142578
; 4703; 19.900276184082031
; 4713; 19.850276947021484
; 4724; 19.800277709960938
; 4734; 19.750278472900391
; 4745; 19.700279235839844
; 4754; 19.650279998779297
; 4766; 19.60028076171875
; 4778; 19.550281524658203
; 4789; 19.500282287597656
; 4799; 19.450283050537109
; 4811; 19.400283813476563
; 4821; 19.350284576416016
; 4831; 19.300285339355469
; 4841; 19.250286102294922
; 4851; 19.200286865234375
; 4862; 19.150287628173828
; 4872; 19.100288391113281
; 4882; 19.050289154052734
; 4892; 19.000289916992188
; 4902; 18.950290679931641
; 4912; 18.900291442871094
; 4923; 18.850292205810547
; 4933; 18.80029296875
; 4943; 18.750293731689453
; 4953; 18.700294494628906
; 4964; 18.650295257568359
; 4975; 18.600296020507813
; 4985; 18.550296783447266
; 4995; 18.500297546386719
; 5006; 18.450298309326172
; 5016; 18.400299072265625
; 5027; 18.350299835205078
; 5039; 18.300300598144531
; 5050; 18.250301361083984
; 5061; 18.200302124023438
; 5071; 18.150302886962891
; 5082; 18.100303649902344
; 5093; 18.050304412841797
; 5103; 18.00030517578125
; 5112; 17.950305938720703
; 5124; 17.900306701660156
; 5135; 17.850307464599609
; 5146; 17.800308227539063
; 5156; 17.750308990478516
; 5168; 17.700309753417969
; 5179; 17.650310516357422
; 5191; 17.600311279296875
; 5201; 17.550312042236328
; 5213; 17.500312805175781
; 5224; 17.450313568115234
; 5235; 17.400314331054688
; 5247; 17.350315093994141
; 5258; 17.300315856933594
; 5269; 17.250316619873047
; 5280; 17.2003173828125
; 5291; 17.150318145751953
; 5301; 17.100318908691406
; 5311; 17.050319671630859
; 5322; 17.000320434570313
; 5332; 16.950321197509766
; 5344; 16.900321960449219
; 5353; 16.850322723388672
; 5364; 16.800323486328125
; 5373; 16.750324249267578
; 5383; 16.700325012207031
; 5395; 16.650325775146484
; 5405; 16.600326538085938
; 5415; 16.550327301025391
; 5425; 16.500328063964844
; 5435; 16.450328826904297
; 5445; 16.40032958984375
; 5457; 16.350330352783203
; 5467; 16.300331115722656
; 5478; 16.250331878662109
; 5489; 16.200332641601563
; 5500; 16.150333404541016
; 5510; 16.100334167480469
; 5522; 16.050334930419922
; 5532; 16.000335693359375
; 5544; 15.950335502624512
; 5554; 15.900335311889648
; 5565; 15.850335121154785
; 5575; 15.800334930419922
; 5586; 15.750334739685059
; 5597; 15.700334548950195
; 5607; 15.650334358215332
; 5617; 15.600334167480469
; 5628; 15.550333976745605
; 5639; 15.500333786010742
; 5650; 15.450333595275879
; 5660; 15.400333404541016
; 5670; 15.350333213806152
; 5680; 15.300333023071289
; 5691; 15.250332832336426
; 5702; 15.200332641601563
; 5713; 15.1503324508667
; 5724; 15.100332260131836
; 5735; 15.050332069396973
; 5746; 15.000331878662109
; 5757; 14.950331687927246
; 5768; 14.900331497192383
; 5779; 14.85033130645752
; 5789; 14.800331115722656
; 5799; 14.750330924987793
; 5810; 14.70033073425293
; 5821; 14.650330543518066
; 5833; 14.600330352783203
; 5845; 14.55033016204834
; 5856; 14.500329971313477
; 5866; 14.450329780578613
; 5877; 14.40032958984375
; 5887; 14.350329399108887
; 5899; 14.300329208374023
; 5909; 14.25032901763916
; 5918; 14.200328826904297
; 5929; 14.150328636169434
; 5939; 14.10032844543457
; 5949; 14.050328254699707
; 5959; 14.000328063964844
; 5969; 13.95032787322998
; 5979; 13.900327682495117
; 5989; 13.850327491760254
; 6000; 13.800327301025391
; 6011; 13.750327110290527
; 6022; 13.700326919555664
; 6032; 13.6503267288208
; 6042; 13.600326538085938
; 6053; 13.550326347351074
; 6062; 13.500326156616211
; 6072; 13.450325965881348
; 6082; 13.400325775146484
; 6094; 13.350325584411621
; 6103; 13.300325393676758
; 6113; 13.250325202941895
; 6125; 13.200325012207031
; 6135; 13.150324821472168
; 6144; 13.100324630737305
; 6154; 13.050324440002441
; 6164; 13.000324249267578
; 6174; 12.950324058532715
; 6186; 12.900323867797852
; 6196; 12.850323677062988
; 6207; 12.800323486328125
; 6219; 12.750323295593262
; 6230; 12.700323104858398
; 6240; 12.650322914123535
; 6251; 12.700323104858398
; 6263; 12.750323295593262
; 6275; 12.800323486328125
; 6285; 12.850323677062988
; 6296; 12.900323867797852
; 6308; 12.950324058532715
; 6318; 13.000324249267578
; 6328; 13.050324440002441
; 6337; 13.100324630737305
; 6348; 13.150324821472168
; 6359; 13.200325012207031
; 6371; 13.250325202941895
; 6383; 13.300325393676758
; 6393; 13.350325584411621
; 6404; 13.400325775146484
; 6414; 13.450325965881348
; 6426; 13.500326156616211
; 6436; 13.550326347351074
; 6446; 13.600326538085938
; 6456; 13.6503267288208
; 6467; 13.700326919555664
; 6479; 13.750327110290527
; 6490; 13.800327301025391
; 6501; 13.850327491760254
; 6512; 13.900327682495117
; 6523; 13.95032787322998
; 6534; 14.000328063964844
; 6544; 14.050328254699707
; 6554; 14.10032844543457
; 6564; 14.150328636169434
; 6575; 14.200328826904297
; 6584; 14.25032901763916
; 6596; 14.300329208374023
; 6608; 14.350329399108887
; 6618; 14.40032958984375
; 6629; 14.450329780578613
; 6640; 14.500329971313477
; 6650; 14.55033016204834
; 6661; 14.600330352783203
; 6671; 14.650330543518066
; 6682; 14.70033073425293
; 6692; 14.750330924987793
; 6701; 14.800331115722656
; 6711; 14.85033130645752
; 6721; 14.900331497192383
; 6731; 14.950331687927246
; 6743; 15.000331878662109
; 6753; 15.050332069396973
; 6762; 15.100332260131836
; 6774; 15.1503324508667
; 6784; 15.200332641601563
; 6796; 15.250332832336426
; 6806; 15.300333023071289
; 6817; 15.350333213806152
; 6827; 15.400333404541016
; 6839; 15.450333595275879
; 6850; 15.500333786010742
; 6860; 15.550333976745605
; 6872; 15.600334167480469
; 6882; 15.650334358215332
; 6892; 15.700334548950195
; 6904; 15.750334739685059
; 6914; 15.800334930419922
; 6924; 15.850335121154785
; 6934; 15.900335311889648
; 6944; 15.950335502624512
; 6955; 16.000335693359375
; 6966; 16.050334930419922
; 6976; 16.100334167480469
; 6986; 16.150333404541016
; 6996; 16.200332641601563
; 7006; 16.250331878662109
; 7017; 16.300331115722656
; 7029; 16.350330352783203
; 7038; 16.40032958984375
; 7049; 16.450328826904297
; 7058; 16.500328063964844
; 7068; 16.550327301025391
; 7078; 16.600326538085938
; 7088; 16.650325775146484
; 7099; 16.700325012207031
; 7111; 16.750324249267578
; 7122; 16.800323486328125
; 7132; 16.850322723388672
; 7142; 16.900321960449219
; 7154; 16.950321197509766
; 7165; 17.000320434570313
; 7175; 17.050319671630859
; 7185; 17.100318908691406
; 7196; 17.150318145751953
; 7206; 17.2003173828125
; 7216; 17.250316619873047
; 7227; 17.300315856933594
; 7237; 17.350315093994141
; 7247; 17.400314331054688
; 7259; 17.450313568115234
; 7271; 17.500312805175781
; 7282; 17.550312042236328
; 7292; 17.600311279296875
; 7302; 17.650310516357422
; 7312; 17.700309753417969
; 7321; 17.750308990478516
; 7333; 17.800308227539063
; 7343; 17.850307464599609
; 7354; 17.900306701660156
; 7365; 17.950305938720703
; 7377; 18.00030517578125
; 7386; 18.050304412841797
; 7398; 18.100303649902344
; 7408; 18.150302886962891
; 7418; 18.200302124023438
; 7429; 18.250301361083984
; 7438; 18.300300598144531
; 7449; 18.350299835205078
; 7460; 18.400299072265625
; 7470; 18.450298309326172
; 7480; 18.500297546386719
; 7490; 18.550296783447266
; 7501; 18.600296020507813
; 7511; 18.650295257568359
; 7520; 18.700294494628906
; 7530; 18.750293731689453
; 7542; 18.80029296875
; 7553; 18.850292205810547
; 7564; 18.900291442871094
; 7575; 18.950290679931641
; 7586; 19.000289916992188
; 7595; 19.050289154052734
; 7606; 19.100288391113281
; 7616; 19.150287628173828
; 7627; 19.200286865234375
; 7637; 19.250286102294922
; 7648; 19.300285339355469
; 7660; 19.350284576416016
; 7669; 19.400283813476563
; 7681; 19.450283050537109
; 7693; 19.500282287597656
; 7704; 19.550281524658203
; 7715; 19.60028076171875
; 7726; 19.650279998779297
; 7736; 19.700279235839844
; 7748; 19.750278472900391
; 7757; 19.800277709960938
; 7767; 19.850276947021484
; 7779; 19.900276184082031
; 7790; 19.950275421142578
; 7800; 20.000274658203125
; 7811; 20.050273895263672
; 7823; 20.100273132324219
; 7834; 20.150272369384766
; 7844; 20.200271606445313
; 7854; 20.250270843505859
; 7864; 20.300270080566406
; 7874; 20.350269317626953
; 7884; 20.4002685546875
; 7895; 20.450267791748047
; 7904; 20.500267028808594
; 7915; 20.550266265869141
; 7927; 20.600265502929688
; 7938; 20.650264739990234
; 7948; 20.700263977050781
; 7958; 20.750263214111328
; 7969; 20.800262451171875
; 7981; 20.850261688232422
; 7991; 20.900260925292969
; 8001; 20.950260162353516
; 8011; 21.000259399414063
; 8021; 21.050258636474609
; 8031; 21.100257873535156
; 8040; 21.150257110595703
; 8050; 21.20025634765625
; 8060; 21.250255584716797
; 8070; 21.300254821777344
; 8082; 21.350254058837891
; 8092; 21.400253295898438
; 8102; 21.450252532958984
; 8113; 21.500251770019531
; 8124; 21.550251007080078
; 8134; 21.600250244140625
; 8145; 21.650249481201172
; 8156; 21.700248718261719
; 8167; 21.750247955322266
; 8177; 21.800247192382813
; 8187; 21.850246429443359
; 8199; 21.900245666503906
; 8209; 21.950244903564453
; 8220; 22.000244140625
; 8231; 22.050243377685547
; 8243; 22.100242614746094
; 8253; 22.150241851806641
; 8264; 22.200241088867188
; 8274; 22.250240325927734
; 8284; 22.300239562988281
; 8294; 22.350238800048828
; 8305; 22.400238037109375
; 8315; 22.450237274169922
; 8327; 22.500236511230469
; 8337; 22.550235748291016
; 8347; 22.600234985351563
; 8358; 22.650234222412109
; 8370; 22.700233459472656
; 8381; 22.750232696533203
; 8392; 22.80023193359375
; 8404; 22.850231170654297
; 8414; 22.900230407714844
; 8425; 22.950229644775391
; 8437; 23.000228881835938
; 8448; 23.050228118896484
; 8457; 23.100227355957031
; 8467; 23.150226593017578
; 8477; 23.200225830078125
; 8488; 23.250225067138672
; 8498; 23.300224304199219
; 8509; 23.350223541259766
; 8521; 23.400222778320313
; 8531; 23.450222015380859
; 8542; 23.500221252441406
; 8552; 23.550220489501953
; 8561; 23.6002197265625
; 8572; 23.650218963623047
; 8582; 23.700218200683594
; 8592; 23.750217437744141
; 8602; 23.800216674804688
; 8611; 23.850215911865234
; 8621; 23.900215148925781
; 8632; 23.950214385986328
; 8644; 24.000213623046875
; 8655; 24.050212860107422
; 8666; 24.100212097167969
; 8676; 24.150211334228516
; 8688; 24.200210571289063
; 8698; 24.250209808349609
; 8708; 24.300209045410156
; 8718; 24.350208282470703
; 8728; 24.40020751953125
; 8738; 24.450206756591797
; 8748; 24.500205993652344
; 8758; 24.550205230712891
; 8769; 24.600204467773438
; 8781; 24.650203704833984
; 8791; 24.700202941894531
; 8800; 24.750202178955078
; 8810; 24.800201416015625
; 8820; 24.850200653076172
; 8830; 24.900199890136719
; 8839; 24.950199127197266
; 8849; 25.000198364257813
; 8859; 25.050197601318359
; 8871; 25.100196838378906
; 8882; 25.150196075439453
; 8892; 25.2001953125
; 8902; 25.250194549560547
; 8914; 25.300193786621094
; 8923; 25.350193023681641
; 8933; 25.400192260742188
; 8943; 25.450191497802734
; 8953; 25.500190734863281
; 8964; 25.550189971923828
; 8975; 25.600189208984375
; 8987; 25.650188446044922
; 8996; 25.700187683105469
; 9007; 25.750186920166016
; 9018; 25.800186157226563
; 9029; 25.850185394287109
; 9040; 25.900184631347656
; 9051; 25.950183868408203
; 9061; 26.00018310546875
; 9072; 26.050182342529297
; 9082; 26.100181579589844
; 9092; 26.150180816650391
; 9102; 26.200180053710938
; 9113; 26.250179290771484
; 9125; 26.300178527832031
; 9135; 26.350177764892578
; 9145; 26.400177001953125
; 9157; 26.450176239013672
; 9167; 26.500175476074219
; 9177; 26.550174713134766
; 9186; 26.600173950195313
; 9198; 26.650173187255859
; 9208; 26.700172424316406
; 9219; 26.750171661376953
; 9230; 26.8001708984375
; 9241; 26.850170135498047
; 9252; 26.900169372558594
; 9262; 26.950168609619141
; 9272; 27.000167846679688
; 9282; 27.050167083740234
; 9293; 27.100166320800781
; 9303; 27.150165557861328
; 9314; 27.200164794921875
; 9324; 27.250164031982422
; 9335; 27.300163269042969
; 9348; 27.350162506103516
; 9357; 27.400161743164063
; 9367; 27.450160980224609
; 9377; 27.500160217285156
; 9388; 27.550159454345703
; 9397; 27.60015869140625
; 9407; 27.650157928466797
; 9419; 27.700157165527344
; 9429; 27.750156402587891
; 9438; 27.800155639648438
; 9450; 27.850154876708984
; 9462; 27.900154113769531
; 9474; 27.950153350830078
; 9484; 28.000152587890625
; 9494; 28.050151824951172
; 9503; 28.100151062011719
; 9513; 28.150150299072266
; 9525; 28.200149536132813
; 9536; 28.250148773193359
; 9546; 28.300148010253906
; 9556; 28.350147247314453
; 9566; 28.400146484375
; 9578; 28.450145721435547
; 9589; 28.500144958496094
; 9599; 28.550144195556641
; 9609; 28.600143432617188
; 9621; 28.650142669677734
; 9631; 28.700141906738281
; 9641; 28.750141143798828
; 9652; 28.800140380859375
; 9662; 28.850139617919922
; 9674; 28.900138854980469
; 9684; 28.950138092041016
; 9693; 29.000137329101563
; 9705; 29.050136566162109
; 9715; 29.100135803222656
; 9725; 29.150135040283203
; 9734; 29.20013427734375
; 9746; 29.250133514404297
; 9757; 29.300132751464844
; 9767; 29.350131988525391
; 9779; 29.400131225585938
; 9790; 29.450130462646484
; 9802; 29.500129699707031
; 9814; 29.550128936767578
; 9825; 29.600128173828125
; 9835; 29.650127410888672
; 9845; 29.700126647949219
; 9856; 29.750125885009766
; 9868; 29.800125122070313
; 9878; 29.850124359130859
; 9888; 29.900123596191406
; 9899; 29.950122833251953
; 9911; 30.0001220703125
; 9923; 30.050121307373047
; 9933; 30.100120544433594
; 9943; 30.150119781494141
; 9954; 30.200119018554688
; 9964; 30.250118255615234
; 9976; 30.300117492675781
; 9986; 30.350116729736328
; 9995; 30.400115966796875
; 10007; 30.450115203857422
; 10017; 30.500114440917969
; 10028; 30.550113677978516
; 10039; 30.600112915039063
; 10050; 30.650112152099609
; 10060; 30.700111389160156
; 10072; 30.750110626220703
; 10082; 30.80010986328125
; 10092; 30.850109100341797
; 10101; 30.900108337402344
; 10113; 30.950107574462891
; 10125; 31.000106811523438
; 10134; 31.050106048583984
; 10146; 31.100105285644531
; 10158; 31.150104522705078
; 10167; 31.200103759765625
; 10179; 31.250102996826172
; 10189; 31.300102233886719
; 10199; 31.350101470947266
; 10208; 31.400100708007813
; 10219; 31.450099945068359
; 10229; 31.500099182128906
; 10241; 31.550098419189453
; 10251; 31.60009765625
; 10261; 31.650096893310547
; 10270; 31.700096130371094
; 10281; 31.750095367431641
; 10293; 31.800094604492188
; 10304; 31.850093841552734
; 10316; 31.900093078613281
; 10326; 31.950092315673828
; 10336; 32.000091552734375
; 10345; 32.050090789794922
; 10356; 32.100090026855469
; 10366; 32.150089263916016
; 10378; 32.200088500976563
; 10390; 32.250087738037109
; 10399; 32.300086975097656
; 10411; 32.3500862121582
; 10422; 32.40008544921875
; 10432; 32.4500846862793
; 10441; 32.500083923339844
; 10453; 32.550083160400391
; 10463; 32.600082397460938
; 10473; 32.650081634521484
; 10483; 32.700080871582031
; 10494; 32.750080108642578
; 10504; 32.800079345703125
; 10516; 32.850078582763672
; 10527; 32.900077819824219
; 10537; 32.950077056884766
; 10549; 33.000076293945313
; 10561; 33.050075531005859
; 10570; 33.100074768066406
; 10580; 33.150074005126953
; 10592; 33.2000732421875
; 10603; 33.250072479248047
; 10614; 33.300071716308594
; 10625; 33.350070953369141
; 10637; 33.400070190429688
; 10647; 33.450069427490234
; 10657; 33.500068664550781
; 10666; 33.550067901611328
; 10677; 33.600067138671875
; 10688; 33.650066375732422
; 10698; 33.700065612792969
; 10710; 33.750064849853516
; 10720; 33.800064086914063
; 10731; 33.850063323974609
; 10741; 33.900062561035156
; 10753; 33.9500617980957
; 10765; 34.00006103515625
; 10776; 34.0500602722168
; 10788; 34.100059509277344
; 10798; 34.150058746337891
; 10810; 34.200057983398438
; 10821; 34.250057220458984
; 10831; 34.300056457519531
; 10842; 34.350055694580078
; 10852; 34.400054931640625
; 10864; 34.450054168701172
; 10873; 34.500053405761719
; 10883; 34.550052642822266
; 10893; 34.600051879882813
; 10905; 34.650051116943359
; 10914; 34.700050354003906
; 10926; 34.750049591064453
; 10938; 34.800048828125
; 10950; 34.850048065185547
; 10961; 34.900047302246094
; 10972; 34.950046539306641
; 10982; 35.000045776367188
10.Variable; PLC_PRG.target_level
10.Address.AddrFlags; 0x00000000
10.Class; 14
10.Size; 4
10.GraphColor; 4286611584
10.GraphType; 1
10.MinWarningColor; 4278190080
10.MaxWarningColor; 4294901760
10.CriticalLowerLimit; 0
10.CriticalUpperLimit; 0
10.ActivateMinWarning; 0
10.ActivateMaxWarning; 0
10.YAxis; 0
10.Data; 
; 2; 55
; 12; 55
; 22; 55
; 33; 55
; 42; 55
; 52; 55
; 62; 55
; 74; 55
; 83; 55
; 95; 55
; 106; 55
; 115; 55
; 127; 55
; 137; 55
; 147; 55
; 157; 55
; 169; 55
; 179; 55
; 191; 55
; 202; 55
; 212; 55
; 224; 55
; 233; 55
; 243; 55
; 255; 55
; 265; 55
; 274; 55
; 286; 55
; 296; 55
; 306; 55
; 318; 55
; 328; 55
; 340; 55
; 349; 55
; 360; 55
; 370; 55
; 380; 55
; 390; 55
; 400; 55
; 411; 55
; 421; 55
; 431; 55
; 441; 55
; 451; 55
; 461; 55
; 473; 55
; 485; 55
; 494; 55
; 506; 55
; 517; 55
; 527; 55
; 538; 55
; 548; 55
; 559; 55
; 570; 55
; 580; 55
; 592; 55
; 602; 55
; 612; 55
; 623; 55
; 634; 55
; 644; 55
; 655; 55
; 665; 55
; 675; 55
; 685; 55
; 695; 55
; 707; 55
; 716; 55
; 726; 55
; 736; 55
; 746; 55
; 756; 55
; 766; 55
; 778; 55
; 787; 55
; 797; 55
; 807; 55
; 817; 55
; 827; 55
; 838; 55
; 848; 55
; 858; 55
; 870; 55
; 879; 55
; 890; 55
; 901; 55
; 911; 55
; 921; 55
; 932; 55
; 943; 55
; 953; 55
; 964; 55
; 975; 55
; 987; 55
; 996; 55
; 1007; 55
; 1019; 55
; 1029; 55
; 1039; 55
; 1049; 55
; 1059; 55
; 1069; 55
; 1079; 55
; 1090; 55
; 1102; 55
; 1113; 55
; 1123; 55
; 1133; 55
; 1145; 55
; 1156; 55
; 1167; 55
; 1177; 55
; 1189; 55
; 1199; 55
; 1210; 55
; 1221; 55
; 1231; 55
; 1241; 55
; 1252; 55
; 1262; 55
; 1273; 55
; 1284; 55
; 1296; 55
; 1307; 55
; 1317; 55
; 1328; 55
; 1339; 55
; 1349; 55
; 1359; 55
; 1368; 55
; 1378; 55
; 1389; 55
; 1401; 55
; 1410; 55
; 1420; 55
; 1430; 55
; 1442; 55
; 1453; 55
; 1463; 55
; 1473; 55
; 1483; 55
; 1493; 55
; 1503; 55
; 1514; 55
; 1525; 55
; 1535; 55
; 1546; 55
; 1557; 55
; 1566; 55
; 1576; 55
; 1588; 55
; 1598; 55
; 1607; 55
; 1619; 55
; 1629; 55
; 1639; 55
; 1649; 55
; 1659; 55
; 1669; 55
; 1681; 55
; 1691; 55
; 1703; 55
; 1712; 55
; 1724; 55
; 1735; 55
; 1746; 55
; 1758; 55
; 1767; 55
; 1777; 55
; 1787; 55
; 1799; 55
; 1810; 55
; 1821; 55
; 1832; 55
; 1842; 55
; 1854; 55
; 1864; 55
; 1876; 55
; 1887; 55
; 1899; 55
; 1909; 55
; 1919; 55
; 1930; 55
; 1941; 55
; 1951; 55
; 1960; 55
; 1970; 55
; 1980; 55
; 1990; 55
; 2002; 55
; 2012; 55
; 2021; 55
; 2031; 55
; 2042; 55
; 2053; 55
; 2065; 55
; 2074; 55
; 2084; 55
; 2094; 55
; 2106; 55
; 2117; 55
; 2127; 55
; 2137; 55
; 2147; 55
; 2156; 55
; 2166; 55
; 2178; 55
; 2189; 55
; 2201; 55
; 2211; 55
; 2220; 55
; 2231; 55
; 2241; 55
; 2251; 55
; 2262; 55
; 2272; 55
; 2283; 55
; 2293; 55
; 2303; 55
; 2313; 55
; 2323; 55
; 2334; 55
; 2344; 55
; 2354; 55
; 2366; 55
; 2376; 55
; 2387; 55
; 2398; 55
; 2409; 55
; 2418; 55
; 2428; 55
; 2439; 55
; 2448; 55
; 2459; 55
; 2468; 55
; 2478; 55
; 2488; 55
; 2500; 55
; 2509; 55
; 2519; 55
; 2529; 55
; 2541; 55
; 2550; 55
; 2560; 55
; 2572; 55
; 2582; 55
; 2593; 55
; 2605; 55
; 2616; 55
; 2626; 55
; 2636; 55
; 2647; 55
; 2658; 55
; 2668; 55
; 2680; 55
; 2690; 55
; 2700; 55
; 2710; 55
; 2722; 55
; 2732; 55
; 2743; 55
; 2755; 55
; 2764; 55
; 2774; 55
; 2784; 55
; 2794; 55
; 2804; 55
; 2815; 55
; 2824; 55
; 2836; 55
; 2846; 55
; 2857; 55
; 2867; 55
; 2877; 55
; 2888; 55
; 2898; 55
; 2907; 55
; 2919; 55
; 2928; 55
; 2938; 55
; 2948; 55
; 2959; 55
; 2969; 55
; 2980; 55
; 2991; 55
; 3001; 55
; 3012; 55
; 3024; 55
; 3035; 55
; 3046; 55
; 3056; 55
; 3068; 55
; 3078; 55
; 3088; 55
; 3097; 55
; 3108; 55
; 3118; 55
; 3130; 55
; 3140; 55
; 3149; 55
; 3161; 55
; 3171; 55
; 3181; 55
; 3190; 55
; 3200; 55
; 3212; 55
; 3224; 55
; 3235; 55
; 3245; 55
; 3255; 55
; 3266; 55
; 3276; 55
; 3287; 55
; 3298; 55
; 3309; 55
; 3319; 55
; 3329; 55
; 3339; 55
; 3349; 55
; 3359; 55
; 3370; 55
; 3380; 55
; 3390; 55
; 3400; 55
; 3411; 55
; 3422; 55
; 3433; 55
; 3444; 55
; 3453; 55
; 3463; 55
; 3473; 55
; 3484; 55
; 3494; 55
; 3505; 55
; 3516; 55
; 3526; 55
; 3536; 55
; 3546; 55
; 3558; 55
; 3569; 55
; 3579; 55
; 3589; 55
; 3599; 55
; 3610; 55
; 3622; 55
; 3632; 55
; 3642; 55
; 3651; 55
; 3663; 55
; 3673; 55
; 3683; 55
; 3694; 55
; 3703; 55
; 3715; 55
; 3726; 55
; 3736; 55
; 3746; 55
; 3757; 55
; 3768; 55
; 3778; 55
; 3789; 55
; 3799; 55
; 3808; 55
; 3820; 55
; 3830; 55
; 3840; 55
; 3852; 55
; 3862; 55
; 3872; 55
; 3882; 55
; 3894; 55
; 3904; 55
; 3914; 55
; 3925; 55
; 3935; 55
; 3946; 55
; 3956; 55
; 3966; 55
; 3978; 55
; 3987; 55
; 3998; 55
; 4009; 55
; 4020; 55
; 4032; 55
; 4041; 55
; 4051; 55
; 4061; 55
; 4073; 55
; 4082; 55
; 4092; 55
; 4102; 55
; 4112; 55
; 4122; 55
; 4132; 55
; 4142; 55
; 4152; 55
; 4162; 55
; 4172; 55
; 4182; 55
; 4194; 55
; 4203; 55
; 4215; 55
; 4225; 55
; 4235; 55
; 4246; 55
; 4256; 55
; 4266; 55
; 4276; 55
; 4287; 55
; 4297; 55
; 4308; 55
; 4318; 55
; 4328; 55
; 4337; 55
; 4349; 55
; 4358; 55
; 4368; 55
; 4379; 55
; 4391; 55
; 4400; 55
; 4410; 55
; 4420; 55
; 4431; 55
; 4442; 55
; 4454; 55
; 4465; 55
; 4475; 55
; 4487; 55
; 4496; 55
; 4507; 55
; 4517; 55
; 4527; 55
; 4537; 55
; 4548; 55
; 4560; 55
; 4570; 55
; 4581; 55
; 4593; 55
; 4603; 55
; 4614; 55
; 4625; 55
; 4637; 55
; 4648; 55
; 4660; 55
; 4671; 55
; 4681; 55
; 4691; 55
; 4703; 55
; 4713; 55
; 4724; 55
; 4734; 55
; 4745; 55
; 4754; 55
; 4766; 55
; 4778; 55
; 4789; 55
; 4799; 55
; 4811; 55
; 4821; 55
; 4831; 55
; 4841; 55
; 4851; 55
; 4862; 55
; 4872; 55
; 4882; 55
; 4892; 55
; 4902; 55
; 4912; 55
; 4923; 55
; 4933; 55
; 4943; 55
; 4953; 55
; 4964; 55
; 4975; 55
; 4985; 55
; 4995; 55
; 5006; 55
; 5016; 55
; 5027; 55
; 5039; 55
; 5050; 55
; 5061; 55
; 5071; 55
; 5082; 55
; 5093; 55
; 5103; 55
; 5112; 55
; 5124; 55
; 5135; 55
; 5146; 55
; 5156; 55
; 5168; 55
; 5179; 55
; 5191; 55
; 5201; 55
; 5213; 55
; 5224; 55
; 5235; 55
; 5247; 55
; 5258; 55
; 5269; 55
; 5280; 55
; 5291; 55
; 5301; 55
; 5311; 55
; 5322; 55
; 5332; 55
; 5344; 55
; 5353; 55
; 5364; 55
; 5373; 55
; 5383; 55
; 5395; 55
; 5405; 55
; 5415; 55
; 5425; 55
; 5435; 55
; 5445; 55
; 5457; 55
; 5467; 55
; 5478; 55
; 5489; 55
; 5500; 55
; 5510; 55
; 5522; 55
; 5532; 55
; 5544; 55
; 5554; 55
; 5565; 55
; 5575; 55
; 5586; 55
; 5597; 55
; 5607; 55
; 5617; 55
; 5628; 55
; 5639; 55
; 5650; 55
; 5660; 55
; 5670; 55
; 5680; 55
; 5691; 55
; 5702; 55
; 5713; 55
; 5724; 55
; 5735; 55
; 5746; 55
; 5757; 55
; 5768; 55
; 5779; 55
; 5789; 55
; 5799; 55
; 5810; 55
; 5821; 55
; 5833; 55
; 5845; 55
; 5856; 55
; 5866; 55
; 5877; 55
; 5887; 55
; 5899; 55
; 5909; 55
; 5918; 55
; 5929; 55
; 5939; 55
; 5949; 55
; 5959; 55
; 5969; 55
; 5979; 55
; 5989; 55
; 6000; 55
; 6011; 55
; 6022; 55
; 6032; 55
; 6042; 55
; 6053; 55
; 6062; 55
; 6072; 55
; 6082; 55
; 6094; 55
; 6103; 55
; 6113; 55
; 6125; 55
; 6135; 55
; 6144; 55
; 6154; 55
; 6164; 55
; 6174; 55
; 6186; 55
; 6196; 55
; 6207; 55
; 6219; 55
; 6230; 55
; 6240; 55
; 6251; 55
; 6263; 55
; 6275; 55
; 6285; 55
; 6296; 55
; 6308; 55
; 6318; 55
; 6328; 55
; 6337; 55
; 6348; 55
; 6359; 55
; 6371; 55
; 6383; 55
; 6393; 55
; 6404; 55
; 6414; 55
; 6426; 55
; 6436; 55
; 6446; 55
; 6456; 55
; 6467; 55
; 6479; 55
; 6490; 55
; 6501; 55
; 6512; 55
; 6523; 55
; 6534; 55
; 6544; 55
; 6554; 55
; 6564; 55
; 6575; 55
; 6584; 55
; 6596; 55
; 6608; 55
; 6618; 55
; 6629; 55
; 6640; 55
; 6650; 55
; 6661; 55
; 6671; 55
; 6682; 55
; 6692; 55
; 6701; 55
; 6711; 55
; 6721; 55
; 6731; 55
; 6743; 55
; 6753; 55
; 6762; 55
; 6774; 55
; 6784; 55
; 6796; 55
; 6806; 55
; 6817; 55
; 6827; 55
; 6839; 55
; 6850; 55
; 6860; 55
; 6872; 55
; 6882; 55
; 6892; 55
; 6904; 55
; 6914; 55
; 6924; 55
; 6934; 55
; 6944; 55
; 6955; 55
; 6966; 55
; 6976; 55
; 6986; 55
; 6996; 55
; 7006; 55
; 7017; 55
; 7029; 55
; 7038; 55
; 7049; 55
; 7058; 55
; 7068; 55
; 7078; 55
; 7088; 55
; 7099; 55
; 7111; 55
; 7122; 55
; 7132; 55
; 7142; 55
; 7154; 55
; 7165; 55
; 7175; 55
; 7185; 55
; 7196; 55
; 7206; 55
; 7216; 55
; 7227; 55
; 7237; 55
; 7247; 55
; 7259; 55
; 7271; 55
; 7282; 55
; 7292; 55
; 7302; 55
; 7312; 55
; 7321; 55
; 7333; 55
; 7343; 55
; 7354; 55
; 7365; 55
; 7377; 55
; 7386; 55
; 7398; 55
; 7408; 55
; 7418; 55
; 7429; 55
; 7438; 55
; 7449; 55
; 7460; 55
; 7470; 55
; 7480; 55
; 7490; 55
; 7501; 55
; 7511; 55
; 7520; 55
; 7530; 55
; 7542; 55
; 7553; 55
; 7564; 55
; 7575; 55
; 7586; 55
; 7595; 55
; 7606; 55
; 7616; 55
; 7627; 55
; 7637; 55
; 7648; 55
; 7660; 55
; 7669; 55
; 7681; 55
; 7693; 55
; 7704; 55
; 7715; 55
; 7726; 55
; 7736; 55
; 7748; 55
; 7757; 55
; 7767; 55
; 7779; 55
; 7790; 55
; 7800; 55
; 7811; 55
; 7823; 55
; 7834; 55
; 7844; 55
; 7854; 55
; 7864; 55
; 7874; 55
; 7884; 55
; 7895; 55
; 7904; 55
; 7915; 55
; 7927; 55
; 7938; 55
; 7948; 55
; 7958; 55
; 7969; 55
; 7981; 55
; 7991; 55
; 8001; 55
; 8011; 55
; 8021; 55
; 8031; 55
; 8040; 55
; 8050; 55
; 8060; 55
; 8070; 55
; 8082; 55
; 8092; 55
; 8102; 55
; 8113; 55
; 8124; 55
; 8134; 55
; 8145; 55
; 8156; 55
; 8167; 55
; 8177; 55
; 8187; 55
; 8199; 55
; 8209; 55
; 8220; 55
; 8231; 55
; 8243; 55
; 8253; 55
; 8264; 55
; 8274; 55
; 8284; 55
; 8294; 55
; 8305; 55
; 8315; 55
; 8327; 55
; 8337; 55
; 8347; 55
; 8358; 55
; 8370; 55
; 8381; 55
; 8392; 55
; 8404; 55
; 8414; 55
; 8425; 55
; 8437; 55
; 8448; 55
; 8457; 55
; 8467; 55
; 8477; 55
; 8488; 55
; 8498; 55
; 8509; 55
; 8521; 55
; 8531; 55
; 8542; 55
; 8552; 55
; 8561; 55
; 8572; 55
; 8582; 55
; 8592; 55
; 8602; 55
; 8611; 55
; 8621; 55
; 8632; 55
; 8644; 55
; 8655; 55
; 8666; 55
; 8676; 55
; 8688; 55
; 8698; 55
; 8708; 55
; 8718; 55
; 8728; 55
; 8738; 55
; 8748; 55
; 8758; 55
; 8769; 55
; 8781; 55
; 8791; 55
; 8800; 55
; 8810; 55
; 8820; 55
; 8830; 55
; 8839; 55
; 8849; 55
; 8859; 55
; 8871; 55
; 8882; 55
; 8892; 55
; 8902; 55
; 8914; 55
; 8923; 55
; 8933; 55
; 8943; 55
; 8953; 55
; 8964; 55
; 8975; 55
; 8987; 55
; 8996; 55
; 9007; 55
; 9018; 55
; 9029; 55
; 9040; 55
; 9051; 55
; 9061; 55
; 9072; 55
; 9082; 55
; 9092; 55
; 9102; 55
; 9113; 55
; 9125; 55
; 9135; 55
; 9145; 55
; 9157; 55
; 9167; 55
; 9177; 55
; 9186; 55
; 9198; 55
; 9208; 55
; 9219; 55
; 9230; 55
; 9241; 55
; 9252; 55
; 9262; 55
; 9272; 55
; 9282; 55
; 9293; 55
; 9303; 55
; 9314; 55
; 9324; 55
; 9335; 55
; 9348; 55
; 9357; 55
; 9367; 55
; 9377; 55
; 9388; 55
; 9397; 55
; 9407; 55
; 9419; 55
; 9429; 55
; 9438; 55
; 9450; 55
; 9462; 55
; 9474; 55
; 9484; 55
; 9494; 55
; 9503; 55
; 9513; 55
; 9525; 55
; 9536; 55
; 9546; 55
; 9556; 55
; 9566; 55
; 9578; 55
; 9589; 55
; 9599; 55
; 9609; 55
; 9621; 55
; 9631; 55
; 9641; 55
; 9652; 55
; 9662; 55
; 9674; 55
; 9684; 55
; 9693; 55
; 9705; 55
; 9715; 55
; 9725; 55
; 9734; 55
; 9746; 55
; 9757; 55
; 9767; 55
; 9779; 55
; 9790; 55
; 9802; 55
; 9814; 55
; 9825; 55
; 9835; 55
; 9845; 55
; 9856; 55
; 9868; 55
; 9878; 55
; 9888; 55
; 9899; 55
; 9911; 55
; 9923; 55
; 9933; 55
; 9943; 55
; 9954; 55
; 9964; 55
; 9976; 55
; 9986; 55
; 9995; 55
; 10007; 55
; 10017; 55
; 10028; 55
; 10039; 55
; 10050; 55
; 10060; 55
; 10072; 55
; 10082; 55
; 10092; 55
; 10101; 55
; 10113; 55
; 10125; 55
; 10134; 55
; 10146; 55
; 10158; 55
; 10167; 55
; 10179; 55
; 10189; 55
; 10199; 55
; 10208; 55
; 10219; 55
; 10229; 55
; 10241; 55
; 10251; 55
; 10261; 55
; 10270; 55
; 10281; 55
; 10293; 55
; 10304; 55
; 10316; 55
; 10326; 55
; 10336; 55
; 10345; 55
; 10356; 55
; 10366; 55
; 10378; 55
; 10390; 55
; 10399; 55
; 10411; 55
; 10422; 55
; 10432; 55
; 10441; 55
; 10453; 55
; 10463; 55
; 10473; 55
; 10483; 55
; 10494; 55
; 10504; 55
; 10516; 55
; 10527; 55
; 10537; 55
; 10549; 55
; 10561; 55
; 10570; 55
; 10580; 55
; 10592; 55
; 10603; 55
; 10614; 55
; 10625; 55
; 10637; 55
; 10647; 55
; 10657; 55
; 10666; 55
; 10677; 55
; 10688; 55
; 10698; 55
; 10710; 55
; 10720; 55
; 10731; 55
; 10741; 55
; 10753; 55
; 10765; 55
; 10776; 55
; 10788; 55
; 10798; 55
; 10810; 55
; 10821; 55
; 10831; 55
; 10842; 55
; 10852; 55
; 10864; 55
; 10873; 55
; 10883; 55
; 10893; 55
; 10905; 55
; 10914; 55
; 10926; 55
; 10938; 55
; 10950; 55
; 10961; 55
; 10972; 55
; 10982; 55
