[key]; [value]
Version; 0x03050000
Name; Application.Trace
ApplicationName; Application
ApplicationDataGuid; 00000000-0000-0000-0000-000000000000
IecTaskName; MainTask
Comment; 
Trigger.Flags; 0
Condition.Name; 
Condition.AddrFlags; 0x00000000
Condition.Class; 0
Condition.Size; 0
EveryNCycles; 1
BufferEntries; 1000
Flags; 16
0.Variable; PLC_PRG.air_flow
0.Address.AddrFlags; 0x00000000
0.Class; 14
0.Size; 4
0.GraphColor; 4292519200
0.GraphType; 1
0.MinWarningColor; 4278190080
0.MaxWarningColor; 4294901760
0.CriticalLowerLimit; 0
0.CriticalUpperLimit; 0
0.ActivateMinWarning; 0
0.ActivateMaxWarning; 0
0.YAxis; 0
0.Data; 
; 51; 30
; 102; 30
; 152; 30
; 203; 30
; 254; 30
; 304; 30
; 355; 30
; 406; 30
; 456; 30
; 507; 30
; 558; 30
; 608; 30
; 658; 30
; 709; 30
; 760; 30
; 811; 30
; 861; 30
; 912; 30
; 963; 30
; 1013; 30
; 1064; 30
; 1116; 30
; 1166; 30
; 1217; 30
; 1267; 30
; 1318; 30
; 1369; 30
; 1419; 30
; 1470; 30
; 1520; 30
; 1571; 30
; 1622; 30
; 1672; 30
; 1722; 30
; 1774; 30
; 1823; 30
; 1875; 30
; 1926; 30
; 1977; 30
; 2027; 30.020000457763672
; 2078; 30.040000915527344
; 2129; 30.060001373291016
; 2180; 30.080001831054688
; 2230; 30.100002288818359
; 2280; 30.120002746582031
; 2331; 30.140003204345703
; 2382; 30.160003662109375
; 2433; 30.180004119873047
; 2484; 30.200004577636719
; 2534; 30.220005035400391
; 2584; 30.240005493164063
; 2635; 30.260005950927734
; 2686; 30.280006408691406
; 2735; 30.300006866455078
; 2787; 30.32000732421875
; 2837; 30.340007781982422
; 2888; 30.360008239746094
; 2940; 30.380008697509766
; 2991; 30.400009155273438
; 3042; 30.420009613037109
; 3091; 30.440010070800781
; 3142; 30.460010528564453
; 3192; 30.480010986328125
; 3244; 30.500011444091797
; 3294; 30.520011901855469
; 3346; 30.540012359619141
; 3397; 30.560012817382813
; 3447; 30.580013275146484
; 3498; 30.600013732910156
; 3548; 30.620014190673828
; 3599; 30.6400146484375
; 3651; 30.660015106201172
; 3701; 30.680015563964844
; 3753; 30.700016021728516
; 3804; 30.720016479492188
; 3855; 30.740016937255859
; 3905; 30.760017395019531
; 3956; 30.780017852783203
; 4006; 30.800018310546875
; 4056; 30.820018768310547
; 4106; 30.840019226074219
; 4158; 30.860019683837891
; 4208; 30.880020141601563
; 4258; 30.900020599365234
; 4309; 30.920021057128906
; 4360; 30.940021514892578
; 4410; 30.96002197265625
; 4460; 30.980022430419922
; 4511; 31.000022888183594
; 4561; 31.020023345947266
; 4611; 31.040023803710938
; 4662; 31.060024261474609
; 4712; 31.080024719238281
; 4762; 31.100025177001953
; 4813; 31.120025634765625
; 4864; 31.140026092529297
; 4914; 31.160026550292969
; 4964; 31.180027008056641
; 5016; 31.200027465820313
; 5066; 31.220027923583984
; 5116; 31.240028381347656
; 5167; 31.260028839111328
; 5218; 31.280029296875
; 5268; 31.300029754638672
; 5318; 31.320030212402344
; 5369; 31.340030670166016
; 5420; 31.360031127929688
; 5470; 31.380031585693359
; 5520; 31.400032043457031
; 5570; 31.420032501220703
; 5621; 31.440032958984375
; 5672; 31.460033416748047
; 5723; 31.480033874511719
; 5774; 31.500034332275391
; 5825; 31.520034790039063
; 5876; 31.540035247802734
; 5927; 31.560035705566406
; 5978; 31.580036163330078
; 6028; 31.60003662109375
; 6079; 31.620037078857422
; 6130; 31.640037536621094
; 6181; 31.660037994384766
; 6232; 31.680038452148438
; 6282; 31.700038909912109
; 6333; 31.720039367675781
; 6384; 31.740039825439453
; 6435; 31.760040283203125
; 6486; 31.780040740966797
; 6537; 31.800041198730469
; 6589; 31.820041656494141
; 6640; 31.840042114257813
; 6690; 31.860042572021484
; 6741; 31.880043029785156
; 6792; 31.900043487548828
; 6843; 31.9200439453125
; 6893; 31.940044403076172
; 6943; 31.960044860839844
; 6993; 31.980045318603516
; 7044; 32.000045776367188
; 7095; 32.020046234130859
; 7146; 32.040046691894531
; 7196; 32.0600471496582
; 7246; 32.080047607421875
; 7297; 32.100048065185547
; 7347; 32.120048522949219
; 7397; 32.140048980712891
; 7448; 32.160049438476563
; 7499; 32.180049896240234
; 7551; 32.200050354003906
; 7601; 32.220050811767578
; 7653; 32.24005126953125
; 7704; 32.260051727294922
; 7755; 32.280052185058594
; 7805; 32.300052642822266
; 7855; 32.320053100585938
; 7905; 32.340053558349609
; 7955; 32.360054016113281
; 8007; 32.380054473876953
; 8057; 32.400054931640625
; 8108; 32.4200553894043
; 8159; 32.440055847167969
; 8210; 32.460056304931641
; 8262; 32.480056762695313
; 8312; 32.500057220458984
; 8363; 32.520057678222656
; 8415; 32.540058135986328
; 8465; 32.56005859375
; 8515; 32.580059051513672
; 8566; 32.600059509277344
; 8616; 32.620059967041016
; 8667; 32.640060424804688
; 8718; 32.660060882568359
; 8769; 32.680061340332031
; 8820; 32.7000617980957
; 8871; 32.720062255859375
; 8921; 32.740062713623047
; 8972; 32.760063171386719
; 9024; 32.780063629150391
; 9075; 32.800064086914063
; 9126; 32.820064544677734
; 9176; 32.840065002441406
; 9227; 32.860065460205078
; 9277; 32.88006591796875
; 9327; 32.900066375732422
; 9377; 32.920066833496094
; 9428; 32.940067291259766
; 9478; 32.960067749023438
; 9529; 32.980068206787109
; 9580; 33.000068664550781
; 9630; 33.020069122314453
; 9681; 33.040069580078125
; 9731; 33.0600700378418
; 9782; 33.080070495605469
; 9833; 33.100070953369141
; 9883; 33.120071411132813
; 9934; 33.140071868896484
; 9984; 33.160072326660156
; 10035; 33.180072784423828
; 10086; 33.2000732421875
; 10137; 33.220073699951172
; 10188; 33.240074157714844
; 10239; 33.260074615478516
; 10290; 33.280075073242188
; 10341; 33.300075531005859
; 10392; 33.320075988769531
; 10443; 33.3400764465332
; 10494; 33.360076904296875
; 10546; 33.380077362060547
; 10596; 33.400077819824219
; 10647; 33.420078277587891
; 10698; 33.440078735351563
; 10749; 33.460079193115234
; 10800; 33.480079650878906
; 10850; 33.500080108642578
; 10901; 33.52008056640625
; 10952; 33.540081024169922
; 11002; 33.560081481933594
; 11053; 33.580081939697266
; 11103; 33.600082397460938
; 11155; 33.620082855224609
; 11205; 33.640083312988281
; 11256; 33.660083770751953
; 11307; 33.680084228515625
; 11358; 33.7000846862793
; 11409; 33.720085144042969
; 11458; 33.740085601806641
; 11509; 33.760086059570313
; 11561; 33.780086517333984
; 11611; 33.800086975097656
; 11662; 33.820087432861328
; 11713; 33.840087890625
; 11763; 33.860088348388672
; 11814; 33.880088806152344
; 11864; 33.900089263916016
; 11914; 33.920089721679688
; 11966; 33.940090179443359
; 12018; 33.960090637207031
; 12068; 33.9800910949707
; 12119; 34.000091552734375
; 12170; 34.020092010498047
; 12220; 34.040092468261719
; 12271; 34.060092926025391
; 12321; 34.080093383789063
; 12372; 34.100093841552734
; 12423; 34.120094299316406
; 12475; 34.140094757080078
; 12526; 34.16009521484375
; 12576; 34.180095672607422
; 12627; 34.200096130371094
; 12678; 34.220096588134766
; 12729; 34.240097045898438
; 12780; 34.260097503662109
; 12829; 34.280097961425781
; 12881; 34.300098419189453
; 12932; 34.320098876953125
; 12983; 34.3400993347168
; 13034; 34.360099792480469
; 13084; 34.380100250244141
; 13135; 34.400100708007813
; 13185; 34.420101165771484
; 13236; 34.440101623535156
; 13287; 34.460102081298828
; 13337; 34.4801025390625
; 13388; 34.500102996826172
; 13439; 34.520103454589844
; 13489; 34.540103912353516
; 13540; 34.560104370117188
; 13590; 34.580104827880859
; 13640; 34.600105285644531
; 13691; 34.6201057434082
; 13742; 34.640106201171875
; 13792; 34.660106658935547
; 13844; 34.680107116699219
; 13894; 34.700107574462891
; 13945; 34.720108032226563
; 13996; 34.740108489990234
; 14047; 34.760108947753906
; 14097; 34.780109405517578
; 14148; 34.80010986328125
; 14198; 34.820110321044922
; 14248; 34.840110778808594
; 14299; 34.860111236572266
; 14350; 34.880111694335938
; 14402; 34.900112152099609
; 14452; 34.920112609863281
; 14503; 34.940113067626953
; 14555; 34.960113525390625
; 14606; 34.9801139831543
; 14656; 35.000114440917969
; 14706; 35.020114898681641
; 14756; 35.040115356445313
; 14807; 35.060115814208984
; 14857; 35.080116271972656
; 14908; 35.100116729736328
; 14960; 35.1201171875
; 15010; 35.140117645263672
; 15061; 35.160118103027344
; 15112; 35.180118560791016
; 15162; 35.200119018554688
; 15213; 35.220119476318359
; 15264; 35.240119934082031
; 15314; 35.2601203918457
; 15366; 35.280120849609375
; 15418; 35.300121307373047
; 15468; 35.320121765136719
; 15518; 35.340122222900391
; 15569; 35.360122680664063
; 15620; 35.380123138427734
; 15670; 35.400123596191406
; 15720; 35.420124053955078
; 15771; 35.44012451171875
; 15821; 35.460124969482422
; 15871; 35.480125427246094
; 15923; 35.500125885009766
; 15973; 35.520126342773438
; 16024; 35.540126800537109
; 16073; 35.560127258300781
; 16124; 35.580127716064453
; 16175; 35.600128173828125
; 16225; 35.6201286315918
; 16276; 35.640129089355469
; 16327; 35.660129547119141
; 16378; 35.680130004882813
; 16429; 35.700130462646484
; 16480; 35.720130920410156
; 16531; 35.740131378173828
; 16581; 35.7601318359375
; 16632; 35.780132293701172
; 16683; 35.800132751464844
; 16733; 35.820133209228516
; 16784; 35.840133666992188
; 16835; 35.860134124755859
; 16885; 35.880134582519531
; 16935; 35.9001350402832
; 16986; 35.920135498046875
; 17036; 35.940135955810547
; 17087; 35.960136413574219
; 17139; 35.980136871337891
; 17189; 36.000137329101563
; 17240; 36.020137786865234
; 17291; 36.040138244628906
; 17341; 36.060138702392578
; 17391; 36.08013916015625
; 17442; 36.100139617919922
; 17493; 36.120140075683594
; 17544; 36.140140533447266
; 17594; 36.160140991210938
; 17645; 36.180141448974609
; 17695; 36.200141906738281
; 17745; 36.220142364501953
; 17797; 36.240142822265625
; 17848; 36.2601432800293
; 17898; 36.280143737792969
; 17949; 36.300144195556641
; 17999; 36.320144653320313
; 18050; 36.340145111083984
; 18100; 36.360145568847656
; 18151; 36.380146026611328
; 18203; 36.400146484375
; 18252; 36.420146942138672
; 18303; 36.440147399902344
; 18353; 36.460147857666016
; 18403; 36.480148315429688
; 18455; 36.500148773193359
; 18505; 36.520149230957031
; 18556; 36.5401496887207
; 18608; 36.560150146484375
; 18659; 36.580150604248047
; 18709; 36.600151062011719
; 18760; 36.620151519775391
; 18810; 36.640151977539063
; 18861; 36.660152435302734
; 18912; 36.680152893066406
; 18963; 36.700153350830078
; 19013; 36.72015380859375
; 19064; 36.740154266357422
; 19114; 36.760154724121094
; 19164; 36.780155181884766
; 19213; 36.800155639648438
; 19264; 36.820156097412109
; 19314; 36.840156555175781
; 19365; 36.860157012939453
; 19416; 36.880157470703125
; 19467; 36.9001579284668
; 19517; 36.920158386230469
; 19568; 36.940158843994141
; 19617; 36.960159301757813
; 19668; 36.980159759521484
; 19719; 37.000160217285156
; 19771; 37.020160675048828
; 19821; 37.0401611328125
; 19871; 37.060161590576172
; 19922; 37.080162048339844
; 19974; 37.100162506103516
; 20025; 37.120162963867188
; 20076; 37.140163421630859
; 20127; 37.160163879394531
; 20179; 37.1801643371582
; 20229; 37.200164794921875
; 20280; 37.220165252685547
; 20331; 37.240165710449219
; 20382; 37.260166168212891
; 20433; 37.280166625976563
; 20483; 37.300167083740234
; 20534; 37.320167541503906
; 20585; 37.340167999267578
; 20635; 37.36016845703125
; 20686; 37.380168914794922
; 20736; 37.400169372558594
; 20786; 37.420169830322266
; 20837; 37.440170288085938
; 20887; 37.460170745849609
; 20939; 37.480171203613281
; 20989; 37.500171661376953
; 21039; 37.520172119140625
; 21090; 37.5401725769043
; 21141; 37.560173034667969
; 21192; 37.580173492431641
; 21243; 37.600173950195313
; 21293; 37.620174407958984
; 21343; 37.640174865722656
; 21394; 37.660175323486328
; 21445; 37.68017578125
; 21496; 37.700176239013672
; 21547; 37.720176696777344
; 21597; 37.740177154541016
; 21647; 37.760177612304688
; 21698; 37.780178070068359
; 21748; 37.800178527832031
; 21799; 37.8201789855957
; 21850; 37.840179443359375
; 21901; 37.860179901123047
; 21951; 37.880180358886719
; 22002; 37.900180816650391
; 22054; 37.920181274414063
; 22105; 37.940181732177734
; 22156; 37.960182189941406
; 22206; 37.980182647705078
; 22256; 38.00018310546875
; 22306; 38.020183563232422
; 22357; 38.040184020996094
; 22408; 38.060184478759766
; 22460; 38.080184936523438
; 22510; 38.100185394287109
; 22560; 38.120185852050781
; 22611; 38.140186309814453
; 22661; 38.160186767578125
; 22713; 38.1801872253418
; 22763; 38.200187683105469
; 22813; 38.220188140869141
; 22864; 38.240188598632813
; 22914; 38.260189056396484
; 22966; 38.280189514160156
; 23015; 38.300189971923828
; 23066; 38.3201904296875
; 23116; 38.340190887451172
; 23168; 38.360191345214844
; 23219; 38.380191802978516
; 23269; 38.400192260742188
; 23319; 38.420192718505859
; 23370; 38.440193176269531
; 23421; 38.4601936340332
; 23473; 38.480194091796875
; 23523; 38.500194549560547
; 23574; 38.520195007324219
; 23624; 38.540195465087891
; 23674; 38.560195922851563
; 23725; 38.580196380615234
; 23776; 38.600196838378906
; 23827; 38.620197296142578
; 23877; 38.64019775390625
; 23927; 38.660198211669922
; 23978; 38.680198669433594
; 24029; 38.700199127197266
; 24079; 38.720199584960938
; 24129; 38.740200042724609
; 24179; 38.760200500488281
; 24229; 38.780200958251953
; 24280; 38.800201416015625
; 24331; 38.8202018737793
; 24382; 38.840202331542969
; 24432; 38.860202789306641
; 24484; 38.880203247070313
; 24534; 38.900203704833984
; 24586; 38.920204162597656
; 24637; 38.940204620361328
; 24687; 38.960205078125
; 24739; 38.980205535888672
; 24790; 39.000205993652344
; 24840; 39.020206451416016
; 24891; 39.040206909179688
; 24942; 39.060207366943359
; 24992; 39.080207824707031
; 25042; 39.1002082824707
; 25094; 39.120208740234375
; 25145; 39.140209197998047
; 25196; 39.160209655761719
; 25247; 39.180210113525391
; 25297; 39.200210571289063
; 25348; 39.220211029052734
; 25398; 39.240211486816406
; 25448; 39.260211944580078
; 25498; 39.28021240234375
; 25548; 39.300212860107422
; 25599; 39.320213317871094
; 25649; 39.340213775634766
; 25699; 39.360214233398438
; 25750; 39.380214691162109
; 25800; 39.400215148925781
; 25850; 39.420215606689453
; 25901; 39.440216064453125
; 25952; 39.4602165222168
; 26003; 39.480216979980469
; 26053; 39.500217437744141
; 26105; 39.520217895507813
; 26156; 39.540218353271484
; 26206; 39.560218811035156
; 26257; 39.580219268798828
; 26307; 39.6002197265625
; 26357; 39.620220184326172
; 26408; 39.640220642089844
; 26459; 39.660221099853516
; 26510; 39.680221557617188
; 26561; 39.700222015380859
; 26612; 39.720222473144531
; 26664; 39.7402229309082
; 26714; 39.760223388671875
; 26765; 39.780223846435547
; 26817; 39.800224304199219
; 26867; 39.820224761962891
; 26918; 39.840225219726563
; 26969; 39.860225677490234
; 27019; 39.880226135253906
; 27069; 39.900226593017578
; 27120; 39.92022705078125
; 27170; 39.940227508544922
; 27221; 39.960227966308594
; 27272; 39.980228424072266
; 27322; 40.000228881835938
; 27372; 40.020229339599609
; 27423; 40.040229797363281
; 27474; 40.060230255126953
; 27525; 40.080230712890625
; 27576; 40.1002311706543
; 27627; 40.120231628417969
; 27678; 40.140232086181641
; 27729; 40.160232543945313
; 27781; 40.180233001708984
; 27832; 40.200233459472656
; 27884; 40.220233917236328
; 27934; 40.240234375
; 27984; 40.260234832763672
; 28034; 40.280235290527344
; 28084; 40.300235748291016
; 28136; 40.320236206054688
; 28186; 40.340236663818359
; 28237; 40.360237121582031
; 28288; 40.3802375793457
; 28339; 40.400238037109375
; 28390; 40.420238494873047
; 28440; 40.440238952636719
; 28491; 40.460239410400391
; 28541; 40.480239868164063
; 28591; 40.500240325927734
; 28641; 40.520240783691406
; 28693; 40.540241241455078
; 28744; 40.56024169921875
; 28795; 40.580242156982422
; 28846; 40.600242614746094
; 28896; 40.620243072509766
; 28947; 40.640243530273438
; 28998; 40.660243988037109
; 29048; 40.680244445800781
; 29098; 40.700244903564453
; 29149; 40.720245361328125
; 29200; 40.7402458190918
; 29250; 40.760246276855469
; 29301; 40.780246734619141
; 29352; 40.800247192382813
; 29404; 40.820247650146484
; 29454; 40.840248107910156
; 29504; 40.860248565673828
; 29555; 40.8802490234375
; 29605; 40.900249481201172
; 29657; 40.920249938964844
; 29708; 40.940250396728516
; 29759; 40.960250854492188
; 29810; 40.980251312255859
; 29860; 41.000251770019531
; 29910; 41.0202522277832
; 29960; 41.040252685546875
; 30011; 41.060253143310547
; 30061; 41.080253601074219
; 30111; 41.100254058837891
; 30162; 41.120254516601563
; 30213; 41.140254974365234
; 30264; 41.160255432128906
; 30315; 41.180255889892578
; 30367; 41.20025634765625
; 30418; 41.220256805419922
; 30468; 41.240257263183594
; 30518; 41.260257720947266
; 30568; 41.280258178710938
; 30620; 41.300258636474609
; 30672; 41.320259094238281
; 30722; 41.340259552001953
; 30772; 41.360260009765625
; 30823; 41.3802604675293
; 30874; 41.400260925292969
; 30924; 41.420261383056641
; 30975; 41.440261840820313
; 31025; 41.460262298583984
; 31075; 41.480262756347656
; 31126; 41.500263214111328
; 31177; 41.520263671875
; 31227; 41.540264129638672
; 31279; 41.560264587402344
; 31330; 41.580265045166016
; 31381; 41.600265502929688
; 31431; 41.620265960693359
; 31483; 41.640266418457031
; 31533; 41.6602668762207
; 31583; 41.680267333984375
; 31635; 41.700267791748047
; 31685; 41.720268249511719
; 31736; 41.740268707275391
; 31787; 41.760269165039063
; 31837; 41.780269622802734
; 31887; 41.800270080566406
; 31938; 41.820270538330078
; 31989; 41.84027099609375
; 32040; 41.860271453857422
; 32091; 41.880271911621094
; 32142; 41.900272369384766
; 32193; 41.920272827148438
; 32243; 41.940273284912109
; 32294; 41.960273742675781
; 32345; 41.980274200439453
; 32396; 42.000274658203125
; 32447; 42.0202751159668
; 32498; 42.040275573730469
; 32549; 42.060276031494141
; 32600; 42.080276489257813
; 32650; 42.100276947021484
; 32700; 42.120277404785156
; 32750; 42.140277862548828
; 32801; 42.1602783203125
; 32851; 42.180278778076172
; 32901; 42.200279235839844
; 32951; 42.220279693603516
; 33001; 42.240280151367188
; 33052; 42.260280609130859
; 33102; 42.280281066894531
; 33152; 42.3002815246582
; 33202; 42.320281982421875
; 33253; 42.340282440185547
; 33303; 42.360282897949219
; 33354; 42.380283355712891
; 33405; 42.400283813476563
; 33455; 42.420284271240234
; 33505; 42.440284729003906
; 33556; 42.460285186767578
; 33607; 42.48028564453125
; 33658; 42.500286102294922
; 33710; 42.520286560058594
; 33760; 42.540287017822266
; 33811; 42.560287475585938
; 33863; 42.580287933349609
; 33913; 42.600288391113281
; 33962; 42.620288848876953
; 34013; 42.640289306640625
; 34064; 42.6602897644043
; 34114; 42.680290222167969
; 34166; 42.700290679931641
; 34218; 42.720291137695313
; 34268; 42.740291595458984
; 34320; 42.760292053222656
; 34371; 42.780292510986328
; 34421; 42.80029296875
; 34471; 42.820293426513672
; 34521; 42.840293884277344
; 34571; 42.860294342041016
; 34621; 42.880294799804688
; 34673; 42.900295257568359
; 34723; 42.920295715332031
; 34775; 42.9402961730957
; 34825; 42.960296630859375
; 34875; 42.980297088623047
; 34926; 43.000297546386719
; 34977; 43.020298004150391
; 35027; 43.040298461914063
; 35077; 43.060298919677734
; 35127; 43.080299377441406
; 35177; 43.100299835205078
; 35228; 43.12030029296875
; 35278; 43.140300750732422
; 35329; 43.160301208496094
; 35379; 43.180301666259766
; 35431; 43.200302124023438
; 35482; 43.220302581787109
; 35533; 43.240303039550781
; 35583; 43.260303497314453
; 35634; 43.280303955078125
; 35685; 43.3003044128418
; 35736; 43.320304870605469
; 35788; 43.340305328369141
; 35838; 43.360305786132813
; 35889; 43.380306243896484
; 35939; 43.400306701660156
; 35990; 43.420307159423828
; 36040; 43.4403076171875
; 36091; 43.460308074951172
; 36142; 43.480308532714844
; 36193; 43.500308990478516
; 36243; 43.520309448242188
; 36295; 43.540309906005859
; 36344; 43.560310363769531
; 36395; 43.5803108215332
; 36445; 43.600311279296875
; 36496; 43.620311737060547
; 36546; 43.640312194824219
; 36597; 43.660312652587891
; 36648; 43.680313110351563
; 36698; 43.700313568115234
; 36749; 43.720314025878906
; 36800; 43.740314483642578
; 36851; 43.76031494140625
; 36903; 43.780315399169922
; 36953; 43.800315856933594
; 37004; 43.820316314697266
; 37055; 43.840316772460938
; 37106; 43.860317230224609
; 37156; 43.880317687988281
; 37207; 43.900318145751953
; 37257; 43.920318603515625
; 37308; 43.9403190612793
; 37358; 43.960319519042969
; 37410; 43.980319976806641
; 37460; 44.000320434570313
; 37511; 44.020320892333984
; 37562; 44.040321350097656
; 37612; 44.060321807861328
; 37663; 44.080322265625
; 37715; 44.100322723388672
; 37765; 44.120323181152344
; 37816; 44.140323638916016
; 37867; 44.160324096679688
; 37918; 44.180324554443359
; 37969; 44.200325012207031
; 38019; 44.2203254699707
; 38070; 44.240325927734375
; 38121; 44.260326385498047
; 38172; 44.280326843261719
; 38224; 44.300327301025391
; 38274; 44.320327758789063
; 38326; 44.340328216552734
; 38377; 44.360328674316406
; 38428; 44.380329132080078
; 38479; 44.40032958984375
; 38530; 44.420330047607422
; 38581; 44.440330505371094
; 38633; 44.460330963134766
; 38683; 44.480331420898438
; 38734; 44.500331878662109
; 38785; 44.520332336425781
; 38837; 44.540332794189453
; 38887; 44.560333251953125
; 38936; 44.5803337097168
; 38987; 44.600334167480469
; 39038; 44.620334625244141
; 39087; 44.640335083007813
; 39138; 44.660335540771484
; 39190; 44.680335998535156
; 39240; 44.700336456298828
; 39291; 44.7203369140625
; 39341; 44.740337371826172
; 39392; 44.760337829589844
; 39444; 44.780338287353516
; 39494; 44.800338745117188
; 39544; 44.820339202880859
; 39595; 44.840339660644531
; 39645; 44.8603401184082
; 39695; 44.880340576171875
; 39746; 44.900341033935547
; 39797; 44.920341491699219
; 39848; 44.940341949462891
; 39900; 44.960342407226563
; 39951; 44.980342864990234
; 40001; 45.000343322753906
; 40051; 45.020343780517578
; 40102; 45.04034423828125
; 40152; 45.060344696044922
; 40202; 45.080345153808594
; 40253; 45.100345611572266
; 40304; 45.120346069335938
; 40355; 45.140346527099609
; 40406; 45.160346984863281
; 40457; 45.180347442626953
; 40509; 45.200347900390625
; 40560; 45.2203483581543
; 40610; 45.240348815917969
; 40661; 45.260349273681641
; 40712; 45.280349731445313
; 40763; 45.300350189208984
; 40814; 45.320350646972656
; 40864; 45.340351104736328
; 40914; 45.3603515625
; 40964; 45.380352020263672
; 41015; 45.400352478027344
; 41066; 45.420352935791016
; 41117; 45.440353393554688
; 41167; 45.460353851318359
; 41219; 45.480354309082031
; 41270; 45.5003547668457
; 41321; 45.520355224609375
; 41372; 45.540355682373047
; 41423; 45.560356140136719
; 41473; 45.580356597900391
; 41524; 45.600357055664063
; 41576; 45.620357513427734
; 41626; 45.640357971191406
; 41678; 45.660358428955078
; 41729; 45.68035888671875
; 41780; 45.700359344482422
; 41830; 45.720359802246094
; 41881; 45.740360260009766
; 41932; 45.760360717773438
; 41982; 45.780361175537109
; 42033; 45.800361633300781
; 42084; 45.820362091064453
; 42135; 45.840362548828125
; 42187; 45.8603630065918
; 42237; 45.880363464355469
; 42288; 45.900363922119141
; 42339; 45.920364379882813
; 42390; 45.940364837646484
; 42441; 45.960365295410156
; 42492; 45.980365753173828
; 42542; 46.0003662109375
; 42593; 46.020366668701172
; 42643; 46.040367126464844
; 42693; 46.060367584228516
; 42743; 46.080368041992188
; 42795; 46.100368499755859
; 42845; 46.120368957519531
; 42895; 46.1403694152832
; 42945; 46.160369873046875
; 42995; 46.180370330810547
; 43046; 46.200370788574219
; 43097; 46.220371246337891
; 43146; 46.240371704101563
; 43198; 46.260372161865234
; 43248; 46.280372619628906
; 43298; 46.300373077392578
; 43349; 46.32037353515625
; 43400; 46.340373992919922
; 43451; 46.360374450683594
; 43501; 46.380374908447266
; 43552; 46.400375366210938
; 43602; 46.420375823974609
; 43653; 46.440376281738281
; 43703; 46.460376739501953
; 43754; 46.480377197265625
; 43805; 46.5003776550293
; 43855; 46.520378112792969
; 43907; 46.540378570556641
; 43957; 46.560379028320313
; 44007; 46.580379486083984
; 44057; 46.600379943847656
; 44109; 46.620380401611328
; 44159; 46.640380859375
; 44210; 46.660381317138672
; 44261; 46.680381774902344
; 44312; 46.700382232666016
; 44363; 46.720382690429688
; 44414; 46.740383148193359
; 44466; 46.760383605957031
; 44516; 46.7803840637207
; 44566; 46.800384521484375
; 44617; 46.820384979248047
; 44668; 46.840385437011719
; 44719; 46.860385894775391
; 44770; 46.880386352539063
; 44822; 46.900386810302734
; 44873; 46.920387268066406
; 44924; 46.940387725830078
; 44975; 46.96038818359375
; 45026; 46.980388641357422
; 45076; 47.000389099121094
; 45128; 47.020389556884766
; 45179; 47.040390014648438
; 45230; 47.060390472412109
; 45280; 47.080390930175781
; 45331; 47.100391387939453
; 45382; 47.120391845703125
; 45432; 47.1403923034668
; 45483; 47.160392761230469
; 45534; 47.180393218994141
; 45583; 47.200393676757813
; 45634; 47.220394134521484
; 45685; 47.240394592285156
; 45736; 47.260395050048828
; 45788; 47.2803955078125
; 45840; 47.300395965576172
; 45890; 47.320396423339844
; 45941; 47.340396881103516
; 45992; 47.360397338867188
; 46043; 47.380397796630859
; 46094; 47.400398254394531
; 46144; 47.4203987121582
; 46195; 47.440399169921875
; 46245; 47.460399627685547
; 46297; 47.480400085449219
; 46347; 47.500400543212891
; 46398; 47.520401000976563
; 46449; 47.540401458740234
; 46499; 47.560401916503906
; 46550; 47.580402374267578
; 46601; 47.60040283203125
; 46652; 47.620403289794922
; 46702; 47.640403747558594
; 46753; 47.660404205322266
; 46803; 47.680404663085938
; 46855; 47.700405120849609
; 46905; 47.720405578613281
; 46956; 47.740406036376953
; 47006; 47.760406494140625
; 47056; 47.7804069519043
; 47107; 47.800407409667969
; 47157; 47.820407867431641
; 47208; 47.840408325195313
; 47258; 47.860408782958984
; 47309; 47.880409240722656
; 47360; 47.900409698486328
; 47411; 47.92041015625
; 47461; 47.940410614013672
; 47512; 47.960411071777344
; 47562; 47.980411529541016
; 47613; 48.000411987304688
; 47663; 48.020412445068359
; 47714; 48.040412902832031
; 47765; 48.0604133605957
; 47816; 48.080413818359375
; 47867; 48.100414276123047
; 47918; 48.120414733886719
; 47969; 48.140415191650391
; 48020; 48.160415649414063
; 48070; 48.180416107177734
; 48120; 48.200416564941406
; 48171; 48.220417022705078
; 48222; 48.24041748046875
; 48273; 48.260417938232422
; 48324; 48.280418395996094
; 48374; 48.300418853759766
; 48424; 48.320419311523438
; 48474; 48.340419769287109
; 48525; 48.360420227050781
; 48576; 48.380420684814453
; 48627; 48.400421142578125
; 48678; 48.4204216003418
; 48729; 48.440422058105469
; 48779; 48.460422515869141
; 48830; 48.480422973632813
; 48880; 48.500423431396484
; 48931; 48.520423889160156
; 48982; 48.540424346923828
; 49032; 48.5604248046875
; 49083; 48.580425262451172
; 49133; 48.600425720214844
; 49184; 48.620426177978516
; 49235; 48.640426635742188
; 49285; 48.660427093505859
; 49336; 48.680427551269531
; 49387; 48.7004280090332
; 49438; 48.720428466796875
; 49489; 48.740428924560547
; 49539; 48.760429382324219
; 49590; 48.780429840087891
; 49640; 48.800430297851563
; 49690; 48.820430755615234
; 49742; 48.840431213378906
; 49793; 48.860431671142578
; 49843; 48.88043212890625
; 49893; 48.900432586669922
; 49945; 48.920433044433594
; 49994; 48.940433502197266
; 50045; 48.960433959960938
; 50096; 48.980434417724609
; 50148; 49.000434875488281
; 50199; 49.020435333251953
; 50251; 49.040435791015625
; 50300; 49.0604362487793
; 50351; 49.080436706542969
; 50401; 49.100437164306641
; 50452; 49.120437622070313
; 50503; 49.140438079833984
; 50554; 49.160438537597656
; 50604; 49.180438995361328
; 50654; 49.200439453125
; 50704; 49.220439910888672
; 50755; 49.240440368652344
; 50805; 49.260440826416016
; 50855; 49.280441284179688
; 50907; 49.300441741943359
; 50958; 49.320442199707031
1.Variable; PLC_PRG.concentrate_grade
1.Address.AddrFlags; 0x00000000
1.Class; 14
1.Size; 4
1.GraphColor; 4286611584
1.GraphType; 1
1.MinWarningColor; 4278190080
1.MaxWarningColor; 4294901760
1.CriticalLowerLimit; 0
1.CriticalUpperLimit; 0
1.ActivateMinWarning; 0
1.ActivateMaxWarning; 0
1.YAxis; 0
1.Data; 
; 51; 82
; 102; 82
; 152; 82
; 203; 82
; 254; 82
; 304; 82
; 355; 82
; 406; 82
; 456; 82
; 507; 82
; 558; 82
; 608; 82
; 658; 82
; 709; 82
; 760; 82
; 811; 82
; 861; 82
; 912; 82
; 963; 82
; 1013; 82
; 1064; 82
; 1116; 82
; 1166; 82
; 1217; 82
; 1267; 82
; 1318; 82
; 1369; 82
; 1419; 82
; 1470; 82
; 1520; 82
; 1571; 82
; 1622; 82
; 1672; 82
; 1722; 82
; 1774; 82
; 1823; 82
; 1875; 82
; 1926; 82
; 1977; 82
; 2027; 82.150596618652344
; 2078; 82.151199340820313
; 2129; 82.151802062988281
; 2180; 82.152397155761719
; 2230; 82.152999877929688
; 2280; 82.153602600097656
; 2331; 82.1541976928711
; 2382; 82.154800415039063
; 2433; 82.155403137207031
; 2484; 82.155998229980469
; 2534; 82.156600952148438
; 2584; 82.1572036743164
; 2635; 82.157798767089844
; 2686; 82.158401489257813
; 2735; 82.15899658203125
; 2787; 82.159599304199219
; 2837; 82.160202026367188
; 2888; 82.160797119140625
; 2940; 82.1613998413086
; 2991; 82.162002563476563
; 3042; 82.16259765625
; 3091; 82.163200378417969
; 3142; 82.163803100585938
; 3192; 82.164398193359375
; 3244; 82.165000915527344
; 3294; 82.165603637695313
; 3346; 82.16619873046875
; 3397; 82.166801452636719
; 3447; 82.167404174804688
; 3498; 82.167999267578125
; 3548; 82.1686019897461
; 3599; 82.169197082519531
; 3651; 82.1697998046875
; 3701; 82.170402526855469
; 3753; 82.1709976196289
; 3804; 82.171600341796875
; 3855; 82.172203063964844
; 3905; 82.172798156738281
; 3956; 82.17340087890625
; 4006; 82.174003601074219
; 4056; 82.174598693847656
; 4106; 82.175201416015625
; 4158; 82.1758041381836
; 4208; 82.176399230957031
; 4258; 82.177001953125
; 4309; 82.177597045898438
; 4360; 82.1781997680664
; 4410; 82.178802490234375
; 4460; 82.179397583007813
; 4511; 82.180000305175781
; 4561; 82.18060302734375
; 4611; 82.181198120117188
; 4662; 82.181800842285156
; 4712; 82.182403564453125
; 4762; 82.182998657226563
; 4813; 82.183601379394531
; 4864; 82.1842041015625
; 4914; 82.184799194335938
; 4964; 82.1854019165039
; 5016; 82.186004638671875
; 5066; 82.186599731445313
; 5116; 82.187202453613281
; 5167; 82.187797546386719
; 5218; 82.188400268554688
; 5268; 82.189002990722656
; 5318; 82.1895980834961
; 5369; 82.190200805664063
; 5420; 82.190803527832031
; 5470; 82.191398620605469
; 5520; 82.192001342773438
; 5570; 82.1926040649414
; 5621; 82.193199157714844
; 5672; 82.193801879882813
; 5723; 82.194404602050781
; 5774; 82.194999694824219
; 5825; 82.195602416992188
; 5876; 82.196197509765625
; 5927; 82.1968002319336
; 5978; 82.197402954101563
; 6028; 82.197998046875
; 6079; 82.198600769042969
; 6130; 82.199203491210938
; 6181; 82.199798583984375
; 6232; 82.200401306152344
; 6282; 82.201004028320313
; 6333; 82.20159912109375
; 6384; 82.202201843261719
; 6435; 82.202804565429688
; 6486; 82.203399658203125
; 6537; 82.2040023803711
; 6589; 82.204597473144531
; 6640; 82.2052001953125
; 6690; 82.205802917480469
; 6741; 82.2063980102539
; 6792; 82.207000732421875
; 6843; 82.207603454589844
; 6893; 82.208198547363281
; 6943; 82.20880126953125
; 6993; 82.209403991699219
; 7044; 82.209999084472656
; 7095; 82.210601806640625
; 7146; 82.2112045288086
; 7196; 82.211799621582031
; 7246; 82.21240234375
; 7297; 82.213005065917969
; 7347; 82.2136001586914
; 7397; 82.214202880859375
; 7448; 82.214797973632813
; 7499; 82.215400695800781
; 7551; 82.21600341796875
; 7601; 82.216598510742188
; 7653; 82.217201232910156
; 7704; 82.217803955078125
; 7755; 82.218399047851563
; 7805; 82.219001770019531
; 7855; 82.2196044921875
; 7905; 82.220199584960938
; 7955; 82.2208023071289
; 8007; 82.221405029296875
; 8057; 82.222000122070313
; 8108; 82.222602844238281
; 8159; 82.223197937011719
; 8210; 82.223800659179688
; 8262; 82.224403381347656
; 8312; 82.2249984741211
; 8363; 82.225601196289063
; 8415; 82.226203918457031
; 8465; 82.226799011230469
; 8515; 82.227401733398438
; 8566; 82.2280044555664
; 8616; 82.228599548339844
; 8667; 82.229202270507813
; 8718; 82.229804992675781
; 8769; 82.230400085449219
; 8820; 82.231002807617188
; 8871; 82.231605529785156
; 8921; 82.2322006225586
; 8972; 82.232803344726563
; 9024; 82.2333984375
; 9075; 82.234001159667969
; 9126; 82.234603881835938
; 9176; 82.235198974609375
; 9227; 82.235801696777344
; 9277; 82.236404418945313
; 9327; 82.23699951171875
; 9377; 82.237602233886719
; 9428; 82.238204956054688
; 9478; 82.238800048828125
; 9529; 82.2394027709961
; 9580; 82.240005493164063
; 9630; 82.2406005859375
; 9681; 82.241203308105469
; 9731; 82.2417984008789
; 9782; 82.242401123046875
; 9833; 82.243003845214844
; 9883; 82.243598937988281
; 9934; 82.24420166015625
; 9984; 82.244804382324219
; 10035; 82.245399475097656
; 10086; 82.246002197265625
; 10137; 82.2466049194336
; 10188; 82.247200012207031
; 10239; 82.247802734375
; 10290; 82.248405456542969
; 10341; 82.2490005493164
; 10392; 82.249603271484375
; 10443; 82.250205993652344
; 10494; 82.250801086425781
; 10546; 82.25140380859375
; 10596; 82.251998901367188
; 10647; 82.252601623535156
; 10698; 82.253204345703125
; 10749; 82.253799438476563
; 10800; 82.254402160644531
; 10850; 82.2550048828125
; 10901; 82.255599975585938
; 10952; 82.2562026977539
; 11002; 82.256805419921875
; 11053; 82.257400512695313
; 11103; 82.258003234863281
; 11155; 82.25860595703125
; 11205; 82.259201049804688
; 11256; 82.259803771972656
; 11307; 82.2603988647461
; 11358; 82.261001586914063
; 11409; 82.261604309082031
; 11458; 82.262199401855469
; 11509; 82.262802124023438
; 11561; 82.2634048461914
; 11611; 82.263999938964844
; 11662; 82.264602661132813
; 11713; 82.265205383300781
; 11763; 82.265800476074219
; 11814; 82.266403198242188
; 11864; 82.267005920410156
; 11914; 82.2676010131836
; 11966; 82.268203735351563
; 12018; 82.268806457519531
; 12068; 82.269401550292969
; 12119; 82.270004272460938
; 12170; 82.270599365234375
; 12220; 82.271202087402344
; 12271; 82.271804809570313
; 12321; 82.27239990234375
; 12372; 82.273002624511719
; 12423; 82.273605346679688
; 12475; 82.274200439453125
; 12526; 82.2748031616211
; 12576; 82.275405883789063
; 12627; 82.2760009765625
; 12678; 82.276603698730469
; 12729; 82.277206420898438
; 12780; 82.277801513671875
; 12829; 82.278404235839844
; 12881; 82.278999328613281
; 12932; 82.27960205078125
; 12983; 82.280204772949219
; 13034; 82.280799865722656
; 13084; 82.281402587890625
; 13135; 82.2820053100586
; 13185; 82.282600402832031
; 13236; 82.283203125
; 13287; 82.283805847167969
; 13337; 82.2844009399414
; 13388; 82.285003662109375
; 13439; 82.285606384277344
; 13489; 82.286201477050781
; 13540; 82.28680419921875
; 13590; 82.287406921386719
; 13640; 82.288002014160156
; 13691; 82.288604736328125
; 13742; 82.289199829101563
; 13792; 82.289802551269531
; 13844; 82.2904052734375
; 13894; 82.291000366210938
; 13945; 82.2916030883789
; 13996; 82.292205810546875
; 14047; 82.292800903320313
; 14097; 82.293403625488281
; 14148; 82.29400634765625
; 14198; 82.294601440429688
; 14248; 82.295204162597656
; 14299; 82.295806884765625
; 14350; 82.296401977539063
; 14402; 82.297004699707031
; 14452; 82.297599792480469
; 14503; 82.298202514648438
; 14555; 82.2988052368164
; 14606; 82.299400329589844
; 14656; 82.300003051757813
; 14706; 82.300605773925781
; 14756; 82.301200866699219
; 14807; 82.301803588867188
; 14857; 82.302406311035156
; 14908; 82.3030014038086
; 14960; 82.303604125976563
; 15010; 82.304206848144531
; 15061; 82.304801940917969
; 15112; 82.305404663085938
; 15162; 82.305999755859375
; 15213; 82.306602478027344
; 15264; 82.307205200195313
; 15314; 82.30780029296875
; 15366; 82.308403015136719
; 15418; 82.309005737304688
; 15468; 82.309600830078125
; 15518; 82.3102035522461
; 15569; 82.310806274414063
; 15620; 82.3114013671875
; 15670; 82.312004089355469
; 15720; 82.312606811523438
; 15771; 82.313201904296875
; 15821; 82.313804626464844
; 15871; 82.314407348632813
; 15923; 82.31500244140625
; 15973; 82.315605163574219
; 16024; 82.316200256347656
; 16073; 82.316802978515625
; 16124; 82.3174057006836
; 16175; 82.318000793457031
; 16225; 82.318603515625
; 16276; 82.319206237792969
; 16327; 82.3198013305664
; 16378; 82.320404052734375
; 16429; 82.321006774902344
; 16480; 82.321601867675781
; 16531; 82.32220458984375
; 16581; 82.322807312011719
; 16632; 82.323402404785156
; 16683; 82.324005126953125
; 16733; 82.324600219726563
; 16784; 82.325202941894531
; 16835; 82.3258056640625
; 16885; 82.326400756835938
; 16935; 82.3270034790039
; 16986; 82.327606201171875
; 17036; 82.328201293945313
; 17087; 82.328804016113281
; 17139; 82.32940673828125
; 17189; 82.330001831054688
; 17240; 82.330604553222656
; 17291; 82.331207275390625
; 17341; 82.331802368164063
; 17391; 82.332405090332031
; 17442; 82.3330078125
; 17493; 82.333602905273438
; 17544; 82.3342056274414
; 17594; 82.334800720214844
; 17645; 82.335403442382813
; 17695; 82.336006164550781
; 17745; 82.336601257324219
; 17797; 82.337203979492188
; 17848; 82.337806701660156
; 17898; 82.3384017944336
; 17949; 82.339004516601563
; 17999; 82.339607238769531
; 18050; 82.340202331542969
; 18100; 82.340805053710938
; 18151; 82.3414077758789
; 18203; 82.342002868652344
; 18252; 82.342605590820313
; 18303; 82.34320068359375
; 18353; 82.343803405761719
; 18403; 82.344406127929688
; 18455; 82.345001220703125
; 18505; 82.3456039428711
; 18556; 82.346206665039063
; 18608; 82.3468017578125
; 18659; 82.347404479980469
; 18709; 82.348007202148438
; 18760; 82.348602294921875
; 18810; 82.349205017089844
; 18861; 82.349807739257813
; 18912; 82.35040283203125
; 18963; 82.351005554199219
; 19013; 82.351608276367188
; 19064; 82.352203369140625
; 19114; 82.3528060913086
; 19164; 82.353401184082031
; 19213; 82.35400390625
; 19264; 82.354606628417969
; 19314; 82.3552017211914
; 19365; 82.355804443359375
; 19416; 82.356407165527344
; 19467; 82.357002258300781
; 19517; 82.35760498046875
; 19568; 82.358207702636719
; 19617; 82.358802795410156
; 19668; 82.359405517578125
; 19719; 82.3600082397461
; 19771; 82.360603332519531
; 19821; 82.3612060546875
; 19871; 82.361801147460938
; 19922; 82.3624038696289
; 19974; 82.363006591796875
; 20025; 82.363601684570313
; 20076; 82.364204406738281
; 20127; 82.36480712890625
; 20179; 82.365402221679688
; 20229; 82.366004943847656
; 20280; 82.366607666015625
; 20331; 82.367202758789063
; 20382; 82.367805480957031
; 20433; 82.368408203125
; 20483; 82.369003295898438
; 20534; 82.3696060180664
; 20585; 82.370208740234375
; 20635; 82.370803833007813
; 20686; 82.371406555175781
; 20736; 82.372001647949219
; 20786; 82.372604370117188
; 20837; 82.373207092285156
; 20887; 82.3738021850586
; 20939; 82.374404907226563
; 20989; 82.375007629394531
; 21039; 82.375602722167969
; 21090; 82.376205444335938
; 21141; 82.3768081665039
; 21192; 82.377403259277344
; 21243; 82.378005981445313
; 21293; 82.378608703613281
; 21343; 82.379203796386719
; 21394; 82.379806518554688
; 21445; 82.380401611328125
; 21496; 82.3810043334961
; 21547; 82.381607055664063
; 21597; 82.3822021484375
; 21647; 82.382804870605469
; 21698; 82.383407592773438
; 21748; 82.384002685546875
; 21799; 82.384605407714844
; 21850; 82.385208129882813
; 21901; 82.38580322265625
; 21951; 82.386405944824219
; 22002; 82.387008666992188
; 22054; 82.387603759765625
; 22105; 82.3882064819336
; 22156; 82.388809204101563
; 22206; 82.389404296875
; 22256; 82.390007019042969
; 22306; 82.3906021118164
; 22357; 82.391204833984375
; 22408; 82.391807556152344
; 22460; 82.392402648925781
; 22510; 82.39300537109375
; 22560; 82.393608093261719
; 22611; 82.394203186035156
; 22661; 82.394805908203125
; 22713; 82.3954086303711
; 22763; 82.396003723144531
; 22813; 82.3966064453125
; 22864; 82.397209167480469
; 22914; 82.3978042602539
; 22966; 82.398406982421875
; 23015; 82.399002075195313
; 23066; 82.399604797363281
; 23116; 82.40020751953125
; 23168; 82.400802612304688
; 23219; 82.401405334472656
; 23269; 82.402008056640625
; 23319; 82.402603149414063
; 23370; 82.403205871582031
; 23421; 82.40380859375
; 23473; 82.404403686523438
; 23523; 82.4050064086914
; 23574; 82.405609130859375
; 23624; 82.406204223632813
; 23674; 82.406806945800781
; 23725; 82.40740966796875
; 23776; 82.408004760742188
; 23827; 82.408607482910156
; 23877; 82.4092025756836
; 23927; 82.409805297851563
; 23978; 82.410408020019531
; 24029; 82.411003112792969
; 24079; 82.411605834960938
; 24129; 82.4122085571289
; 24179; 82.412803649902344
; 24229; 82.413406372070313
; 24280; 82.414009094238281
; 24331; 82.414604187011719
; 24382; 82.415206909179688
; 24432; 82.415809631347656
; 24484; 82.4164047241211
; 24534; 82.417007446289063
; 24586; 82.4176025390625
; 24637; 82.418205261230469
; 24687; 82.418807983398438
; 24739; 82.419403076171875
; 24790; 82.420005798339844
; 24840; 82.420608520507813
; 24891; 82.42120361328125
; 24942; 82.421806335449219
; 24992; 82.422409057617188
; 25042; 82.423004150390625
; 25094; 82.4236068725586
; 25145; 82.424209594726563
; 25196; 82.4248046875
; 25247; 82.425407409667969
; 25297; 82.426010131835938
; 25348; 82.426605224609375
; 25398; 82.427207946777344
; 25448; 82.427803039550781
; 25498; 82.42840576171875
; 25548; 82.429008483886719
; 25599; 82.429603576660156
; 25649; 82.430206298828125
; 25699; 82.4308090209961
; 25750; 82.431404113769531
; 25800; 82.4320068359375
; 25850; 82.432609558105469
; 25901; 82.4332046508789
; 25952; 82.433807373046875
; 26003; 82.434410095214844
; 26053; 82.435005187988281
; 26105; 82.43560791015625
; 26156; 82.436203002929688
; 26206; 82.436805725097656
; 26257; 82.437408447265625
; 26307; 82.438003540039063
; 26357; 82.438606262207031
; 26408; 82.439208984375
; 26459; 82.439804077148438
; 26510; 82.4404067993164
; 26561; 82.441009521484375
; 26612; 82.441604614257813
; 26664; 82.442207336425781
; 26714; 82.44281005859375
; 26765; 82.443405151367188
; 26817; 82.444007873535156
; 26867; 82.4446029663086
; 26918; 82.445205688476563
; 26969; 82.445808410644531
; 27019; 82.446403503417969
; 27069; 82.447006225585938
; 27120; 82.4476089477539
; 27170; 82.448204040527344
; 27221; 82.448806762695313
; 27272; 82.449409484863281
; 27322; 82.450004577636719
; 27372; 82.450607299804688
; 27423; 82.451210021972656
; 27474; 82.4518051147461
; 27525; 82.452407836914063
; 27576; 82.453010559082031
; 27627; 82.453605651855469
; 27678; 82.454208374023438
; 27729; 82.454803466796875
; 27781; 82.455406188964844
; 27832; 82.456008911132813
; 27884; 82.45660400390625
; 27934; 82.457206726074219
; 27984; 82.457809448242188
; 28034; 82.458404541015625
; 28084; 82.4590072631836
; 28136; 82.459609985351563
; 28186; 82.460205078125
; 28237; 82.460807800292969
; 28288; 82.461410522460938
; 28339; 82.462005615234375
; 28390; 82.462608337402344
; 28440; 82.463203430175781
; 28491; 82.46380615234375
; 28541; 82.464408874511719
; 28591; 82.465003967285156
; 28641; 82.465606689453125
; 28693; 82.4662094116211
; 28744; 82.466804504394531
; 28795; 82.4674072265625
; 28846; 82.468009948730469
; 28896; 82.4686050415039
; 28947; 82.469207763671875
; 28998; 82.469810485839844
; 29048; 82.470405578613281
; 29098; 82.47100830078125
; 29149; 82.471611022949219
; 29200; 82.472206115722656
; 29250; 82.472808837890625
; 29301; 82.473403930664063
; 29352; 82.474006652832031
; 29404; 82.474609375
; 29454; 82.475204467773438
; 29504; 82.4758071899414
; 29555; 82.476409912109375
; 29605; 82.477005004882813
; 29657; 82.477607727050781
; 29708; 82.47821044921875
; 29759; 82.478805541992188
; 29810; 82.479408264160156
; 29860; 82.480010986328125
; 29910; 82.480606079101563
; 29960; 82.481208801269531
; 30011; 82.481803894042969
; 30061; 82.482406616210938
; 30111; 82.4830093383789
; 30162; 82.483604431152344
; 30213; 82.484207153320313
; 30264; 82.484809875488281
; 30315; 82.485404968261719
; 30367; 82.486007690429688
; 30418; 82.486610412597656
; 30468; 82.4872055053711
; 30518; 82.487808227539063
; 30568; 82.488410949707031
; 30620; 82.489006042480469
; 30672; 82.489608764648438
; 30722; 82.4902114868164
; 30772; 82.490806579589844
; 30823; 82.491409301757813
; 30874; 82.49200439453125
; 30924; 82.492607116699219
; 30975; 82.493209838867188
; 31025; 82.493804931640625
; 31075; 82.4944076538086
; 31126; 82.495010375976563
; 31177; 82.49560546875
; 31227; 82.496208190917969
; 31279; 82.496810913085938
; 31330; 82.497406005859375
; 31381; 82.498008728027344
; 31431; 82.498611450195313
; 31483; 82.49920654296875
; 31533; 82.499809265136719
; 31583; 82.500404357910156
; 31635; 82.501007080078125
; 31685; 82.5016098022461
; 31736; 82.502204895019531
; 31787; 82.5028076171875
; 31837; 82.503410339355469
; 31887; 82.5040054321289
; 31938; 82.504608154296875
; 31989; 82.505210876464844
; 32040; 82.505805969238281
; 32091; 82.50640869140625
; 32142; 82.507011413574219
; 32193; 82.507606506347656
; 32243; 82.508209228515625
; 32294; 82.5088119506836
; 32345; 82.509407043457031
; 32396; 82.510009765625
; 32447; 82.510604858398438
; 32498; 82.5112075805664
; 32549; 82.511810302734375
; 32600; 82.512405395507813
; 32650; 82.513008117675781
; 32700; 82.51361083984375
; 32750; 82.514205932617188
; 32801; 82.514808654785156
; 32851; 82.515411376953125
; 32901; 82.516006469726563
; 32951; 82.516609191894531
; 33001; 82.5172119140625
; 33052; 82.517807006835938
; 33102; 82.5184097290039
; 33152; 82.519004821777344
; 33202; 82.519607543945313
; 33253; 82.520210266113281
; 33303; 82.520805358886719
; 33354; 82.521408081054688
; 33405; 82.522010803222656
; 33455; 82.5226058959961
; 33505; 82.523208618164063
; 33556; 82.523811340332031
; 33607; 82.524406433105469
; 33658; 82.525009155273438
; 33710; 82.5256118774414
; 33760; 82.526206970214844
; 33811; 82.526809692382813
; 33863; 82.52740478515625
; 33913; 82.528007507324219
; 33962; 82.528610229492188
; 34013; 82.529205322265625
; 34064; 82.5298080444336
; 34114; 82.530410766601563
; 34166; 82.531005859375
; 34218; 82.531608581542969
; 34268; 82.532211303710938
; 34320; 82.532806396484375
; 34371; 82.533409118652344
; 34421; 82.534011840820313
; 34471; 82.53460693359375
; 34521; 82.535209655761719
; 34571; 82.535812377929688
; 34621; 82.536407470703125
; 34673; 82.5370101928711
; 34723; 82.537605285644531
; 34775; 82.5382080078125
; 34825; 82.538810729980469
; 34875; 82.5394058227539
; 34926; 82.540008544921875
; 34977; 82.540611267089844
; 35027; 82.541206359863281
; 35077; 82.54180908203125
; 35127; 82.542411804199219
; 35177; 82.543006896972656
; 35228; 82.543609619140625
; 35278; 82.5442123413086
; 35329; 82.544807434082031
; 35379; 82.54541015625
; 35431; 82.546005249023438
; 35482; 82.5466079711914
; 35533; 82.547210693359375
; 35583; 82.547805786132813
; 35634; 82.548408508300781
; 35685; 82.54901123046875
; 35736; 82.549606323242188
; 35788; 82.550209045410156
; 35838; 82.550811767578125
; 35889; 82.551406860351563
; 35939; 82.552009582519531
; 35990; 82.5526123046875
; 36040; 82.553207397460938
; 36091; 82.5538101196289
; 36142; 82.554412841796875
; 36193; 82.555007934570313
; 36243; 82.555610656738281
; 36295; 82.556205749511719
; 36344; 82.556808471679688
; 36395; 82.557411193847656
; 36445; 82.5580062866211
; 36496; 82.558609008789063
; 36546; 82.559211730957031
; 36597; 82.559806823730469
; 36648; 82.560409545898438
; 36698; 82.5610122680664
; 36749; 82.561607360839844
; 36800; 82.562210083007813
; 36851; 82.562812805175781
; 36903; 82.563407897949219
; 36953; 82.564010620117188
; 37004; 82.564605712890625
; 37055; 82.5652084350586
; 37106; 82.565811157226563
; 37156; 82.56640625
; 37207; 82.567008972167969
; 37257; 82.567611694335938
; 37308; 82.568206787109375
; 37358; 82.568809509277344
; 37410; 82.569412231445313
; 37460; 82.57000732421875
; 37511; 82.570610046386719
; 37562; 82.571212768554688
; 37612; 82.571807861328125
; 37663; 82.5724105834961
; 37715; 82.573013305664063
; 37765; 82.5736083984375
; 37816; 82.574211120605469
; 37867; 82.5748062133789
; 37918; 82.575408935546875
; 37969; 82.576011657714844
; 38019; 82.576606750488281
; 38070; 82.57720947265625
; 38121; 82.577812194824219
; 38172; 82.578407287597656
; 38224; 82.579010009765625
; 38274; 82.5796127319336
; 38326; 82.580207824707031
; 38377; 82.580810546875
; 38428; 82.581413269042969
; 38479; 82.5820083618164
; 38530; 82.582611083984375
; 38581; 82.583206176757813
; 38633; 82.583808898925781
; 38683; 82.58441162109375
; 38734; 82.585006713867188
; 38785; 82.585609436035156
; 38837; 82.586212158203125
; 38887; 82.586807250976563
; 38936; 82.587409973144531
; 38987; 82.5880126953125
; 39038; 82.588607788085938
; 39087; 82.5892105102539
; 39138; 82.589813232421875
; 39190; 82.590408325195313
; 39240; 82.591011047363281
; 39291; 82.59161376953125
; 39341; 82.592208862304688
; 39392; 82.592811584472656
; 39444; 82.5934066772461
; 39494; 82.594009399414063
; 39544; 82.594612121582031
; 39595; 82.595207214355469
; 39645; 82.595809936523438
; 39695; 82.5964126586914
; 39746; 82.597007751464844
; 39797; 82.597610473632813
; 39848; 82.598213195800781
; 39900; 82.598808288574219
; 39951; 82.599411010742188
; 40001; 82.600013732910156
; 40051; 82.6006088256836
; 40102; 82.601211547851563
; 40152; 82.601806640625
; 40202; 82.602409362792969
; 40253; 82.603012084960938
; 40304; 82.603607177734375
; 40355; 82.604209899902344
; 40406; 82.604812622070313
; 40457; 82.60540771484375
; 40509; 82.606010437011719
; 40560; 82.606613159179688
; 40610; 82.607208251953125
; 40661; 82.6078109741211
; 40712; 82.608413696289063
; 40763; 82.6090087890625
; 40814; 82.609611511230469
; 40864; 82.610214233398438
; 40914; 82.610809326171875
; 40964; 82.611412048339844
; 41015; 82.612007141113281
; 41066; 82.61260986328125
; 41117; 82.613212585449219
; 41167; 82.613807678222656
; 41219; 82.614410400390625
; 41270; 82.6150131225586
; 41321; 82.615608215332031
; 41372; 82.6162109375
; 41423; 82.616813659667969
; 41473; 82.6174087524414
; 41524; 82.618011474609375
; 41576; 82.618614196777344
; 41626; 82.619209289550781
; 41678; 82.61981201171875
; 41729; 82.620407104492188
; 41780; 82.621009826660156
; 41830; 82.621612548828125
; 41881; 82.622207641601563
; 41932; 82.622810363769531
; 41982; 82.6234130859375
; 42033; 82.624008178710938
; 42084; 82.6246109008789
; 42135; 82.625213623046875
; 42187; 82.625808715820313
; 42237; 82.626411437988281
; 42288; 82.62701416015625
; 42339; 82.627609252929688
; 42390; 82.628211975097656
; 42441; 82.628814697265625
; 42492; 82.629409790039063
; 42542; 82.630012512207031
; 42593; 82.630607604980469
; 42643; 82.631210327148438
; 42693; 82.6318130493164
; 42743; 82.632408142089844
; 42795; 82.633010864257813
; 42845; 82.633613586425781
; 42895; 82.634208679199219
; 42945; 82.634811401367188
; 42995; 82.635414123535156
; 43046; 82.6360092163086
; 43097; 82.636611938476563
; 43146; 82.637214660644531
; 43198; 82.637809753417969
; 43248; 82.638412475585938
; 43298; 82.639007568359375
; 43349; 82.639610290527344
; 43400; 82.640213012695313
; 43451; 82.64080810546875
; 43501; 82.641410827636719
; 43552; 82.642013549804688
; 43602; 82.642608642578125
; 43653; 82.6432113647461
; 43703; 82.643814086914063
; 43754; 82.6444091796875
; 43805; 82.645011901855469
; 43855; 82.645614624023438
; 43907; 82.646209716796875
; 43957; 82.646812438964844
; 44007; 82.647415161132813
; 44057; 82.64801025390625
; 44109; 82.648612976074219
; 44159; 82.649208068847656
; 44210; 82.649810791015625
; 44261; 82.6504135131836
; 44312; 82.651008605957031
; 44363; 82.651611328125
; 44414; 82.652214050292969
; 44466; 82.6528091430664
; 44516; 82.653411865234375
; 44566; 82.654014587402344
; 44617; 82.654609680175781
; 44668; 82.65521240234375
; 44719; 82.655815124511719
; 44770; 82.656410217285156
; 44822; 82.657012939453125
; 44873; 82.657608032226563
; 44924; 82.658210754394531
; 44975; 82.6588134765625
; 45026; 82.659408569335938
; 45076; 82.6600112915039
; 45128; 82.660614013671875
; 45179; 82.661209106445313
; 45230; 82.661811828613281
; 45280; 82.66241455078125
; 45331; 82.663009643554688
; 45382; 82.663612365722656
; 45432; 82.664215087890625
; 45483; 82.664810180664063
; 45534; 82.665412902832031
; 45583; 82.666015625
; 45634; 82.666610717773438
; 45685; 82.6672134399414
; 45736; 82.667808532714844
; 45788; 82.668411254882813
; 45840; 82.669013977050781
; 45890; 82.669609069824219
; 45941; 82.670211791992188
; 45992; 82.670814514160156
; 46043; 82.6714096069336
; 46094; 82.672012329101563
; 46144; 82.672615051269531
; 46195; 82.673210144042969
; 46245; 82.673812866210938
; 46297; 82.6744155883789
; 46347; 82.675010681152344
; 46398; 82.675613403320313
; 46449; 82.67620849609375
; 46499; 82.676811218261719
; 46550; 82.677413940429688
; 46601; 82.678009033203125
; 46652; 82.6786117553711
; 46702; 82.679214477539063
; 46753; 82.6798095703125
; 46803; 82.680412292480469
; 46855; 82.681015014648438
; 46905; 82.681610107421875
; 46956; 82.682212829589844
; 47006; 82.682815551757813
; 47056; 82.68341064453125
; 47107; 82.684013366699219
; 47157; 82.684608459472656
; 47208; 82.685211181640625
; 47258; 82.6858139038086
; 47309; 82.686408996582031
; 47360; 82.68701171875
; 47411; 82.687614440917969
; 47461; 82.6882095336914
; 47512; 82.688812255859375
; 47562; 82.689414978027344
; 47613; 82.690010070800781
; 47663; 82.69061279296875
; 47714; 82.691215515136719
; 47765; 82.691810607910156
; 47816; 82.692413330078125
; 47867; 82.6930160522461
; 47918; 82.693611145019531
; 47969; 82.6942138671875
; 48020; 82.694808959960938
; 48070; 82.6954116821289
; 48120; 82.696014404296875
; 48171; 82.696609497070313
; 48222; 82.697212219238281
; 48273; 82.69781494140625
; 48324; 82.698410034179688
; 48374; 82.699012756347656
; 48424; 82.699615478515625
; 48474; 82.700210571289063
; 48525; 82.700813293457031
; 48576; 82.701416015625
; 48627; 82.702011108398438
; 48678; 82.7026138305664
; 48729; 82.703208923339844
; 48779; 82.703811645507813
; 48830; 82.704414367675781
; 48880; 82.705009460449219
; 48931; 82.705612182617188
; 48982; 82.706214904785156
; 49032; 82.7068099975586
; 49083; 82.707412719726563
; 49133; 82.708015441894531
; 49184; 82.708610534667969
; 49235; 82.709213256835938
; 49285; 82.7098159790039
; 49336; 82.710411071777344
; 49387; 82.711013793945313
; 49438; 82.711616516113281
; 49489; 82.712211608886719
; 49539; 82.712814331054688
; 49590; 82.713409423828125
; 49640; 82.7140121459961
; 49690; 82.714614868164063
; 49742; 82.7152099609375
; 49793; 82.715812683105469
; 49843; 82.716415405273438
; 49893; 82.717010498046875
; 49945; 82.717613220214844
; 49994; 82.718215942382813
; 50045; 82.71881103515625
; 50096; 82.719413757324219
; 50148; 82.720016479492188
; 50199; 82.720611572265625
; 50251; 82.7212142944336
; 50300; 82.721809387207031
; 50351; 82.722412109375
; 50401; 82.723014831542969
; 50452; 82.7236099243164
; 50503; 82.724212646484375
; 50554; 82.724815368652344
; 50604; 82.725410461425781
; 50654; 82.72601318359375
; 50704; 82.726615905761719
; 50755; 82.727210998535156
; 50805; 82.727813720703125
; 50855; 82.7284164428711
; 50907; 82.729011535644531
; 50958; 82.7296142578125
2.Variable; PLC_PRG.cycle
2.Address.AddrFlags; 0x00000000
2.Class; 8
2.Size; 4
2.GraphColor; 4278255360
2.GraphType; 1
2.MinWarningColor; 4278190080
2.MaxWarningColor; 4294901760
2.CriticalLowerLimit; 0
2.CriticalUpperLimit; 0
2.ActivateMinWarning; 0
2.ActivateMaxWarning; 0
2.YAxis; 0
2.Data; 
; 51; 0
; 102; 0
; 152; 0
; 203; 0
; 254; 0
; 304; 0
; 355; 0
; 406; 0
; 456; 0
; 507; 0
; 558; 0
; 608; 0
; 658; 0
; 709; 0
; 760; 0
; 811; 0
; 861; 0
; 912; 0
; 963; 0
; 1013; 0
; 1064; 0
; 1116; 0
; 1166; 0
; 1217; 0
; 1267; 0
; 1318; 0
; 1369; 0
; 1419; 0
; 1470; 0
; 1520; 0
; 1571; 0
; 1622; 0
; 1672; 0
; 1722; 0
; 1774; 0
; 1823; 0
; 1875; 0
; 1926; 0
; 1977; 0
; 2027; 1
; 2078; 2
; 2129; 3
; 2180; 4
; 2230; 5
; 2280; 6
; 2331; 7
; 2382; 8
; 2433; 9
; 2484; 10
; 2534; 11
; 2584; 12
; 2635; 13
; 2686; 14
; 2735; 15
; 2787; 16
; 2837; 17
; 2888; 18
; 2940; 19
; 2991; 20
; 3042; 21
; 3091; 22
; 3142; 23
; 3192; 24
; 3244; 25
; 3294; 26
; 3346; 27
; 3397; 28
; 3447; 29
; 3498; 30
; 3548; 31
; 3599; 32
; 3651; 33
; 3701; 34
; 3753; 35
; 3804; 36
; 3855; 37
; 3905; 38
; 3956; 39
; 4006; 40
; 4056; 41
; 4106; 42
; 4158; 43
; 4208; 44
; 4258; 45
; 4309; 46
; 4360; 47
; 4410; 48
; 4460; 49
; 4511; 50
; 4561; 51
; 4611; 52
; 4662; 53
; 4712; 54
; 4762; 55
; 4813; 56
; 4864; 57
; 4914; 58
; 4964; 59
; 5016; 60
; 5066; 61
; 5116; 62
; 5167; 63
; 5218; 64
; 5268; 65
; 5318; 66
; 5369; 67
; 5420; 68
; 5470; 69
; 5520; 70
; 5570; 71
; 5621; 72
; 5672; 73
; 5723; 74
; 5774; 75
; 5825; 76
; 5876; 77
; 5927; 78
; 5978; 79
; 6028; 80
; 6079; 81
; 6130; 82
; 6181; 83
; 6232; 84
; 6282; 85
; 6333; 86
; 6384; 87
; 6435; 88
; 6486; 89
; 6537; 90
; 6589; 91
; 6640; 92
; 6690; 93
; 6741; 94
; 6792; 95
; 6843; 96
; 6893; 97
; 6943; 98
; 6993; 99
; 7044; 100
; 7095; 101
; 7146; 102
; 7196; 103
; 7246; 104
; 7297; 105
; 7347; 106
; 7397; 107
; 7448; 108
; 7499; 109
; 7551; 110
; 7601; 111
; 7653; 112
; 7704; 113
; 7755; 114
; 7805; 115
; 7855; 116
; 7905; 117
; 7955; 118
; 8007; 119
; 8057; 120
; 8108; 121
; 8159; 122
; 8210; 123
; 8262; 124
; 8312; 125
; 8363; 126
; 8415; 127
; 8465; 128
; 8515; 129
; 8566; 130
; 8616; 131
; 8667; 132
; 8718; 133
; 8769; 134
; 8820; 135
; 8871; 136
; 8921; 137
; 8972; 138
; 9024; 139
; 9075; 140
; 9126; 141
; 9176; 142
; 9227; 143
; 9277; 144
; 9327; 145
; 9377; 146
; 9428; 147
; 9478; 148
; 9529; 149
; 9580; 150
; 9630; 151
; 9681; 152
; 9731; 153
; 9782; 154
; 9833; 155
; 9883; 156
; 9934; 157
; 9984; 158
; 10035; 159
; 10086; 160
; 10137; 161
; 10188; 162
; 10239; 163
; 10290; 164
; 10341; 165
; 10392; 166
; 10443; 167
; 10494; 168
; 10546; 169
; 10596; 170
; 10647; 171
; 10698; 172
; 10749; 173
; 10800; 174
; 10850; 175
; 10901; 176
; 10952; 177
; 11002; 178
; 11053; 179
; 11103; 180
; 11155; 181
; 11205; 182
; 11256; 183
; 11307; 184
; 11358; 185
; 11409; 186
; 11458; 187
; 11509; 188
; 11561; 189
; 11611; 190
; 11662; 191
; 11713; 192
; 11763; 193
; 11814; 194
; 11864; 195
; 11914; 196
; 11966; 197
; 12018; 198
; 12068; 199
; 12119; 200
; 12170; 201
; 12220; 202
; 12271; 203
; 12321; 204
; 12372; 205
; 12423; 206
; 12475; 207
; 12526; 208
; 12576; 209
; 12627; 210
; 12678; 211
; 12729; 212
; 12780; 213
; 12829; 214
; 12881; 215
; 12932; 216
; 12983; 217
; 13034; 218
; 13084; 219
; 13135; 220
; 13185; 221
; 13236; 222
; 13287; 223
; 13337; 224
; 13388; 225
; 13439; 226
; 13489; 227
; 13540; 228
; 13590; 229
; 13640; 230
; 13691; 231
; 13742; 232
; 13792; 233
; 13844; 234
; 13894; 235
; 13945; 236
; 13996; 237
; 14047; 238
; 14097; 239
; 14148; 240
; 14198; 241
; 14248; 242
; 14299; 243
; 14350; 244
; 14402; 245
; 14452; 246
; 14503; 247
; 14555; 248
; 14606; 249
; 14656; 250
; 14706; 251
; 14756; 252
; 14807; 253
; 14857; 254
; 14908; 255
; 14960; 256
; 15010; 257
; 15061; 258
; 15112; 259
; 15162; 260
; 15213; 261
; 15264; 262
; 15314; 263
; 15366; 264
; 15418; 265
; 15468; 266
; 15518; 267
; 15569; 268
; 15620; 269
; 15670; 270
; 15720; 271
; 15771; 272
; 15821; 273
; 15871; 274
; 15923; 275
; 15973; 276
; 16024; 277
; 16073; 278
; 16124; 279
; 16175; 280
; 16225; 281
; 16276; 282
; 16327; 283
; 16378; 284
; 16429; 285
; 16480; 286
; 16531; 287
; 16581; 288
; 16632; 289
; 16683; 290
; 16733; 291
; 16784; 292
; 16835; 293
; 16885; 294
; 16935; 295
; 16986; 296
; 17036; 297
; 17087; 298
; 17139; 299
; 17189; 300
; 17240; 301
; 17291; 302
; 17341; 303
; 17391; 304
; 17442; 305
; 17493; 306
; 17544; 307
; 17594; 308
; 17645; 309
; 17695; 310
; 17745; 311
; 17797; 312
; 17848; 313
; 17898; 314
; 17949; 315
; 17999; 316
; 18050; 317
; 18100; 318
; 18151; 319
; 18203; 320
; 18252; 321
; 18303; 322
; 18353; 323
; 18403; 324
; 18455; 325
; 18505; 326
; 18556; 327
; 18608; 328
; 18659; 329
; 18709; 330
; 18760; 331
; 18810; 332
; 18861; 333
; 18912; 334
; 18963; 335
; 19013; 336
; 19064; 337
; 19114; 338
; 19164; 339
; 19213; 340
; 19264; 341
; 19314; 342
; 19365; 343
; 19416; 344
; 19467; 345
; 19517; 346
; 19568; 347
; 19617; 348
; 19668; 349
; 19719; 350
; 19771; 351
; 19821; 352
; 19871; 353
; 19922; 354
; 19974; 355
; 20025; 356
; 20076; 357
; 20127; 358
; 20179; 359
; 20229; 360
; 20280; 361
; 20331; 362
; 20382; 363
; 20433; 364
; 20483; 365
; 20534; 366
; 20585; 367
; 20635; 368
; 20686; 369
; 20736; 370
; 20786; 371
; 20837; 372
; 20887; 373
; 20939; 374
; 20989; 375
; 21039; 376
; 21090; 377
; 21141; 378
; 21192; 379
; 21243; 380
; 21293; 381
; 21343; 382
; 21394; 383
; 21445; 384
; 21496; 385
; 21547; 386
; 21597; 387
; 21647; 388
; 21698; 389
; 21748; 390
; 21799; 391
; 21850; 392
; 21901; 393
; 21951; 394
; 22002; 395
; 22054; 396
; 22105; 397
; 22156; 398
; 22206; 399
; 22256; 400
; 22306; 401
; 22357; 402
; 22408; 403
; 22460; 404
; 22510; 405
; 22560; 406
; 22611; 407
; 22661; 408
; 22713; 409
; 22763; 410
; 22813; 411
; 22864; 412
; 22914; 413
; 22966; 414
; 23015; 415
; 23066; 416
; 23116; 417
; 23168; 418
; 23219; 419
; 23269; 420
; 23319; 421
; 23370; 422
; 23421; 423
; 23473; 424
; 23523; 425
; 23574; 426
; 23624; 427
; 23674; 428
; 23725; 429
; 23776; 430
; 23827; 431
; 23877; 432
; 23927; 433
; 23978; 434
; 24029; 435
; 24079; 436
; 24129; 437
; 24179; 438
; 24229; 439
; 24280; 440
; 24331; 441
; 24382; 442
; 24432; 443
; 24484; 444
; 24534; 445
; 24586; 446
; 24637; 447
; 24687; 448
; 24739; 449
; 24790; 450
; 24840; 451
; 24891; 452
; 24942; 453
; 24992; 454
; 25042; 455
; 25094; 456
; 25145; 457
; 25196; 458
; 25247; 459
; 25297; 460
; 25348; 461
; 25398; 462
; 25448; 463
; 25498; 464
; 25548; 465
; 25599; 466
; 25649; 467
; 25699; 468
; 25750; 469
; 25800; 470
; 25850; 471
; 25901; 472
; 25952; 473
; 26003; 474
; 26053; 475
; 26105; 476
; 26156; 477
; 26206; 478
; 26257; 479
; 26307; 480
; 26357; 481
; 26408; 482
; 26459; 483
; 26510; 484
; 26561; 485
; 26612; 486
; 26664; 487
; 26714; 488
; 26765; 489
; 26817; 490
; 26867; 491
; 26918; 492
; 26969; 493
; 27019; 494
; 27069; 495
; 27120; 496
; 27170; 497
; 27221; 498
; 27272; 499
; 27322; 500
; 27372; 501
; 27423; 502
; 27474; 503
; 27525; 504
; 27576; 505
; 27627; 506
; 27678; 507
; 27729; 508
; 27781; 509
; 27832; 510
; 27884; 511
; 27934; 512
; 27984; 513
; 28034; 514
; 28084; 515
; 28136; 516
; 28186; 517
; 28237; 518
; 28288; 519
; 28339; 520
; 28390; 521
; 28440; 522
; 28491; 523
; 28541; 524
; 28591; 525
; 28641; 526
; 28693; 527
; 28744; 528
; 28795; 529
; 28846; 530
; 28896; 531
; 28947; 532
; 28998; 533
; 29048; 534
; 29098; 535
; 29149; 536
; 29200; 537
; 29250; 538
; 29301; 539
; 29352; 540
; 29404; 541
; 29454; 542
; 29504; 543
; 29555; 544
; 29605; 545
; 29657; 546
; 29708; 547
; 29759; 548
; 29810; 549
; 29860; 550
; 29910; 551
; 29960; 552
; 30011; 553
; 30061; 554
; 30111; 555
; 30162; 556
; 30213; 557
; 30264; 558
; 30315; 559
; 30367; 560
; 30418; 561
; 30468; 562
; 30518; 563
; 30568; 564
; 30620; 565
; 30672; 566
; 30722; 567
; 30772; 568
; 30823; 569
; 30874; 570
; 30924; 571
; 30975; 572
; 31025; 573
; 31075; 574
; 31126; 575
; 31177; 576
; 31227; 577
; 31279; 578
; 31330; 579
; 31381; 580
; 31431; 581
; 31483; 582
; 31533; 583
; 31583; 584
; 31635; 585
; 31685; 586
; 31736; 587
; 31787; 588
; 31837; 589
; 31887; 590
; 31938; 591
; 31989; 592
; 32040; 593
; 32091; 594
; 32142; 595
; 32193; 596
; 32243; 597
; 32294; 598
; 32345; 599
; 32396; 600
; 32447; 601
; 32498; 602
; 32549; 603
; 32600; 604
; 32650; 605
; 32700; 606
; 32750; 607
; 32801; 608
; 32851; 609
; 32901; 610
; 32951; 611
; 33001; 612
; 33052; 613
; 33102; 614
; 33152; 615
; 33202; 616
; 33253; 617
; 33303; 618
; 33354; 619
; 33405; 620
; 33455; 621
; 33505; 622
; 33556; 623
; 33607; 624
; 33658; 625
; 33710; 626
; 33760; 627
; 33811; 628
; 33863; 629
; 33913; 630
; 33962; 631
; 34013; 632
; 34064; 633
; 34114; 634
; 34166; 635
; 34218; 636
; 34268; 637
; 34320; 638
; 34371; 639
; 34421; 640
; 34471; 641
; 34521; 642
; 34571; 643
; 34621; 644
; 34673; 645
; 34723; 646
; 34775; 647
; 34825; 648
; 34875; 649
; 34926; 650
; 34977; 651
; 35027; 652
; 35077; 653
; 35127; 654
; 35177; 655
; 35228; 656
; 35278; 657
; 35329; 658
; 35379; 659
; 35431; 660
; 35482; 661
; 35533; 662
; 35583; 663
; 35634; 664
; 35685; 665
; 35736; 666
; 35788; 667
; 35838; 668
; 35889; 669
; 35939; 670
; 35990; 671
; 36040; 672
; 36091; 673
; 36142; 674
; 36193; 675
; 36243; 676
; 36295; 677
; 36344; 678
; 36395; 679
; 36445; 680
; 36496; 681
; 36546; 682
; 36597; 683
; 36648; 684
; 36698; 685
; 36749; 686
; 36800; 687
; 36851; 688
; 36903; 689
; 36953; 690
; 37004; 691
; 37055; 692
; 37106; 693
; 37156; 694
; 37207; 695
; 37257; 696
; 37308; 697
; 37358; 698
; 37410; 699
; 37460; 700
; 37511; 701
; 37562; 702
; 37612; 703
; 37663; 704
; 37715; 705
; 37765; 706
; 37816; 707
; 37867; 708
; 37918; 709
; 37969; 710
; 38019; 711
; 38070; 712
; 38121; 713
; 38172; 714
; 38224; 715
; 38274; 716
; 38326; 717
; 38377; 718
; 38428; 719
; 38479; 720
; 38530; 721
; 38581; 722
; 38633; 723
; 38683; 724
; 38734; 725
; 38785; 726
; 38837; 727
; 38887; 728
; 38936; 729
; 38987; 730
; 39038; 731
; 39087; 732
; 39138; 733
; 39190; 734
; 39240; 735
; 39291; 736
; 39341; 737
; 39392; 738
; 39444; 739
; 39494; 740
; 39544; 741
; 39595; 742
; 39645; 743
; 39695; 744
; 39746; 745
; 39797; 746
; 39848; 747
; 39900; 748
; 39951; 749
; 40001; 750
; 40051; 751
; 40102; 752
; 40152; 753
; 40202; 754
; 40253; 755
; 40304; 756
; 40355; 757
; 40406; 758
; 40457; 759
; 40509; 760
; 40560; 761
; 40610; 762
; 40661; 763
; 40712; 764
; 40763; 765
; 40814; 766
; 40864; 767
; 40914; 768
; 40964; 769
; 41015; 770
; 41066; 771
; 41117; 772
; 41167; 773
; 41219; 774
; 41270; 775
; 41321; 776
; 41372; 777
; 41423; 778
; 41473; 779
; 41524; 780
; 41576; 781
; 41626; 782
; 41678; 783
; 41729; 784
; 41780; 785
; 41830; 786
; 41881; 787
; 41932; 788
; 41982; 789
; 42033; 790
; 42084; 791
; 42135; 792
; 42187; 793
; 42237; 794
; 42288; 795
; 42339; 796
; 42390; 797
; 42441; 798
; 42492; 799
; 42542; 800
; 42593; 801
; 42643; 802
; 42693; 803
; 42743; 804
; 42795; 805
; 42845; 806
; 42895; 807
; 42945; 808
; 42995; 809
; 43046; 810
; 43097; 811
; 43146; 812
; 43198; 813
; 43248; 814
; 43298; 815
; 43349; 816
; 43400; 817
; 43451; 818
; 43501; 819
; 43552; 820
; 43602; 821
; 43653; 822
; 43703; 823
; 43754; 824
; 43805; 825
; 43855; 826
; 43907; 827
; 43957; 828
; 44007; 829
; 44057; 830
; 44109; 831
; 44159; 832
; 44210; 833
; 44261; 834
; 44312; 835
; 44363; 836
; 44414; 837
; 44466; 838
; 44516; 839
; 44566; 840
; 44617; 841
; 44668; 842
; 44719; 843
; 44770; 844
; 44822; 845
; 44873; 846
; 44924; 847
; 44975; 848
; 45026; 849
; 45076; 850
; 45128; 851
; 45179; 852
; 45230; 853
; 45280; 854
; 45331; 855
; 45382; 856
; 45432; 857
; 45483; 858
; 45534; 859
; 45583; 860
; 45634; 861
; 45685; 862
; 45736; 863
; 45788; 864
; 45840; 865
; 45890; 866
; 45941; 867
; 45992; 868
; 46043; 869
; 46094; 870
; 46144; 871
; 46195; 872
; 46245; 873
; 46297; 874
; 46347; 875
; 46398; 876
; 46449; 877
; 46499; 878
; 46550; 879
; 46601; 880
; 46652; 881
; 46702; 882
; 46753; 883
; 46803; 884
; 46855; 885
; 46905; 886
; 46956; 887
; 47006; 888
; 47056; 889
; 47107; 890
; 47157; 891
; 47208; 892
; 47258; 893
; 47309; 894
; 47360; 895
; 47411; 896
; 47461; 897
; 47512; 898
; 47562; 899
; 47613; 900
; 47663; 901
; 47714; 902
; 47765; 903
; 47816; 904
; 47867; 905
; 47918; 906
; 47969; 907
; 48020; 908
; 48070; 909
; 48120; 910
; 48171; 911
; 48222; 912
; 48273; 913
; 48324; 914
; 48374; 915
; 48424; 916
; 48474; 917
; 48525; 918
; 48576; 919
; 48627; 920
; 48678; 921
; 48729; 922
; 48779; 923
; 48830; 924
; 48880; 925
; 48931; 926
; 48982; 927
; 49032; 928
; 49083; 929
; 49133; 930
; 49184; 931
; 49235; 932
; 49285; 933
; 49336; 934
; 49387; 935
; 49438; 936
; 49489; 937
; 49539; 938
; 49590; 939
; 49640; 940
; 49690; 941
; 49742; 942
; 49793; 943
; 49843; 944
; 49893; 945
; 49945; 946
; 49994; 947
; 50045; 948
; 50096; 949
; 50148; 950
; 50199; 951
; 50251; 952
; 50300; 953
; 50351; 954
; 50401; 955
; 50452; 956
; 50503; 957
; 50554; 958
; 50604; 959
; 50654; 960
; 50704; 961
; 50755; 962
; 50805; 963
; 50855; 964
; 50907; 965
; 50958; 966
3.Variable; PLC_PRG.emergency_stop
3.Address.AddrFlags; 0x00000000
3.Class; 0
3.Size; 1
3.GraphColor; 4290623339
3.GraphType; 1
3.MinWarningColor; 4278190080
3.MaxWarningColor; 4294901760
3.CriticalLowerLimit; 0
3.CriticalUpperLimit; 0
3.ActivateMinWarning; 0
3.ActivateMaxWarning; 0
3.YAxis; 0
3.Data; 
; 51; 0
; 102; 0
; 152; 0
; 203; 0
; 254; 0
; 304; 0
; 355; 0
; 406; 0
; 456; 0
; 507; 0
; 558; 0
; 608; 0
; 658; 0
; 709; 0
; 760; 0
; 811; 0
; 861; 0
; 912; 0
; 963; 0
; 1013; 0
; 1064; 0
; 1116; 0
; 1166; 0
; 1217; 0
; 1267; 0
; 1318; 0
; 1369; 0
; 1419; 0
; 1470; 0
; 1520; 0
; 1571; 0
; 1622; 0
; 1672; 0
; 1722; 0
; 1774; 0
; 1823; 0
; 1875; 0
; 1926; 0
; 1977; 0
; 2027; 0
; 2078; 0
; 2129; 0
; 2180; 0
; 2230; 0
; 2280; 0
; 2331; 0
; 2382; 0
; 2433; 0
; 2484; 0
; 2534; 0
; 2584; 0
; 2635; 0
; 2686; 0
; 2735; 0
; 2787; 0
; 2837; 0
; 2888; 0
; 2940; 0
; 2991; 0
; 3042; 0
; 3091; 0
; 3142; 0
; 3192; 0
; 3244; 0
; 3294; 0
; 3346; 0
; 3397; 0
; 3447; 0
; 3498; 0
; 3548; 0
; 3599; 0
; 3651; 0
; 3701; 0
; 3753; 0
; 3804; 0
; 3855; 0
; 3905; 0
; 3956; 0
; 4006; 0
; 4056; 0
; 4106; 0
; 4158; 0
; 4208; 0
; 4258; 0
; 4309; 0
; 4360; 0
; 4410; 0
; 4460; 0
; 4511; 0
; 4561; 0
; 4611; 0
; 4662; 0
; 4712; 0
; 4762; 0
; 4813; 0
; 4864; 0
; 4914; 0
; 4964; 0
; 5016; 0
; 5066; 0
; 5116; 0
; 5167; 0
; 5218; 0
; 5268; 0
; 5318; 0
; 5369; 0
; 5420; 0
; 5470; 0
; 5520; 0
; 5570; 0
; 5621; 0
; 5672; 0
; 5723; 0
; 5774; 0
; 5825; 0
; 5876; 0
; 5927; 0
; 5978; 0
; 6028; 0
; 6079; 0
; 6130; 0
; 6181; 0
; 6232; 0
; 6282; 0
; 6333; 0
; 6384; 0
; 6435; 0
; 6486; 0
; 6537; 0
; 6589; 0
; 6640; 0
; 6690; 0
; 6741; 0
; 6792; 0
; 6843; 0
; 6893; 0
; 6943; 0
; 6993; 0
; 7044; 0
; 7095; 0
; 7146; 0
; 7196; 0
; 7246; 0
; 7297; 0
; 7347; 0
; 7397; 0
; 7448; 0
; 7499; 0
; 7551; 0
; 7601; 0
; 7653; 0
; 7704; 0
; 7755; 0
; 7805; 0
; 7855; 0
; 7905; 0
; 7955; 0
; 8007; 0
; 8057; 0
; 8108; 0
; 8159; 0
; 8210; 0
; 8262; 0
; 8312; 0
; 8363; 0
; 8415; 0
; 8465; 0
; 8515; 0
; 8566; 0
; 8616; 0
; 8667; 0
; 8718; 0
; 8769; 0
; 8820; 0
; 8871; 0
; 8921; 0
; 8972; 0
; 9024; 0
; 9075; 0
; 9126; 0
; 9176; 0
; 9227; 0
; 9277; 0
; 9327; 0
; 9377; 0
; 9428; 0
; 9478; 0
; 9529; 0
; 9580; 0
; 9630; 0
; 9681; 0
; 9731; 0
; 9782; 0
; 9833; 0
; 9883; 0
; 9934; 0
; 9984; 0
; 10035; 0
; 10086; 0
; 10137; 0
; 10188; 0
; 10239; 0
; 10290; 0
; 10341; 0
; 10392; 0
; 10443; 0
; 10494; 0
; 10546; 0
; 10596; 0
; 10647; 0
; 10698; 0
; 10749; 0
; 10800; 0
; 10850; 0
; 10901; 0
; 10952; 0
; 11002; 0
; 11053; 0
; 11103; 0
; 11155; 0
; 11205; 0
; 11256; 0
; 11307; 0
; 11358; 0
; 11409; 0
; 11458; 0
; 11509; 0
; 11561; 0
; 11611; 0
; 11662; 0
; 11713; 0
; 11763; 0
; 11814; 0
; 11864; 0
; 11914; 0
; 11966; 0
; 12018; 0
; 12068; 0
; 12119; 0
; 12170; 0
; 12220; 0
; 12271; 0
; 12321; 0
; 12372; 0
; 12423; 0
; 12475; 0
; 12526; 0
; 12576; 0
; 12627; 0
; 12678; 0
; 12729; 0
; 12780; 0
; 12829; 0
; 12881; 0
; 12932; 0
; 12983; 0
; 13034; 0
; 13084; 0
; 13135; 0
; 13185; 0
; 13236; 0
; 13287; 0
; 13337; 0
; 13388; 0
; 13439; 0
; 13489; 0
; 13540; 0
; 13590; 0
; 13640; 0
; 13691; 0
; 13742; 0
; 13792; 0
; 13844; 0
; 13894; 0
; 13945; 0
; 13996; 0
; 14047; 0
; 14097; 0
; 14148; 0
; 14198; 0
; 14248; 0
; 14299; 0
; 14350; 0
; 14402; 0
; 14452; 0
; 14503; 0
; 14555; 0
; 14606; 0
; 14656; 0
; 14706; 0
; 14756; 0
; 14807; 0
; 14857; 0
; 14908; 0
; 14960; 0
; 15010; 0
; 15061; 0
; 15112; 0
; 15162; 0
; 15213; 0
; 15264; 0
; 15314; 0
; 15366; 0
; 15418; 0
; 15468; 0
; 15518; 0
; 15569; 0
; 15620; 0
; 15670; 0
; 15720; 0
; 15771; 0
; 15821; 0
; 15871; 0
; 15923; 0
; 15973; 0
; 16024; 0
; 16073; 0
; 16124; 0
; 16175; 0
; 16225; 0
; 16276; 0
; 16327; 0
; 16378; 0
; 16429; 0
; 16480; 0
; 16531; 0
; 16581; 0
; 16632; 0
; 16683; 0
; 16733; 0
; 16784; 0
; 16835; 0
; 16885; 0
; 16935; 0
; 16986; 0
; 17036; 0
; 17087; 0
; 17139; 0
; 17189; 0
; 17240; 0
; 17291; 0
; 17341; 0
; 17391; 0
; 17442; 0
; 17493; 0
; 17544; 0
; 17594; 0
; 17645; 0
; 17695; 0
; 17745; 0
; 17797; 0
; 17848; 0
; 17898; 0
; 17949; 0
; 17999; 0
; 18050; 0
; 18100; 0
; 18151; 0
; 18203; 0
; 18252; 0
; 18303; 0
; 18353; 0
; 18403; 0
; 18455; 0
; 18505; 0
; 18556; 0
; 18608; 0
; 18659; 0
; 18709; 0
; 18760; 0
; 18810; 0
; 18861; 0
; 18912; 0
; 18963; 0
; 19013; 0
; 19064; 0
; 19114; 0
; 19164; 0
; 19213; 0
; 19264; 0
; 19314; 0
; 19365; 0
; 19416; 0
; 19467; 0
; 19517; 0
; 19568; 0
; 19617; 0
; 19668; 0
; 19719; 0
; 19771; 0
; 19821; 0
; 19871; 0
; 19922; 0
; 19974; 0
; 20025; 0
; 20076; 0
; 20127; 0
; 20179; 0
; 20229; 0
; 20280; 0
; 20331; 0
; 20382; 0
; 20433; 0
; 20483; 0
; 20534; 0
; 20585; 0
; 20635; 0
; 20686; 0
; 20736; 0
; 20786; 0
; 20837; 0
; 20887; 0
; 20939; 0
; 20989; 0
; 21039; 0
; 21090; 0
; 21141; 0
; 21192; 0
; 21243; 0
; 21293; 0
; 21343; 0
; 21394; 0
; 21445; 0
; 21496; 0
; 21547; 0
; 21597; 0
; 21647; 0
; 21698; 0
; 21748; 0
; 21799; 0
; 21850; 0
; 21901; 0
; 21951; 0
; 22002; 0
; 22054; 0
; 22105; 0
; 22156; 0
; 22206; 0
; 22256; 0
; 22306; 0
; 22357; 0
; 22408; 0
; 22460; 0
; 22510; 0
; 22560; 0
; 22611; 0
; 22661; 0
; 22713; 0
; 22763; 0
; 22813; 0
; 22864; 0
; 22914; 0
; 22966; 0
; 23015; 0
; 23066; 0
; 23116; 0
; 23168; 0
; 23219; 0
; 23269; 0
; 23319; 0
; 23370; 0
; 23421; 0
; 23473; 0
; 23523; 0
; 23574; 0
; 23624; 0
; 23674; 0
; 23725; 0
; 23776; 0
; 23827; 0
; 23877; 0
; 23927; 0
; 23978; 0
; 24029; 0
; 24079; 0
; 24129; 0
; 24179; 0
; 24229; 0
; 24280; 0
; 24331; 0
; 24382; 0
; 24432; 0
; 24484; 0
; 24534; 0
; 24586; 0
; 24637; 0
; 24687; 0
; 24739; 0
; 24790; 0
; 24840; 0
; 24891; 0
; 24942; 0
; 24992; 0
; 25042; 0
; 25094; 0
; 25145; 0
; 25196; 0
; 25247; 0
; 25297; 0
; 25348; 0
; 25398; 0
; 25448; 0
; 25498; 0
; 25548; 0
; 25599; 0
; 25649; 0
; 25699; 0
; 25750; 0
; 25800; 0
; 25850; 0
; 25901; 0
; 25952; 0
; 26003; 0
; 26053; 0
; 26105; 0
; 26156; 0
; 26206; 0
; 26257; 0
; 26307; 0
; 26357; 0
; 26408; 0
; 26459; 0
; 26510; 0
; 26561; 0
; 26612; 0
; 26664; 0
; 26714; 0
; 26765; 0
; 26817; 0
; 26867; 0
; 26918; 0
; 26969; 0
; 27019; 0
; 27069; 0
; 27120; 0
; 27170; 0
; 27221; 0
; 27272; 0
; 27322; 0
; 27372; 0
; 27423; 0
; 27474; 0
; 27525; 0
; 27576; 0
; 27627; 0
; 27678; 0
; 27729; 0
; 27781; 0
; 27832; 0
; 27884; 0
; 27934; 0
; 27984; 0
; 28034; 0
; 28084; 0
; 28136; 0
; 28186; 0
; 28237; 0
; 28288; 0
; 28339; 0
; 28390; 0
; 28440; 0
; 28491; 0
; 28541; 0
; 28591; 0
; 28641; 0
; 28693; 0
; 28744; 0
; 28795; 0
; 28846; 0
; 28896; 0
; 28947; 0
; 28998; 0
; 29048; 0
; 29098; 0
; 29149; 0
; 29200; 0
; 29250; 0
; 29301; 0
; 29352; 0
; 29404; 0
; 29454; 0
; 29504; 0
; 29555; 0
; 29605; 0
; 29657; 0
; 29708; 0
; 29759; 0
; 29810; 0
; 29860; 0
; 29910; 0
; 29960; 0
; 30011; 0
; 30061; 0
; 30111; 0
; 30162; 0
; 30213; 0
; 30264; 0
; 30315; 0
; 30367; 0
; 30418; 0
; 30468; 0
; 30518; 0
; 30568; 0
; 30620; 0
; 30672; 0
; 30722; 0
; 30772; 0
; 30823; 0
; 30874; 0
; 30924; 0
; 30975; 0
; 31025; 0
; 31075; 0
; 31126; 0
; 31177; 0
; 31227; 0
; 31279; 0
; 31330; 0
; 31381; 0
; 31431; 0
; 31483; 0
; 31533; 0
; 31583; 0
; 31635; 0
; 31685; 0
; 31736; 0
; 31787; 0
; 31837; 0
; 31887; 0
; 31938; 0
; 31989; 0
; 32040; 0
; 32091; 0
; 32142; 0
; 32193; 0
; 32243; 0
; 32294; 0
; 32345; 0
; 32396; 0
; 32447; 0
; 32498; 0
; 32549; 0
; 32600; 0
; 32650; 0
; 32700; 0
; 32750; 0
; 32801; 0
; 32851; 0
; 32901; 0
; 32951; 0
; 33001; 0
; 33052; 0
; 33102; 0
; 33152; 0
; 33202; 0
; 33253; 0
; 33303; 0
; 33354; 0
; 33405; 0
; 33455; 0
; 33505; 0
; 33556; 0
; 33607; 0
; 33658; 0
; 33710; 0
; 33760; 0
; 33811; 0
; 33863; 0
; 33913; 0
; 33962; 0
; 34013; 0
; 34064; 0
; 34114; 0
; 34166; 0
; 34218; 0
; 34268; 0
; 34320; 0
; 34371; 0
; 34421; 0
; 34471; 0
; 34521; 0
; 34571; 0
; 34621; 0
; 34673; 0
; 34723; 0
; 34775; 0
; 34825; 0
; 34875; 0
; 34926; 0
; 34977; 0
; 35027; 0
; 35077; 0
; 35127; 0
; 35177; 0
; 35228; 0
; 35278; 0
; 35329; 0
; 35379; 0
; 35431; 0
; 35482; 0
; 35533; 0
; 35583; 0
; 35634; 0
; 35685; 0
; 35736; 0
; 35788; 0
; 35838; 0
; 35889; 0
; 35939; 0
; 35990; 0
; 36040; 0
; 36091; 0
; 36142; 0
; 36193; 0
; 36243; 0
; 36295; 0
; 36344; 0
; 36395; 0
; 36445; 0
; 36496; 0
; 36546; 0
; 36597; 0
; 36648; 0
; 36698; 0
; 36749; 0
; 36800; 0
; 36851; 0
; 36903; 0
; 36953; 0
; 37004; 0
; 37055; 0
; 37106; 0
; 37156; 0
; 37207; 0
; 37257; 0
; 37308; 0
; 37358; 0
; 37410; 0
; 37460; 0
; 37511; 0
; 37562; 0
; 37612; 0
; 37663; 0
; 37715; 0
; 37765; 0
; 37816; 0
; 37867; 0
; 37918; 0
; 37969; 0
; 38019; 0
; 38070; 0
; 38121; 0
; 38172; 0
; 38224; 0
; 38274; 0
; 38326; 0
; 38377; 0
; 38428; 0
; 38479; 0
; 38530; 0
; 38581; 0
; 38633; 0
; 38683; 0
; 38734; 0
; 38785; 0
; 38837; 0
; 38887; 0
; 38936; 0
; 38987; 0
; 39038; 0
; 39087; 0
; 39138; 0
; 39190; 0
; 39240; 0
; 39291; 0
; 39341; 0
; 39392; 0
; 39444; 0
; 39494; 0
; 39544; 0
; 39595; 0
; 39645; 0
; 39695; 0
; 39746; 0
; 39797; 0
; 39848; 0
; 39900; 0
; 39951; 0
; 40001; 0
; 40051; 0
; 40102; 0
; 40152; 0
; 40202; 0
; 40253; 0
; 40304; 0
; 40355; 0
; 40406; 0
; 40457; 0
; 40509; 0
; 40560; 0
; 40610; 0
; 40661; 0
; 40712; 0
; 40763; 0
; 40814; 0
; 40864; 0
; 40914; 0
; 40964; 0
; 41015; 0
; 41066; 0
; 41117; 0
; 41167; 0
; 41219; 0
; 41270; 0
; 41321; 0
; 41372; 0
; 41423; 0
; 41473; 0
; 41524; 0
; 41576; 0
; 41626; 0
; 41678; 0
; 41729; 0
; 41780; 0
; 41830; 0
; 41881; 0
; 41932; 0
; 41982; 0
; 42033; 0
; 42084; 0
; 42135; 0
; 42187; 0
; 42237; 0
; 42288; 0
; 42339; 0
; 42390; 0
; 42441; 0
; 42492; 0
; 42542; 0
; 42593; 0
; 42643; 0
; 42693; 0
; 42743; 0
; 42795; 0
; 42845; 0
; 42895; 0
; 42945; 0
; 42995; 0
; 43046; 0
; 43097; 0
; 43146; 0
; 43198; 0
; 43248; 0
; 43298; 0
; 43349; 0
; 43400; 0
; 43451; 0
; 43501; 0
; 43552; 0
; 43602; 0
; 43653; 0
; 43703; 0
; 43754; 0
; 43805; 0
; 43855; 0
; 43907; 0
; 43957; 0
; 44007; 0
; 44057; 0
; 44109; 0
; 44159; 0
; 44210; 0
; 44261; 0
; 44312; 0
; 44363; 0
; 44414; 0
; 44466; 0
; 44516; 0
; 44566; 0
; 44617; 0
; 44668; 0
; 44719; 0
; 44770; 0
; 44822; 0
; 44873; 0
; 44924; 0
; 44975; 0
; 45026; 0
; 45076; 0
; 45128; 0
; 45179; 0
; 45230; 0
; 45280; 0
; 45331; 0
; 45382; 0
; 45432; 0
; 45483; 0
; 45534; 0
; 45583; 0
; 45634; 0
; 45685; 0
; 45736; 0
; 45788; 0
; 45840; 0
; 45890; 0
; 45941; 0
; 45992; 0
; 46043; 0
; 46094; 0
; 46144; 0
; 46195; 0
; 46245; 0
; 46297; 0
; 46347; 0
; 46398; 0
; 46449; 0
; 46499; 0
; 46550; 0
; 46601; 0
; 46652; 0
; 46702; 0
; 46753; 0
; 46803; 0
; 46855; 0
; 46905; 0
; 46956; 0
; 47006; 0
; 47056; 0
; 47107; 0
; 47157; 0
; 47208; 0
; 47258; 0
; 47309; 0
; 47360; 0
; 47411; 0
; 47461; 0
; 47512; 0
; 47562; 0
; 47613; 0
; 47663; 0
; 47714; 0
; 47765; 0
; 47816; 0
; 47867; 0
; 47918; 0
; 47969; 0
; 48020; 0
; 48070; 0
; 48120; 0
; 48171; 0
; 48222; 0
; 48273; 0
; 48324; 0
; 48374; 0
; 48424; 0
; 48474; 0
; 48525; 0
; 48576; 0
; 48627; 0
; 48678; 0
; 48729; 0
; 48779; 0
; 48830; 0
; 48880; 0
; 48931; 0
; 48982; 0
; 49032; 0
; 49083; 0
; 49133; 0
; 49184; 0
; 49235; 0
; 49285; 0
; 49336; 0
; 49387; 0
; 49438; 0
; 49489; 0
; 49539; 0
; 49590; 0
; 49640; 0
; 49690; 0
; 49742; 0
; 49793; 0
; 49843; 0
; 49893; 0
; 49945; 0
; 49994; 0
; 50045; 0
; 50096; 0
; 50148; 0
; 50199; 0
; 50251; 0
; 50300; 0
; 50351; 0
; 50401; 0
; 50452; 0
; 50503; 0
; 50554; 0
; 50604; 0
; 50654; 0
; 50704; 0
; 50755; 0
; 50805; 0
; 50855; 0
; 50907; 0
4.Variable; PLC_PRG.feed_flow
4.Address.AddrFlags; 0x00000000
4.Class; 14
4.Size; 4
4.GraphColor; 4278255615
4.GraphType; 1
4.MinWarningColor; 4278190080
4.MaxWarningColor; 4294901760
4.CriticalLowerLimit; 0
4.CriticalUpperLimit; 0
4.ActivateMinWarning; 0
4.ActivateMaxWarning; 0
4.YAxis; 0
4.Data; 
; 51; 40
; 102; 40
; 152; 40
; 203; 40
; 254; 40
; 304; 40
; 355; 40
; 406; 40
; 456; 40
; 507; 40
; 558; 40
; 608; 40
; 658; 40
; 709; 40
; 760; 40
; 811; 40
; 861; 40
; 912; 40
; 963; 40
; 1013; 40
; 1064; 40
; 1116; 40
; 1166; 40
; 1217; 40
; 1267; 40
; 1318; 40
; 1369; 40
; 1419; 40
; 1470; 40
; 1520; 40
; 1571; 40
; 1622; 40
; 1672; 40
; 1722; 40
; 1774; 40
; 1823; 40
; 1875; 40
; 1926; 40
; 1977; 40
; 2027; 40.020000457763672
; 2078; 40.040000915527344
; 2129; 40.060001373291016
; 2180; 40.080001831054688
; 2230; 40.100002288818359
; 2280; 40.120002746582031
; 2331; 40.1400032043457
; 2382; 40.160003662109375
; 2433; 40.180004119873047
; 2484; 40.200004577636719
; 2534; 40.220005035400391
; 2584; 40.240005493164063
; 2635; 40.260005950927734
; 2686; 40.280006408691406
; 2735; 40.300006866455078
; 2787; 40.32000732421875
; 2837; 40.340007781982422
; 2888; 40.360008239746094
; 2940; 40.380008697509766
; 2991; 40.400009155273438
; 3042; 40.420009613037109
; 3091; 40.440010070800781
; 3142; 40.460010528564453
; 3192; 40.480010986328125
; 3244; 40.5000114440918
; 3294; 40.520011901855469
; 3346; 40.540012359619141
; 3397; 40.560012817382813
; 3447; 40.580013275146484
; 3498; 40.600013732910156
; 3548; 40.620014190673828
; 3599; 40.6400146484375
; 3651; 40.660015106201172
; 3701; 40.680015563964844
; 3753; 40.700016021728516
; 3804; 40.720016479492188
; 3855; 40.740016937255859
; 3905; 40.760017395019531
; 3956; 40.7800178527832
; 4006; 40.800018310546875
; 4056; 40.820018768310547
; 4106; 40.840019226074219
; 4158; 40.860019683837891
; 4208; 40.880020141601563
; 4258; 40.900020599365234
; 4309; 40.920021057128906
; 4360; 40.940021514892578
; 4410; 40.96002197265625
; 4460; 40.980022430419922
; 4511; 41.000022888183594
; 4561; 41.020023345947266
; 4611; 41.040023803710938
; 4662; 41.060024261474609
; 4712; 41.080024719238281
; 4762; 41.100025177001953
; 4813; 41.120025634765625
; 4864; 41.1400260925293
; 4914; 41.160026550292969
; 4964; 41.180027008056641
; 5016; 41.200027465820313
; 5066; 41.220027923583984
; 5116; 41.240028381347656
; 5167; 41.260028839111328
; 5218; 41.280029296875
; 5268; 41.300029754638672
; 5318; 41.320030212402344
; 5369; 41.340030670166016
; 5420; 41.360031127929688
; 5470; 41.380031585693359
; 5520; 41.400032043457031
; 5570; 41.4200325012207
; 5621; 41.440032958984375
; 5672; 41.460033416748047
; 5723; 41.480033874511719
; 5774; 41.500034332275391
; 5825; 41.520034790039063
; 5876; 41.540035247802734
; 5927; 41.560035705566406
; 5978; 41.580036163330078
; 6028; 41.60003662109375
; 6079; 41.620037078857422
; 6130; 41.640037536621094
; 6181; 41.660037994384766
; 6232; 41.680038452148438
; 6282; 41.700038909912109
; 6333; 41.720039367675781
; 6384; 41.740039825439453
; 6435; 41.760040283203125
; 6486; 41.7800407409668
; 6537; 41.800041198730469
; 6589; 41.820041656494141
; 6640; 41.840042114257813
; 6690; 41.860042572021484
; 6741; 41.880043029785156
; 6792; 41.900043487548828
; 6843; 41.9200439453125
; 6893; 41.940044403076172
; 6943; 41.960044860839844
; 6993; 41.980045318603516
; 7044; 42.000045776367188
; 7095; 42.020046234130859
; 7146; 42.040046691894531
; 7196; 42.0600471496582
; 7246; 42.080047607421875
; 7297; 42.100048065185547
; 7347; 42.120048522949219
; 7397; 42.140048980712891
; 7448; 42.160049438476563
; 7499; 42.180049896240234
; 7551; 42.200050354003906
; 7601; 42.220050811767578
; 7653; 42.24005126953125
; 7704; 42.260051727294922
; 7755; 42.280052185058594
; 7805; 42.300052642822266
; 7855; 42.320053100585938
; 7905; 42.340053558349609
; 7955; 42.360054016113281
; 8007; 42.380054473876953
; 8057; 42.400054931640625
; 8108; 42.4200553894043
; 8159; 42.440055847167969
; 8210; 42.460056304931641
; 8262; 42.480056762695313
; 8312; 42.500057220458984
; 8363; 42.520057678222656
; 8415; 42.540058135986328
; 8465; 42.56005859375
; 8515; 42.580059051513672
; 8566; 42.600059509277344
; 8616; 42.620059967041016
; 8667; 42.640060424804688
; 8718; 42.660060882568359
; 8769; 42.680061340332031
; 8820; 42.7000617980957
; 8871; 42.720062255859375
; 8921; 42.740062713623047
; 8972; 42.760063171386719
; 9024; 42.780063629150391
; 9075; 42.800064086914063
; 9126; 42.820064544677734
; 9176; 42.840065002441406
; 9227; 42.860065460205078
; 9277; 42.88006591796875
; 9327; 42.900066375732422
; 9377; 42.920066833496094
; 9428; 42.940067291259766
; 9478; 42.960067749023438
; 9529; 42.980068206787109
; 9580; 43.000068664550781
; 9630; 43.020069122314453
; 9681; 43.040069580078125
; 9731; 43.0600700378418
; 9782; 43.080070495605469
; 9833; 43.100070953369141
; 9883; 43.120071411132813
; 9934; 43.140071868896484
; 9984; 43.160072326660156
; 10035; 43.180072784423828
; 10086; 43.2000732421875
; 10137; 43.220073699951172
; 10188; 43.240074157714844
; 10239; 43.260074615478516
; 10290; 43.280075073242188
; 10341; 43.300075531005859
; 10392; 43.320075988769531
; 10443; 43.3400764465332
; 10494; 43.360076904296875
; 10546; 43.380077362060547
; 10596; 43.400077819824219
; 10647; 43.420078277587891
; 10698; 43.440078735351563
; 10749; 43.460079193115234
; 10800; 43.480079650878906
; 10850; 43.500080108642578
; 10901; 43.52008056640625
; 10952; 43.540081024169922
; 11002; 43.560081481933594
; 11053; 43.580081939697266
; 11103; 43.600082397460938
; 11155; 43.620082855224609
; 11205; 43.640083312988281
; 11256; 43.660083770751953
; 11307; 43.680084228515625
; 11358; 43.7000846862793
; 11409; 43.720085144042969
; 11458; 43.740085601806641
; 11509; 43.760086059570313
; 11561; 43.780086517333984
; 11611; 43.800086975097656
; 11662; 43.820087432861328
; 11713; 43.840087890625
; 11763; 43.860088348388672
; 11814; 43.880088806152344
; 11864; 43.900089263916016
; 11914; 43.920089721679688
; 11966; 43.940090179443359
; 12018; 43.960090637207031
; 12068; 43.9800910949707
; 12119; 44.000091552734375
; 12170; 44.020092010498047
; 12220; 44.040092468261719
; 12271; 44.060092926025391
; 12321; 44.080093383789063
; 12372; 44.100093841552734
; 12423; 44.120094299316406
; 12475; 44.140094757080078
; 12526; 44.16009521484375
; 12576; 44.180095672607422
; 12627; 44.200096130371094
; 12678; 44.220096588134766
; 12729; 44.240097045898438
; 12780; 44.260097503662109
; 12829; 44.280097961425781
; 12881; 44.300098419189453
; 12932; 44.320098876953125
; 12983; 44.3400993347168
; 13034; 44.360099792480469
; 13084; 44.380100250244141
; 13135; 44.400100708007813
; 13185; 44.420101165771484
; 13236; 44.440101623535156
; 13287; 44.460102081298828
; 13337; 44.4801025390625
; 13388; 44.500102996826172
; 13439; 44.520103454589844
; 13489; 44.540103912353516
; 13540; 44.560104370117188
; 13590; 44.580104827880859
; 13640; 44.600105285644531
; 13691; 44.6201057434082
; 13742; 44.640106201171875
; 13792; 44.660106658935547
; 13844; 44.680107116699219
; 13894; 44.700107574462891
; 13945; 44.720108032226563
; 13996; 44.740108489990234
; 14047; 44.760108947753906
; 14097; 44.780109405517578
; 14148; 44.80010986328125
; 14198; 44.820110321044922
; 14248; 44.840110778808594
; 14299; 44.860111236572266
; 14350; 44.880111694335938
; 14402; 44.900112152099609
; 14452; 44.920112609863281
; 14503; 44.940113067626953
; 14555; 44.960113525390625
; 14606; 44.9801139831543
; 14656; 45.000114440917969
; 14706; 45.020114898681641
; 14756; 45.040115356445313
; 14807; 45.060115814208984
; 14857; 45.080116271972656
; 14908; 45.100116729736328
; 14960; 45.1201171875
; 15010; 45.140117645263672
; 15061; 45.160118103027344
; 15112; 45.180118560791016
; 15162; 45.200119018554688
; 15213; 45.220119476318359
; 15264; 45.240119934082031
; 15314; 45.2601203918457
; 15366; 45.280120849609375
; 15418; 45.300121307373047
; 15468; 45.320121765136719
; 15518; 45.340122222900391
; 15569; 45.360122680664063
; 15620; 45.380123138427734
; 15670; 45.400123596191406
; 15720; 45.420124053955078
; 15771; 45.44012451171875
; 15821; 45.460124969482422
; 15871; 45.480125427246094
; 15923; 45.500125885009766
; 15973; 45.520126342773438
; 16024; 45.540126800537109
; 16073; 45.560127258300781
; 16124; 45.580127716064453
; 16175; 45.600128173828125
; 16225; 45.6201286315918
; 16276; 45.640129089355469
; 16327; 45.660129547119141
; 16378; 45.680130004882813
; 16429; 45.700130462646484
; 16480; 45.720130920410156
; 16531; 45.740131378173828
; 16581; 45.7601318359375
; 16632; 45.780132293701172
; 16683; 45.800132751464844
; 16733; 45.820133209228516
; 16784; 45.840133666992188
; 16835; 45.860134124755859
; 16885; 45.880134582519531
; 16935; 45.9001350402832
; 16986; 45.920135498046875
; 17036; 45.940135955810547
; 17087; 45.960136413574219
; 17139; 45.980136871337891
; 17189; 46.000137329101563
; 17240; 46.020137786865234
; 17291; 46.040138244628906
; 17341; 46.060138702392578
; 17391; 46.08013916015625
; 17442; 46.100139617919922
; 17493; 46.120140075683594
; 17544; 46.140140533447266
; 17594; 46.160140991210938
; 17645; 46.180141448974609
; 17695; 46.200141906738281
; 17745; 46.220142364501953
; 17797; 46.240142822265625
; 17848; 46.2601432800293
; 17898; 46.280143737792969
; 17949; 46.300144195556641
; 17999; 46.320144653320313
; 18050; 46.340145111083984
; 18100; 46.360145568847656
; 18151; 46.380146026611328
; 18203; 46.400146484375
; 18252; 46.420146942138672
; 18303; 46.440147399902344
; 18353; 46.460147857666016
; 18403; 46.480148315429688
; 18455; 46.500148773193359
; 18505; 46.520149230957031
; 18556; 46.5401496887207
; 18608; 46.560150146484375
; 18659; 46.580150604248047
; 18709; 46.600151062011719
; 18760; 46.620151519775391
; 18810; 46.640151977539063
; 18861; 46.660152435302734
; 18912; 46.680152893066406
; 18963; 46.700153350830078
; 19013; 46.72015380859375
; 19064; 46.740154266357422
; 19114; 46.760154724121094
; 19164; 46.780155181884766
; 19213; 46.800155639648438
; 19264; 46.820156097412109
; 19314; 46.840156555175781
; 19365; 46.860157012939453
; 19416; 46.880157470703125
; 19467; 46.9001579284668
; 19517; 46.920158386230469
; 19568; 46.940158843994141
; 19617; 46.960159301757813
; 19668; 46.980159759521484
; 19719; 47.000160217285156
; 19771; 47.020160675048828
; 19821; 47.0401611328125
; 19871; 47.060161590576172
; 19922; 47.080162048339844
; 19974; 47.100162506103516
; 20025; 47.120162963867188
; 20076; 47.140163421630859
; 20127; 47.160163879394531
; 20179; 47.1801643371582
; 20229; 47.200164794921875
; 20280; 47.220165252685547
; 20331; 47.240165710449219
; 20382; 47.260166168212891
; 20433; 47.280166625976563
; 20483; 47.300167083740234
; 20534; 47.320167541503906
; 20585; 47.340167999267578
; 20635; 47.36016845703125
; 20686; 47.380168914794922
; 20736; 47.400169372558594
; 20786; 47.420169830322266
; 20837; 47.440170288085938
; 20887; 47.460170745849609
; 20939; 47.480171203613281
; 20989; 47.500171661376953
; 21039; 47.520172119140625
; 21090; 47.5401725769043
; 21141; 47.560173034667969
; 21192; 47.580173492431641
; 21243; 47.600173950195313
; 21293; 47.620174407958984
; 21343; 47.640174865722656
; 21394; 47.660175323486328
; 21445; 47.68017578125
; 21496; 47.700176239013672
; 21547; 47.720176696777344
; 21597; 47.740177154541016
; 21647; 47.760177612304688
; 21698; 47.780178070068359
; 21748; 47.800178527832031
; 21799; 47.8201789855957
; 21850; 47.840179443359375
; 21901; 47.860179901123047
; 21951; 47.880180358886719
; 22002; 47.900180816650391
; 22054; 47.920181274414063
; 22105; 47.940181732177734
; 22156; 47.960182189941406
; 22206; 47.980182647705078
; 22256; 48.00018310546875
; 22306; 48.020183563232422
; 22357; 48.040184020996094
; 22408; 48.060184478759766
; 22460; 48.080184936523438
; 22510; 48.100185394287109
; 22560; 48.120185852050781
; 22611; 48.140186309814453
; 22661; 48.160186767578125
; 22713; 48.1801872253418
; 22763; 48.200187683105469
; 22813; 48.220188140869141
; 22864; 48.240188598632813
; 22914; 48.260189056396484
; 22966; 48.280189514160156
; 23015; 48.300189971923828
; 23066; 48.3201904296875
; 23116; 48.340190887451172
; 23168; 48.360191345214844
; 23219; 48.380191802978516
; 23269; 48.400192260742188
; 23319; 48.420192718505859
; 23370; 48.440193176269531
; 23421; 48.4601936340332
; 23473; 48.480194091796875
; 23523; 48.500194549560547
; 23574; 48.520195007324219
; 23624; 48.540195465087891
; 23674; 48.560195922851563
; 23725; 48.580196380615234
; 23776; 48.600196838378906
; 23827; 48.620197296142578
; 23877; 48.64019775390625
; 23927; 48.660198211669922
; 23978; 48.680198669433594
; 24029; 48.700199127197266
; 24079; 48.720199584960938
; 24129; 48.740200042724609
; 24179; 48.760200500488281
; 24229; 48.780200958251953
; 24280; 48.800201416015625
; 24331; 48.8202018737793
; 24382; 48.840202331542969
; 24432; 48.860202789306641
; 24484; 48.880203247070313
; 24534; 48.900203704833984
; 24586; 48.920204162597656
; 24637; 48.940204620361328
; 24687; 48.960205078125
; 24739; 48.980205535888672
; 24790; 49.000205993652344
; 24840; 49.020206451416016
; 24891; 49.040206909179688
; 24942; 49.060207366943359
; 24992; 49.080207824707031
; 25042; 49.1002082824707
; 25094; 49.120208740234375
; 25145; 49.140209197998047
; 25196; 49.160209655761719
; 25247; 49.180210113525391
; 25297; 49.200210571289063
; 25348; 49.220211029052734
; 25398; 49.240211486816406
; 25448; 49.260211944580078
; 25498; 49.28021240234375
; 25548; 49.300212860107422
; 25599; 49.320213317871094
; 25649; 49.340213775634766
; 25699; 49.360214233398438
; 25750; 49.380214691162109
; 25800; 49.400215148925781
; 25850; 49.420215606689453
; 25901; 49.440216064453125
; 25952; 49.4602165222168
; 26003; 49.480216979980469
; 26053; 49.500217437744141
; 26105; 49.520217895507813
; 26156; 49.540218353271484
; 26206; 49.560218811035156
; 26257; 49.580219268798828
; 26307; 49.6002197265625
; 26357; 49.620220184326172
; 26408; 49.640220642089844
; 26459; 49.660221099853516
; 26510; 49.680221557617188
; 26561; 49.700222015380859
; 26612; 49.720222473144531
; 26664; 49.7402229309082
; 26714; 49.760223388671875
; 26765; 49.780223846435547
; 26817; 49.800224304199219
; 26867; 49.820224761962891
; 26918; 49.840225219726563
; 26969; 49.860225677490234
; 27019; 49.880226135253906
; 27069; 49.900226593017578
; 27120; 49.92022705078125
; 27170; 49.940227508544922
; 27221; 49.960227966308594
; 27272; 49.980228424072266
; 27322; 50.000228881835938
; 27372; 50.020229339599609
; 27423; 50.040229797363281
; 27474; 50.060230255126953
; 27525; 50.080230712890625
; 27576; 50.1002311706543
; 27627; 50.120231628417969
; 27678; 50.140232086181641
; 27729; 50.160232543945313
; 27781; 50.180233001708984
; 27832; 50.200233459472656
; 27884; 50.220233917236328
; 27934; 50.240234375
; 27984; 50.260234832763672
; 28034; 50.280235290527344
; 28084; 50.300235748291016
; 28136; 50.320236206054688
; 28186; 50.340236663818359
; 28237; 50.360237121582031
; 28288; 50.3802375793457
; 28339; 50.400238037109375
; 28390; 50.420238494873047
; 28440; 50.440238952636719
; 28491; 50.460239410400391
; 28541; 50.480239868164063
; 28591; 50.500240325927734
; 28641; 50.520240783691406
; 28693; 50.540241241455078
; 28744; 50.56024169921875
; 28795; 50.580242156982422
; 28846; 50.600242614746094
; 28896; 50.620243072509766
; 28947; 50.640243530273438
; 28998; 50.660243988037109
; 29048; 50.680244445800781
; 29098; 50.700244903564453
; 29149; 50.720245361328125
; 29200; 50.7402458190918
; 29250; 50.760246276855469
; 29301; 50.780246734619141
; 29352; 50.800247192382813
; 29404; 50.820247650146484
; 29454; 50.840248107910156
; 29504; 50.860248565673828
; 29555; 50.8802490234375
; 29605; 50.900249481201172
; 29657; 50.920249938964844
; 29708; 50.940250396728516
; 29759; 50.960250854492188
; 29810; 50.980251312255859
; 29860; 51.000251770019531
; 29910; 51.0202522277832
; 29960; 51.040252685546875
; 30011; 51.060253143310547
; 30061; 51.080253601074219
; 30111; 51.100254058837891
; 30162; 51.120254516601563
; 30213; 51.140254974365234
; 30264; 51.160255432128906
; 30315; 51.180255889892578
; 30367; 51.20025634765625
; 30418; 51.220256805419922
; 30468; 51.240257263183594
; 30518; 51.260257720947266
; 30568; 51.280258178710938
; 30620; 51.300258636474609
; 30672; 51.320259094238281
; 30722; 51.340259552001953
; 30772; 51.360260009765625
; 30823; 51.3802604675293
; 30874; 51.400260925292969
; 30924; 51.420261383056641
; 30975; 51.440261840820313
; 31025; 51.460262298583984
; 31075; 51.480262756347656
; 31126; 51.500263214111328
; 31177; 51.520263671875
; 31227; 51.540264129638672
; 31279; 51.560264587402344
; 31330; 51.580265045166016
; 31381; 51.600265502929688
; 31431; 51.620265960693359
; 31483; 51.640266418457031
; 31533; 51.6602668762207
; 31583; 51.680267333984375
; 31635; 51.700267791748047
; 31685; 51.720268249511719
; 31736; 51.740268707275391
; 31787; 51.760269165039063
; 31837; 51.780269622802734
; 31887; 51.800270080566406
; 31938; 51.820270538330078
; 31989; 51.84027099609375
; 32040; 51.860271453857422
; 32091; 51.880271911621094
; 32142; 51.900272369384766
; 32193; 51.920272827148438
; 32243; 51.940273284912109
; 32294; 51.960273742675781
; 32345; 51.980274200439453
; 32396; 52.000274658203125
; 32447; 52.0202751159668
; 32498; 52.040275573730469
; 32549; 52.060276031494141
; 32600; 52.080276489257813
; 32650; 52.100276947021484
; 32700; 52.120277404785156
; 32750; 52.140277862548828
; 32801; 52.1602783203125
; 32851; 52.180278778076172
; 32901; 52.200279235839844
; 32951; 52.220279693603516
; 33001; 52.240280151367188
; 33052; 52.260280609130859
; 33102; 52.280281066894531
; 33152; 52.3002815246582
; 33202; 52.320281982421875
; 33253; 52.340282440185547
; 33303; 52.360282897949219
; 33354; 52.380283355712891
; 33405; 52.400283813476563
; 33455; 52.420284271240234
; 33505; 52.440284729003906
; 33556; 52.460285186767578
; 33607; 52.48028564453125
; 33658; 52.500286102294922
; 33710; 52.520286560058594
; 33760; 52.540287017822266
; 33811; 52.560287475585938
; 33863; 52.580287933349609
; 33913; 52.600288391113281
; 33962; 52.620288848876953
; 34013; 52.640289306640625
; 34064; 52.6602897644043
; 34114; 52.680290222167969
; 34166; 52.700290679931641
; 34218; 52.720291137695313
; 34268; 52.740291595458984
; 34320; 52.760292053222656
; 34371; 52.780292510986328
; 34421; 52.80029296875
; 34471; 52.820293426513672
; 34521; 52.840293884277344
; 34571; 52.860294342041016
; 34621; 52.880294799804688
; 34673; 52.900295257568359
; 34723; 52.920295715332031
; 34775; 52.9402961730957
; 34825; 52.960296630859375
; 34875; 52.980297088623047
; 34926; 53.000297546386719
; 34977; 53.020298004150391
; 35027; 53.040298461914063
; 35077; 53.060298919677734
; 35127; 53.080299377441406
; 35177; 53.100299835205078
; 35228; 53.12030029296875
; 35278; 53.140300750732422
; 35329; 53.160301208496094
; 35379; 53.180301666259766
; 35431; 53.200302124023438
; 35482; 53.220302581787109
; 35533; 53.240303039550781
; 35583; 53.260303497314453
; 35634; 53.280303955078125
; 35685; 53.3003044128418
; 35736; 53.320304870605469
; 35788; 53.340305328369141
; 35838; 53.360305786132813
; 35889; 53.380306243896484
; 35939; 53.400306701660156
; 35990; 53.420307159423828
; 36040; 53.4403076171875
; 36091; 53.460308074951172
; 36142; 53.480308532714844
; 36193; 53.500308990478516
; 36243; 53.520309448242188
; 36295; 53.540309906005859
; 36344; 53.560310363769531
; 36395; 53.5803108215332
; 36445; 53.600311279296875
; 36496; 53.620311737060547
; 36546; 53.640312194824219
; 36597; 53.660312652587891
; 36648; 53.680313110351563
; 36698; 53.700313568115234
; 36749; 53.720314025878906
; 36800; 53.740314483642578
; 36851; 53.76031494140625
; 36903; 53.780315399169922
; 36953; 53.800315856933594
; 37004; 53.820316314697266
; 37055; 53.840316772460938
; 37106; 53.860317230224609
; 37156; 53.880317687988281
; 37207; 53.900318145751953
; 37257; 53.920318603515625
; 37308; 53.9403190612793
; 37358; 53.960319519042969
; 37410; 53.980319976806641
; 37460; 54.000320434570313
; 37511; 54.020320892333984
; 37562; 54.040321350097656
; 37612; 54.060321807861328
; 37663; 54.080322265625
; 37715; 54.100322723388672
; 37765; 54.120323181152344
; 37816; 54.140323638916016
; 37867; 54.160324096679688
; 37918; 54.180324554443359
; 37969; 54.200325012207031
; 38019; 54.2203254699707
; 38070; 54.240325927734375
; 38121; 54.260326385498047
; 38172; 54.280326843261719
; 38224; 54.300327301025391
; 38274; 54.320327758789063
; 38326; 54.340328216552734
; 38377; 54.360328674316406
; 38428; 54.380329132080078
; 38479; 54.40032958984375
; 38530; 54.420330047607422
; 38581; 54.440330505371094
; 38633; 54.460330963134766
; 38683; 54.480331420898438
; 38734; 54.500331878662109
; 38785; 54.520332336425781
; 38837; 54.540332794189453
; 38887; 54.560333251953125
; 38936; 54.5803337097168
; 38987; 54.600334167480469
; 39038; 54.620334625244141
; 39087; 54.640335083007813
; 39138; 54.660335540771484
; 39190; 54.680335998535156
; 39240; 54.700336456298828
; 39291; 54.7203369140625
; 39341; 54.740337371826172
; 39392; 54.760337829589844
; 39444; 54.780338287353516
; 39494; 54.800338745117188
; 39544; 54.820339202880859
; 39595; 54.840339660644531
; 39645; 54.8603401184082
; 39695; 54.880340576171875
; 39746; 54.900341033935547
; 39797; 54.920341491699219
; 39848; 54.940341949462891
; 39900; 54.960342407226563
; 39951; 54.980342864990234
; 40001; 55.000343322753906
; 40051; 55.020343780517578
; 40102; 55.04034423828125
; 40152; 55.060344696044922
; 40202; 55.080345153808594
; 40253; 55.100345611572266
; 40304; 55.120346069335938
; 40355; 55.140346527099609
; 40406; 55.160346984863281
; 40457; 55.180347442626953
; 40509; 55.200347900390625
; 40560; 55.2203483581543
; 40610; 55.240348815917969
; 40661; 55.260349273681641
; 40712; 55.280349731445313
; 40763; 55.300350189208984
; 40814; 55.320350646972656
; 40864; 55.340351104736328
; 40914; 55.3603515625
; 40964; 55.380352020263672
; 41015; 55.400352478027344
; 41066; 55.420352935791016
; 41117; 55.440353393554688
; 41167; 55.460353851318359
; 41219; 55.480354309082031
; 41270; 55.5003547668457
; 41321; 55.520355224609375
; 41372; 55.540355682373047
; 41423; 55.560356140136719
; 41473; 55.580356597900391
; 41524; 55.600357055664063
; 41576; 55.620357513427734
; 41626; 55.640357971191406
; 41678; 55.660358428955078
; 41729; 55.68035888671875
; 41780; 55.700359344482422
; 41830; 55.720359802246094
; 41881; 55.740360260009766
; 41932; 55.760360717773438
; 41982; 55.780361175537109
; 42033; 55.800361633300781
; 42084; 55.820362091064453
; 42135; 55.840362548828125
; 42187; 55.8603630065918
; 42237; 55.880363464355469
; 42288; 55.900363922119141
; 42339; 55.920364379882813
; 42390; 55.940364837646484
; 42441; 55.960365295410156
; 42492; 55.980365753173828
; 42542; 56.0003662109375
; 42593; 56.020366668701172
; 42643; 56.040367126464844
; 42693; 56.060367584228516
; 42743; 56.080368041992188
; 42795; 56.100368499755859
; 42845; 56.120368957519531
; 42895; 56.1403694152832
; 42945; 56.160369873046875
; 42995; 56.180370330810547
; 43046; 56.200370788574219
; 43097; 56.220371246337891
; 43146; 56.240371704101563
; 43198; 56.260372161865234
; 43248; 56.280372619628906
; 43298; 56.300373077392578
; 43349; 56.32037353515625
; 43400; 56.340373992919922
; 43451; 56.360374450683594
; 43501; 56.380374908447266
; 43552; 56.400375366210938
; 43602; 56.420375823974609
; 43653; 56.440376281738281
; 43703; 56.460376739501953
; 43754; 56.480377197265625
; 43805; 56.5003776550293
; 43855; 56.520378112792969
; 43907; 56.540378570556641
; 43957; 56.560379028320313
; 44007; 56.580379486083984
; 44057; 56.600379943847656
; 44109; 56.620380401611328
; 44159; 56.640380859375
; 44210; 56.660381317138672
; 44261; 56.680381774902344
; 44312; 56.700382232666016
; 44363; 56.720382690429688
; 44414; 56.740383148193359
; 44466; 56.760383605957031
; 44516; 56.7803840637207
; 44566; 56.800384521484375
; 44617; 56.820384979248047
; 44668; 56.840385437011719
; 44719; 56.860385894775391
; 44770; 56.880386352539063
; 44822; 56.900386810302734
; 44873; 56.920387268066406
; 44924; 56.940387725830078
; 44975; 56.96038818359375
; 45026; 56.980388641357422
; 45076; 57.000389099121094
; 45128; 57.020389556884766
; 45179; 57.040390014648438
; 45230; 57.060390472412109
; 45280; 57.080390930175781
; 45331; 57.100391387939453
; 45382; 57.120391845703125
; 45432; 57.1403923034668
; 45483; 57.160392761230469
; 45534; 57.180393218994141
; 45583; 57.200393676757813
; 45634; 57.220394134521484
; 45685; 57.240394592285156
; 45736; 57.260395050048828
; 45788; 57.2803955078125
; 45840; 57.300395965576172
; 45890; 57.320396423339844
; 45941; 57.340396881103516
; 45992; 57.360397338867188
; 46043; 57.380397796630859
; 46094; 57.400398254394531
; 46144; 57.4203987121582
; 46195; 57.440399169921875
; 46245; 57.460399627685547
; 46297; 57.480400085449219
; 46347; 57.500400543212891
; 46398; 57.520401000976563
; 46449; 57.540401458740234
; 46499; 57.560401916503906
; 46550; 57.580402374267578
; 46601; 57.60040283203125
; 46652; 57.620403289794922
; 46702; 57.640403747558594
; 46753; 57.660404205322266
; 46803; 57.680404663085938
; 46855; 57.700405120849609
; 46905; 57.720405578613281
; 46956; 57.740406036376953
; 47006; 57.760406494140625
; 47056; 57.7804069519043
; 47107; 57.800407409667969
; 47157; 57.820407867431641
; 47208; 57.840408325195313
; 47258; 57.860408782958984
; 47309; 57.880409240722656
; 47360; 57.900409698486328
; 47411; 57.92041015625
; 47461; 57.940410614013672
; 47512; 57.960411071777344
; 47562; 57.980411529541016
; 47613; 58.000411987304688
; 47663; 58.020412445068359
; 47714; 58.040412902832031
; 47765; 58.0604133605957
; 47816; 58.080413818359375
; 47867; 58.100414276123047
; 47918; 58.120414733886719
; 47969; 58.140415191650391
; 48020; 58.160415649414063
; 48070; 58.180416107177734
; 48120; 58.200416564941406
; 48171; 58.220417022705078
; 48222; 58.24041748046875
; 48273; 58.260417938232422
; 48324; 58.280418395996094
; 48374; 58.300418853759766
; 48424; 58.320419311523438
; 48474; 58.340419769287109
; 48525; 58.360420227050781
; 48576; 58.380420684814453
; 48627; 58.400421142578125
; 48678; 58.4204216003418
; 48729; 58.440422058105469
; 48779; 58.460422515869141
; 48830; 58.480422973632813
; 48880; 58.500423431396484
; 48931; 58.520423889160156
; 48982; 58.540424346923828
; 49032; 58.5604248046875
; 49083; 58.580425262451172
; 49133; 58.600425720214844
; 49184; 58.620426177978516
; 49235; 58.640426635742188
; 49285; 58.660427093505859
; 49336; 58.680427551269531
; 49387; 58.7004280090332
; 49438; 58.720428466796875
; 49489; 58.740428924560547
; 49539; 58.760429382324219
; 49590; 58.780429840087891
; 49640; 58.800430297851563
; 49690; 58.820430755615234
; 49742; 58.840431213378906
; 49793; 58.860431671142578
; 49843; 58.88043212890625
; 49893; 58.900432586669922
; 49945; 58.920433044433594
; 49994; 58.940433502197266
; 50045; 58.960433959960938
; 50096; 58.980434417724609
; 50148; 59.000434875488281
; 50199; 59.020435333251953
; 50251; 59.040435791015625
; 50300; 59.0604362487793
; 50351; 59.080436706542969
; 50401; 59.100437164306641
; 50452; 59.120437622070313
; 50503; 59.140438079833984
; 50554; 59.160438537597656
; 50604; 59.180438995361328
; 50654; 59.200439453125
; 50704; 59.220439910888672
; 50755; 59.240440368652344
; 50805; 59.260440826416016
; 50855; 59.280441284179688
; 50907; 59.300441741943359
; 50958; 59.320442199707031
5.Variable; PLC_PRG.high_level
5.Address.AddrFlags; 0x00000000
5.Class; 0
5.Size; 1
5.GraphColor; 4294928820
5.GraphType; 1
5.MinWarningColor; 4278190080
5.MaxWarningColor; 4294901760
5.CriticalLowerLimit; 0
5.CriticalUpperLimit; 0
5.ActivateMinWarning; 0
5.ActivateMaxWarning; 0
5.YAxis; 0
5.Data; 
; 51; 0
; 102; 0
; 152; 0
; 203; 0
; 254; 0
; 304; 0
; 355; 0
; 406; 0
; 456; 0
; 507; 0
; 558; 0
; 608; 0
; 658; 0
; 709; 0
; 760; 0
; 811; 0
; 861; 0
; 912; 0
; 963; 0
; 1013; 0
; 1064; 0
; 1116; 0
; 1166; 0
; 1217; 0
; 1267; 0
; 1318; 0
; 1369; 0
; 1419; 0
; 1470; 0
; 1520; 0
; 1571; 0
; 1622; 0
; 1672; 0
; 1722; 0
; 1774; 0
; 1823; 0
; 1875; 0
; 1926; 0
; 1977; 0
; 2027; 0
; 2078; 0
; 2129; 0
; 2180; 0
; 2230; 0
; 2280; 0
; 2331; 0
; 2382; 0
; 2433; 0
; 2484; 0
; 2534; 0
; 2584; 0
; 2635; 0
; 2686; 0
; 2735; 0
; 2787; 0
; 2837; 0
; 2888; 0
; 2940; 0
; 2991; 0
; 3042; 0
; 3091; 0
; 3142; 0
; 3192; 0
; 3244; 0
; 3294; 0
; 3346; 0
; 3397; 0
; 3447; 0
; 3498; 0
; 3548; 0
; 3599; 0
; 3651; 0
; 3701; 0
; 3753; 0
; 3804; 0
; 3855; 0
; 3905; 0
; 3956; 0
; 4006; 0
; 4056; 0
; 4106; 0
; 4158; 0
; 4208; 0
; 4258; 0
; 4309; 0
; 4360; 0
; 4410; 0
; 4460; 0
; 4511; 0
; 4561; 0
; 4611; 0
; 4662; 0
; 4712; 0
; 4762; 0
; 4813; 0
; 4864; 0
; 4914; 0
; 4964; 0
; 5016; 0
; 5066; 0
; 5116; 0
; 5167; 0
; 5218; 0
; 5268; 0
; 5318; 0
; 5369; 0
; 5420; 0
; 5470; 0
; 5520; 0
; 5570; 0
; 5621; 0
; 5672; 0
; 5723; 0
; 5774; 0
; 5825; 0
; 5876; 0
; 5927; 0
; 5978; 0
; 6028; 0
; 6079; 0
; 6130; 0
; 6181; 0
; 6232; 0
; 6282; 0
; 6333; 0
; 6384; 0
; 6435; 0
; 6486; 0
; 6537; 0
; 6589; 0
; 6640; 0
; 6690; 0
; 6741; 0
; 6792; 0
; 6843; 0
; 6893; 0
; 6943; 0
; 6993; 0
; 7044; 0
; 7095; 0
; 7146; 0
; 7196; 0
; 7246; 0
; 7297; 0
; 7347; 0
; 7397; 0
; 7448; 0
; 7499; 0
; 7551; 0
; 7601; 0
; 7653; 0
; 7704; 0
; 7755; 0
; 7805; 0
; 7855; 0
; 7905; 0
; 7955; 0
; 8007; 0
; 8057; 0
; 8108; 0
; 8159; 0
; 8210; 0
; 8262; 0
; 8312; 0
; 8363; 0
; 8415; 0
; 8465; 0
; 8515; 0
; 8566; 0
; 8616; 0
; 8667; 0
; 8718; 0
; 8769; 0
; 8820; 0
; 8871; 0
; 8921; 0
; 8972; 0
; 9024; 0
; 9075; 0
; 9126; 0
; 9176; 0
; 9227; 0
; 9277; 0
; 9327; 0
; 9377; 0
; 9428; 0
; 9478; 0
; 9529; 0
; 9580; 0
; 9630; 0
; 9681; 0
; 9731; 0
; 9782; 0
; 9833; 0
; 9883; 0
; 9934; 0
; 9984; 0
; 10035; 0
; 10086; 0
; 10137; 0
; 10188; 0
; 10239; 0
; 10290; 0
; 10341; 0
; 10392; 0
; 10443; 0
; 10494; 0
; 10546; 0
; 10596; 0
; 10647; 0
; 10698; 0
; 10749; 0
; 10800; 0
; 10850; 0
; 10901; 0
; 10952; 0
; 11002; 0
; 11053; 0
; 11103; 0
; 11155; 0
; 11205; 0
; 11256; 0
; 11307; 0
; 11358; 0
; 11409; 0
; 11458; 0
; 11509; 0
; 11561; 0
; 11611; 0
; 11662; 0
; 11713; 0
; 11763; 0
; 11814; 0
; 11864; 0
; 11914; 0
; 11966; 0
; 12018; 0
; 12068; 0
; 12119; 0
; 12170; 0
; 12220; 0
; 12271; 0
; 12321; 0
; 12372; 0
; 12423; 0
; 12475; 0
; 12526; 0
; 12576; 0
; 12627; 0
; 12678; 0
; 12729; 0
; 12780; 0
; 12829; 0
; 12881; 0
; 12932; 0
; 12983; 0
; 13034; 0
; 13084; 0
; 13135; 0
; 13185; 0
; 13236; 0
; 13287; 0
; 13337; 0
; 13388; 0
; 13439; 0
; 13489; 0
; 13540; 0
; 13590; 0
; 13640; 0
; 13691; 0
; 13742; 0
; 13792; 0
; 13844; 0
; 13894; 0
; 13945; 0
; 13996; 0
; 14047; 0
; 14097; 0
; 14148; 0
; 14198; 0
; 14248; 0
; 14299; 0
; 14350; 0
; 14402; 0
; 14452; 0
; 14503; 0
; 14555; 0
; 14606; 0
; 14656; 0
; 14706; 0
; 14756; 0
; 14807; 0
; 14857; 0
; 14908; 0
; 14960; 0
; 15010; 0
; 15061; 0
; 15112; 0
; 15162; 0
; 15213; 0
; 15264; 0
; 15314; 0
; 15366; 0
; 15418; 0
; 15468; 0
; 15518; 0
; 15569; 0
; 15620; 0
; 15670; 0
; 15720; 0
; 15771; 0
; 15821; 0
; 15871; 0
; 15923; 0
; 15973; 0
; 16024; 0
; 16073; 0
; 16124; 0
; 16175; 0
; 16225; 0
; 16276; 0
; 16327; 0
; 16378; 0
; 16429; 0
; 16480; 0
; 16531; 0
; 16581; 0
; 16632; 0
; 16683; 0
; 16733; 0
; 16784; 0
; 16835; 0
; 16885; 0
; 16935; 0
; 16986; 0
; 17036; 0
; 17087; 0
; 17139; 0
; 17189; 0
; 17240; 0
; 17291; 0
; 17341; 0
; 17391; 0
; 17442; 0
; 17493; 0
; 17544; 0
; 17594; 0
; 17645; 0
; 17695; 0
; 17745; 0
; 17797; 0
; 17848; 0
; 17898; 0
; 17949; 0
; 17999; 0
; 18050; 0
; 18100; 0
; 18151; 0
; 18203; 0
; 18252; 0
; 18303; 0
; 18353; 0
; 18403; 0
; 18455; 0
; 18505; 0
; 18556; 0
; 18608; 0
; 18659; 0
; 18709; 0
; 18760; 0
; 18810; 0
; 18861; 0
; 18912; 0
; 18963; 0
; 19013; 0
; 19064; 0
; 19114; 0
; 19164; 0
; 19213; 0
; 19264; 0
; 19314; 0
; 19365; 0
; 19416; 0
; 19467; 0
; 19517; 0
; 19568; 0
; 19617; 0
; 19668; 0
; 19719; 0
; 19771; 0
; 19821; 0
; 19871; 0
; 19922; 0
; 19974; 0
; 20025; 0
; 20076; 0
; 20127; 0
; 20179; 0
; 20229; 0
; 20280; 0
; 20331; 0
; 20382; 0
; 20433; 0
; 20483; 0
; 20534; 0
; 20585; 0
; 20635; 0
; 20686; 0
; 20736; 0
; 20786; 0
; 20837; 0
; 20887; 0
; 20939; 0
; 20989; 0
; 21039; 0
; 21090; 0
; 21141; 0
; 21192; 0
; 21243; 0
; 21293; 0
; 21343; 0
; 21394; 0
; 21445; 0
; 21496; 0
; 21547; 0
; 21597; 0
; 21647; 0
; 21698; 0
; 21748; 0
; 21799; 0
; 21850; 0
; 21901; 0
; 21951; 0
; 22002; 0
; 22054; 0
; 22105; 0
; 22156; 0
; 22206; 0
; 22256; 0
; 22306; 0
; 22357; 0
; 22408; 0
; 22460; 0
; 22510; 0
; 22560; 0
; 22611; 0
; 22661; 0
; 22713; 0
; 22763; 0
; 22813; 0
; 22864; 0
; 22914; 0
; 22966; 0
; 23015; 0
; 23066; 0
; 23116; 0
; 23168; 0
; 23219; 0
; 23269; 0
; 23319; 0
; 23370; 0
; 23421; 0
; 23473; 0
; 23523; 0
; 23574; 0
; 23624; 0
; 23674; 0
; 23725; 0
; 23776; 0
; 23827; 0
; 23877; 0
; 23927; 0
; 23978; 0
; 24029; 0
; 24079; 0
; 24129; 0
; 24179; 0
; 24229; 0
; 24280; 0
; 24331; 0
; 24382; 0
; 24432; 0
; 24484; 0
; 24534; 0
; 24586; 0
; 24637; 0
; 24687; 0
; 24739; 0
; 24790; 0
; 24840; 0
; 24891; 0
; 24942; 0
; 24992; 0
; 25042; 0
; 25094; 0
; 25145; 0
; 25196; 0
; 25247; 0
; 25297; 0
; 25348; 0
; 25398; 0
; 25448; 0
; 25498; 0
; 25548; 0
; 25599; 0
; 25649; 0
; 25699; 0
; 25750; 0
; 25800; 0
; 25850; 0
; 25901; 0
; 25952; 0
; 26003; 0
; 26053; 0
; 26105; 0
; 26156; 0
; 26206; 0
; 26257; 0
; 26307; 0
; 26357; 0
; 26408; 0
; 26459; 0
; 26510; 0
; 26561; 0
; 26612; 0
; 26664; 0
; 26714; 0
; 26765; 0
; 26817; 0
; 26867; 0
; 26918; 0
; 26969; 0
; 27019; 0
; 27069; 0
; 27120; 0
; 27170; 0
; 27221; 0
; 27272; 0
; 27322; 0
; 27372; 0
; 27423; 0
; 27474; 0
; 27525; 0
; 27576; 0
; 27627; 0
; 27678; 0
; 27729; 0
; 27781; 0
; 27832; 0
; 27884; 0
; 27934; 0
; 27984; 0
; 28034; 0
; 28084; 0
; 28136; 0
; 28186; 0
; 28237; 0
; 28288; 0
; 28339; 0
; 28390; 0
; 28440; 0
; 28491; 0
; 28541; 0
; 28591; 0
; 28641; 0
; 28693; 0
; 28744; 0
; 28795; 0
; 28846; 0
; 28896; 0
; 28947; 0
; 28998; 0
; 29048; 0
; 29098; 0
; 29149; 0
; 29200; 0
; 29250; 0
; 29301; 0
; 29352; 0
; 29404; 0
; 29454; 0
; 29504; 0
; 29555; 0
; 29605; 0
; 29657; 0
; 29708; 0
; 29759; 0
; 29810; 0
; 29860; 0
; 29910; 0
; 29960; 0
; 30011; 0
; 30061; 0
; 30111; 0
; 30162; 0
; 30213; 0
; 30264; 0
; 30315; 0
; 30367; 0
; 30418; 0
; 30468; 0
; 30518; 0
; 30568; 0
; 30620; 0
; 30672; 0
; 30722; 0
; 30772; 0
; 30823; 0
; 30874; 0
; 30924; 0
; 30975; 0
; 31025; 0
; 31075; 0
; 31126; 0
; 31177; 0
; 31227; 0
; 31279; 0
; 31330; 0
; 31381; 0
; 31431; 0
; 31483; 0
; 31533; 0
; 31583; 0
; 31635; 0
; 31685; 0
; 31736; 0
; 31787; 0
; 31837; 0
; 31887; 0
; 31938; 0
; 31989; 0
; 32040; 0
; 32091; 0
; 32142; 0
; 32193; 0
; 32243; 0
; 32294; 0
; 32345; 0
; 32396; 0
; 32447; 0
; 32498; 0
; 32549; 0
; 32600; 0
; 32650; 0
; 32700; 0
; 32750; 0
; 32801; 0
; 32851; 0
; 32901; 0
; 32951; 0
; 33001; 0
; 33052; 0
; 33102; 0
; 33152; 0
; 33202; 0
; 33253; 0
; 33303; 0
; 33354; 0
; 33405; 0
; 33455; 0
; 33505; 0
; 33556; 0
; 33607; 0
; 33658; 0
; 33710; 0
; 33760; 0
; 33811; 0
; 33863; 0
; 33913; 0
; 33962; 0
; 34013; 0
; 34064; 0
; 34114; 0
; 34166; 0
; 34218; 0
; 34268; 0
; 34320; 0
; 34371; 0
; 34421; 0
; 34471; 0
; 34521; 0
; 34571; 0
; 34621; 0
; 34673; 0
; 34723; 0
; 34775; 0
; 34825; 0
; 34875; 0
; 34926; 0
; 34977; 0
; 35027; 0
; 35077; 0
; 35127; 0
; 35177; 0
; 35228; 0
; 35278; 0
; 35329; 0
; 35379; 0
; 35431; 0
; 35482; 0
; 35533; 0
; 35583; 0
; 35634; 0
; 35685; 0
; 35736; 0
; 35788; 0
; 35838; 0
; 35889; 0
; 35939; 0
; 35990; 0
; 36040; 0
; 36091; 0
; 36142; 0
; 36193; 0
; 36243; 0
; 36295; 0
; 36344; 0
; 36395; 0
; 36445; 0
; 36496; 0
; 36546; 0
; 36597; 0
; 36648; 0
; 36698; 0
; 36749; 0
; 36800; 0
; 36851; 0
; 36903; 0
; 36953; 0
; 37004; 0
; 37055; 0
; 37106; 0
; 37156; 0
; 37207; 0
; 37257; 0
; 37308; 0
; 37358; 0
; 37410; 0
; 37460; 0
; 37511; 0
; 37562; 0
; 37612; 0
; 37663; 0
; 37715; 0
; 37765; 0
; 37816; 0
; 37867; 0
; 37918; 0
; 37969; 0
; 38019; 0
; 38070; 0
; 38121; 0
; 38172; 0
; 38224; 0
; 38274; 0
; 38326; 0
; 38377; 0
; 38428; 0
; 38479; 0
; 38530; 0
; 38581; 0
; 38633; 0
; 38683; 0
; 38734; 0
; 38785; 0
; 38837; 0
; 38887; 0
; 38936; 0
; 38987; 0
; 39038; 0
; 39087; 0
; 39138; 0
; 39190; 0
; 39240; 0
; 39291; 0
; 39341; 0
; 39392; 0
; 39444; 0
; 39494; 0
; 39544; 0
; 39595; 0
; 39645; 0
; 39695; 0
; 39746; 0
; 39797; 0
; 39848; 0
; 39900; 0
; 39951; 0
; 40001; 0
; 40051; 0
; 40102; 0
; 40152; 0
; 40202; 0
; 40253; 0
; 40304; 0
; 40355; 0
; 40406; 0
; 40457; 0
; 40509; 0
; 40560; 0
; 40610; 0
; 40661; 0
; 40712; 0
; 40763; 0
; 40814; 0
; 40864; 0
; 40914; 0
; 40964; 0
; 41015; 0
; 41066; 0
; 41117; 0
; 41167; 0
; 41219; 0
; 41270; 0
; 41321; 0
; 41372; 0
; 41423; 0
; 41473; 0
; 41524; 0
; 41576; 0
; 41626; 0
; 41678; 0
; 41729; 0
; 41780; 0
; 41830; 0
; 41881; 0
; 41932; 0
; 41982; 0
; 42033; 0
; 42084; 0
; 42135; 0
; 42187; 0
; 42237; 0
; 42288; 0
; 42339; 0
; 42390; 0
; 42441; 0
; 42492; 0
; 42542; 0
; 42593; 0
; 42643; 0
; 42693; 0
; 42743; 0
; 42795; 0
; 42845; 0
; 42895; 0
; 42945; 0
; 42995; 0
; 43046; 0
; 43097; 0
; 43146; 0
; 43198; 0
; 43248; 0
; 43298; 0
; 43349; 0
; 43400; 0
; 43451; 0
; 43501; 0
; 43552; 0
; 43602; 0
; 43653; 0
; 43703; 0
; 43754; 0
; 43805; 0
; 43855; 0
; 43907; 0
; 43957; 0
; 44007; 0
; 44057; 0
; 44109; 0
; 44159; 0
; 44210; 0
; 44261; 0
; 44312; 0
; 44363; 0
; 44414; 0
; 44466; 0
; 44516; 0
; 44566; 0
; 44617; 0
; 44668; 0
; 44719; 0
; 44770; 0
; 44822; 0
; 44873; 0
; 44924; 0
; 44975; 0
; 45026; 0
; 45076; 0
; 45128; 0
; 45179; 0
; 45230; 0
; 45280; 0
; 45331; 0
; 45382; 0
; 45432; 0
; 45483; 0
; 45534; 0
; 45583; 0
; 45634; 0
; 45685; 0
; 45736; 0
; 45788; 0
; 45840; 0
; 45890; 0
; 45941; 0
; 45992; 0
; 46043; 0
; 46094; 0
; 46144; 0
; 46195; 0
; 46245; 0
; 46297; 0
; 46347; 0
; 46398; 0
; 46449; 0
; 46499; 0
; 46550; 0
; 46601; 0
; 46652; 0
; 46702; 0
; 46753; 0
; 46803; 0
; 46855; 0
; 46905; 0
; 46956; 0
; 47006; 0
; 47056; 0
; 47107; 0
; 47157; 0
; 47208; 0
; 47258; 0
; 47309; 0
; 47360; 0
; 47411; 0
; 47461; 0
; 47512; 0
; 47562; 0
; 47613; 0
; 47663; 0
; 47714; 0
; 47765; 0
; 47816; 0
; 47867; 0
; 47918; 0
; 47969; 0
; 48020; 0
; 48070; 0
; 48120; 0
; 48171; 0
; 48222; 0
; 48273; 0
; 48324; 0
; 48374; 0
; 48424; 0
; 48474; 0
; 48525; 0
; 48576; 0
; 48627; 0
; 48678; 0
; 48729; 0
; 48779; 0
; 48830; 0
; 48880; 0
; 48931; 0
; 48982; 0
; 49032; 0
; 49083; 0
; 49133; 0
; 49184; 0
; 49235; 0
; 49285; 0
; 49336; 0
; 49387; 0
; 49438; 0
; 49489; 0
; 49539; 0
; 49590; 0
; 49640; 0
; 49690; 0
; 49742; 0
; 49793; 0
; 49843; 0
; 49893; 0
; 49945; 0
; 49994; 0
; 50045; 0
; 50096; 0
; 50148; 0
; 50199; 0
; 50251; 0
; 50300; 0
; 50351; 0
; 50401; 0
; 50452; 0
; 50503; 0
; 50554; 0
; 50604; 0
; 50654; 0
; 50704; 0
; 50755; 0
; 50805; 0
; 50855; 0
; 50907; 0
6.Variable; PLC_PRG.level
6.Address.AddrFlags; 0x00000000
6.Class; 14
6.Size; 4
6.GraphColor; 4289014314
6.GraphType; 1
6.MinWarningColor; 4278190080
6.MaxWarningColor; 4294901760
6.CriticalLowerLimit; 0
6.CriticalUpperLimit; 0
6.ActivateMinWarning; 0
6.ActivateMaxWarning; 0
6.YAxis; 0
6.Data; 
; 51; 50
; 102; 50
; 152; 50
; 203; 50
; 254; 50
; 304; 50
; 355; 50
; 406; 50
; 456; 50
; 507; 50
; 558; 50
; 608; 50
; 658; 50
; 709; 50
; 760; 50
; 811; 50
; 861; 50
; 912; 50
; 963; 50
; 1013; 50
; 1064; 50
; 1116; 50
; 1166; 50
; 1217; 50
; 1267; 50
; 1318; 50
; 1369; 50
; 1419; 50
; 1470; 50
; 1520; 50
; 1571; 50
; 1622; 50
; 1672; 50
; 1722; 50
; 1774; 50
; 1823; 50
; 1875; 50
; 1926; 50
; 1977; 50
; 2027; 50.001033782958984
; 2078; 50.002101898193359
; 2129; 50.003208160400391
; 2180; 50.004348754882813
; 2230; 50.005523681640625
; 2280; 50.006732940673828
; 2331; 50.007976531982422
; 2382; 50.009258270263672
; 2433; 50.010574340820313
; 2484; 50.011924743652344
; 2534; 50.013309478759766
; 2584; 50.014728546142578
; 2635; 50.016181945800781
; 2686; 50.017673492431641
; 2735; 50.019199371337891
; 2787; 50.020759582519531
; 2837; 50.022354125976563
; 2888; 50.023983001708984
; 2940; 50.0256462097168
; 2991; 50.027347564697266
; 3042; 50.029083251953125
; 3091; 50.030853271484375
; 3142; 50.032657623291016
; 3192; 50.034496307373047
; 3244; 50.036373138427734
; 3294; 50.038284301757813
; 3346; 50.040229797363281
; 3397; 50.042209625244141
; 3447; 50.044223785400391
; 3498; 50.046272277832031
; 3548; 50.048358917236328
; 3599; 50.050479888916016
; 3651; 50.052635192871094
; 3701; 50.054824829101563
; 3753; 50.057048797607422
; 3804; 50.059307098388672
; 3855; 50.061603546142578
; 3905; 50.063934326171875
; 3956; 50.066299438476563
; 4006; 50.068698883056641
; 4056; 50.071132659912109
; 4106; 50.073600769042969
; 4158; 50.076107025146484
; 4208; 50.078647613525391
; 4258; 50.081222534179688
; 4309; 50.083831787109375
; 4360; 50.086475372314453
; 4410; 50.089157104492188
; 4460; 50.091873168945313
; 4511; 50.094623565673828
; 4561; 50.097408294677734
; 4611; 50.100227355957031
; 4662; 50.103080749511719
; 4712; 50.105972290039063
; 4762; 50.1088981628418
; 4813; 50.111858367919922
; 4864; 50.114852905273438
; 4914; 50.117881774902344
; 4964; 50.120944976806641
; 5016; 50.124046325683594
; 5066; 50.127182006835938
; 5116; 50.130352020263672
; 5167; 50.1335563659668
; 5218; 50.136795043945313
; 5268; 50.140071868896484
; 5318; 50.143383026123047
; 5369; 50.146728515625
; 5420; 50.150108337402344
; 5470; 50.153522491455078
; 5520; 50.1569709777832
; 5570; 50.160457611083984
; 5621; 50.163978576660156
; 5672; 50.167533874511719
; 5723; 50.171123504638672
; 5774; 50.174747467041016
; 5825; 50.17840576171875
; 5876; 50.182102203369141
; 5927; 50.185832977294922
; 5978; 50.189598083496094
; 6028; 50.193397521972656
; 6079; 50.197231292724609
; 6130; 50.201099395751953
; 6181; 50.205005645751953
; 6232; 50.208946228027344
; 6282; 50.212921142578125
; 6333; 50.2169303894043
; 6384; 50.220973968505859
; 6435; 50.225055694580078
; 6486; 50.229171752929688
; 6537; 50.233322143554688
; 6589; 50.237506866455078
; 6640; 50.241725921630859
; 6690; 50.245979309082031
; 6741; 50.250270843505859
; 6792; 50.254596710205078
; 6843; 50.258956909179688
; 6893; 50.263351440429688
; 6943; 50.267780303955078
; 6993; 50.272243499755859
; 7044; 50.2767448425293
; 7095; 50.281280517578125
; 7146; 50.285850524902344
; 7196; 50.290454864501953
; 7246; 50.295093536376953
; 7297; 50.299770355224609
; 7347; 50.304481506347656
; 7397; 50.309226989746094
; 7448; 50.314006805419922
; 7499; 50.318820953369141
; 7551; 50.32366943359375
; 7601; 50.328556060791016
; 7653; 50.333477020263672
; 7704; 50.338432312011719
; 7755; 50.343421936035156
; 7805; 50.348445892333984
; 7855; 50.3535041809082
; 7905; 50.358600616455078
; 7955; 50.363731384277344
; 8007; 50.368896484375
; 8057; 50.374095916748047
; 8108; 50.379329681396484
; 8159; 50.384597778320313
; 8210; 50.3899040222168
; 8262; 50.395244598388672
; 8312; 50.400619506835938
; 8363; 50.406028747558594
; 8415; 50.411472320556641
; 8465; 50.416954040527344
; 8515; 50.422470092773438
; 8566; 50.428020477294922
; 8616; 50.4336051940918
; 8667; 50.439224243164063
; 8718; 50.444877624511719
; 8769; 50.450569152832031
; 8820; 50.456295013427734
; 8871; 50.462055206298828
; 8921; 50.467849731445313
; 8972; 50.473678588867188
; 9024; 50.479541778564453
; 9075; 50.485443115234375
; 9126; 50.491378784179688
; 9176; 50.497348785400391
; 9227; 50.503353118896484
; 9277; 50.509391784667969
; 9327; 50.515468597412109
; 9377; 50.521579742431641
; 9428; 50.527725219726563
; 9478; 50.533905029296875
; 9529; 50.540119171142578
; 9580; 50.546367645263672
; 9630; 50.552654266357422
; 9681; 50.558975219726563
; 9731; 50.565330505371094
; 9782; 50.571720123291016
; 9833; 50.578144073486328
; 9883; 50.584602355957031
; 9934; 50.591098785400391
; 9984; 50.597629547119141
; 10035; 50.604194641113281
; 10086; 50.610794067382813
; 10137; 50.617427825927734
; 10188; 50.624095916748047
; 10239; 50.630802154541016
; 10290; 50.637542724609375
; 10341; 50.644317626953125
; 10392; 50.651126861572266
; 10443; 50.6579704284668
; 10494; 50.664852142333984
; 10546; 50.671768188476563
; 10596; 50.678718566894531
; 10647; 50.685703277587891
; 10698; 50.692722320556641
; 10749; 50.699775695800781
; 10800; 50.706867218017578
; 10850; 50.713993072509766
; 10901; 50.721153259277344
; 10952; 50.728347778320313
; 11002; 50.735576629638672
; 11053; 50.742839813232422
; 11103; 50.750141143798828
; 11155; 50.757476806640625
; 11205; 50.764846801757813
; 11256; 50.772251129150391
; 11307; 50.779689788818359
; 11358; 50.787166595458984
; 11409; 50.794677734375
; 11458; 50.802223205566406
; 11509; 50.8098030090332
; 11561; 50.817417144775391
; 11611; 50.825065612792969
; 11662; 50.8327522277832
; 11713; 50.840473175048828
; 11763; 50.848228454589844
; 11814; 50.85601806640625
; 11864; 50.863842010498047
; 11914; 50.871700286865234
; 11966; 50.879596710205078
; 12018; 50.887527465820313
; 12068; 50.895492553710938
; 12119; 50.903491973876953
; 12170; 50.911525726318359
; 12220; 50.919593811035156
; 12271; 50.927700042724609
; 12321; 50.935840606689453
; 12372; 50.944015502929688
; 12423; 50.952224731445313
; 12475; 50.960468292236328
; 12526; 50.96875
; 12576; 50.977066040039063
; 12627; 50.985416412353516
; 12678; 50.993801116943359
; 12729; 51.002220153808594
; 12780; 51.010673522949219
; 12829; 51.0191650390625
; 12881; 51.027690887451172
; 12932; 51.036251068115234
; 12983; 51.044845581054688
; 13034; 51.053474426269531
; 13084; 51.062137603759766
; 13135; 51.070838928222656
; 13185; 51.079574584960938
; 13236; 51.088344573974609
; 13287; 51.097148895263672
; 13337; 51.105987548828125
; 13388; 51.114864349365234
; 13439; 51.123775482177734
; 13489; 51.132720947265625
; 13540; 51.141700744628906
; 13590; 51.150714874267578
; 13640; 51.159763336181641
; 13691; 51.168849945068359
; 13742; 51.177970886230469
; 13792; 51.187126159667969
; 13844; 51.196315765380859
; 13894; 51.205539703369141
; 13945; 51.214797973632813
; 13996; 51.224094390869141
; 14047; 51.233425140380859
; 14097; 51.242790222167969
; 14148; 51.252189636230469
; 14198; 51.261623382568359
; 14248; 51.271091461181641
; 14299; 51.280597686767578
; 14350; 51.290138244628906
; 14402; 51.299713134765625
; 14452; 51.309322357177734
; 14503; 51.318965911865234
; 14555; 51.328647613525391
; 14606; 51.338363647460938
; 14656; 51.348114013671875
; 14706; 51.3578987121582
; 14756; 51.367717742919922
; 14807; 51.377571105957031
; 14857; 51.3874626159668
; 14908; 51.397388458251953
; 14960; 51.4073486328125
; 15010; 51.417343139648438
; 15061; 51.427371978759766
; 15112; 51.437435150146484
; 15162; 51.447536468505859
; 15213; 51.457672119140625
; 15264; 51.467842102050781
; 15314; 51.478046417236328
; 15366; 51.488285064697266
; 15418; 51.498561859130859
; 15468; 51.508872985839844
; 15518; 51.519218444824219
; 15569; 51.529598236083984
; 15620; 51.540012359619141
; 15670; 51.550460815429688
; 15720; 51.560947418212891
; 15771; 51.571468353271484
; 15821; 51.582023620605469
; 15871; 51.592613220214844
; 15923; 51.603237152099609
; 15973; 51.613895416259766
; 16024; 51.624591827392578
; 16073; 51.635322570800781
; 16124; 51.646087646484375
; 16175; 51.656887054443359
; 16225; 51.667720794677734
; 16276; 51.6785888671875
; 16327; 51.689495086669922
; 16378; 51.700435638427734
; 16429; 51.711410522460938
; 16480; 51.722419738769531
; 16531; 51.733463287353516
; 16581; 51.744544982910156
; 16632; 51.755661010742188
; 16683; 51.766811370849609
; 16733; 51.777996063232422
; 16784; 51.789215087890625
; 16835; 51.800468444824219
; 16885; 51.811759948730469
; 16935; 51.823085784912109
; 16986; 51.834445953369141
; 17036; 51.845840454101563
; 17087; 51.857269287109375
; 17139; 51.868732452392578
; 17189; 51.880233764648438
; 17240; 51.891769409179688
; 17291; 51.903339385986328
; 17341; 51.914943695068359
; 17391; 51.926582336425781
; 17442; 51.938259124755859
; 17493; 51.949970245361328
; 17544; 51.961715698242188
; 17594; 51.973495483398438
; 17645; 51.985309600830078
; 17695; 51.997158050537109
; 17745; 52.0090446472168
; 17797; 52.020965576171875
; 17848; 52.032920837402344
; 17898; 52.0449104309082
; 17949; 52.056934356689453
; 17999; 52.068992614746094
; 18050; 52.081089019775391
; 18100; 52.093219757080078
; 18151; 52.105384826660156
; 18203; 52.117584228515625
; 18252; 52.129817962646484
; 18303; 52.142086029052734
; 18353; 52.154392242431641
; 18403; 52.166732788085938
; 18455; 52.179107666015625
; 18505; 52.1915168762207
; 18556; 52.203960418701172
; 18608; 52.2164421081543
; 18659; 52.228958129882813
; 18709; 52.241508483886719
; 18760; 52.254093170166016
; 18810; 52.2667121887207
; 18861; 52.279365539550781
; 18912; 52.292057037353516
; 18963; 52.304782867431641
; 19013; 52.317543029785156
; 19064; 52.330337524414063
; 19114; 52.343166351318359
; 19164; 52.356029510498047
; 19213; 52.368930816650391
; 19264; 52.381866455078125
; 19314; 52.39483642578125
; 19365; 52.407840728759766
; 19416; 52.420879364013672
; 19467; 52.433956146240234
; 19517; 52.447067260742188
; 19568; 52.460212707519531
; 19617; 52.473392486572266
; 19668; 52.486606597900391
; 19719; 52.499855041503906
; 19771; 52.513141632080078
; 19821; 52.526462554931641
; 19871; 52.539817810058594
; 19922; 52.553207397460938
; 19974; 52.566631317138672
; 20025; 52.5800895690918
; 20076; 52.593585968017578
; 20127; 52.60711669921875
; 20179; 52.620681762695313
; 20229; 52.634281158447266
; 20280; 52.647914886474609
; 20331; 52.661582946777344
; 20382; 52.675289154052734
; 20433; 52.689029693603516
; 20483; 52.702804565429688
; 20534; 52.71661376953125
; 20585; 52.7304573059082
; 20635; 52.744338989257813
; 20686; 52.758255004882813
; 20736; 52.7722053527832
; 20786; 52.786190032958984
; 20837; 52.800209045410156
; 20887; 52.814262390136719
; 20939; 52.828353881835938
; 20989; 52.842479705810547
; 21039; 52.856639862060547
; 21090; 52.870834350585938
; 21141; 52.885063171386719
; 21192; 52.899326324462891
; 21243; 52.913627624511719
; 21293; 52.927963256835938
; 21343; 52.942333221435547
; 21394; 52.956737518310547
; 21445; 52.971176147460938
; 21496; 52.985652923583984
; 21547; 53.000164031982422
; 21597; 53.01470947265625
; 21647; 53.029289245605469
; 21698; 53.043903350830078
; 21748; 53.058551788330078
; 21799; 53.073238372802734
; 21850; 53.087959289550781
; 21901; 53.102714538574219
; 21951; 53.117504119873047
; 22002; 53.132328033447266
; 22054; 53.147186279296875
; 22105; 53.162082672119141
; 22156; 53.1770133972168
; 22206; 53.191978454589844
; 22256; 53.206977844238281
; 22306; 53.222011566162109
; 22357; 53.237079620361328
; 22408; 53.2521858215332
; 22460; 53.267326354980469
; 22510; 53.282501220703125
; 22560; 53.297710418701172
; 22611; 53.312953948974609
; 22661; 53.3282356262207
; 22713; 53.343551635742188
; 22763; 53.358901977539063
; 22813; 53.374286651611328
; 22864; 53.389705657958984
; 22914; 53.405158996582031
; 22966; 53.420650482177734
; 23015; 53.436176300048828
; 23066; 53.451736450195313
; 23116; 53.467330932617188
; 23168; 53.482959747314453
; 23219; 53.498622894287109
; 23269; 53.514324188232422
; 23319; 53.530059814453125
; 23370; 53.545829772949219
; 23421; 53.5616340637207
; 23473; 53.577472686767578
; 23523; 53.593349456787109
; 23574; 53.609260559082031
; 23624; 53.625205993652344
; 23674; 53.641185760498047
; 23725; 53.657199859619141
; 23776; 53.673248291015625
; 23827; 53.689334869384766
; 23877; 53.7054557800293
; 23927; 53.721611022949219
; 23978; 53.737800598144531
; 24029; 53.754024505615234
; 24079; 53.770282745361328
; 24129; 53.786579132080078
; 24179; 53.802909851074219
; 24229; 53.81927490234375
; 24280; 53.835674285888672
; 24331; 53.852108001708984
; 24382; 53.868576049804688
; 24432; 53.885082244873047
; 24484; 53.9016227722168
; 24534; 53.918197631835938
; 24586; 53.934806823730469
; 24637; 53.951450347900391
; 24687; 53.968132019042969
; 24739; 53.984848022460938
; 24790; 54.0015983581543
; 24840; 54.018383026123047
; 24891; 54.035202026367188
; 24942; 54.052055358886719
; 24992; 54.068946838378906
; 25042; 54.085872650146484
; 25094; 54.102832794189453
; 25145; 54.119827270507813
; 25196; 54.136856079101563
; 25247; 54.1539192199707
; 25297; 54.1710205078125
; 25348; 54.188156127929688
; 25398; 54.205326080322266
; 25448; 54.222530364990234
; 25498; 54.239768981933594
; 25548; 54.257045745849609
; 25599; 54.274356842041016
; 25649; 54.291702270507813
; 25699; 54.30908203125
; 25750; 54.326496124267578
; 25800; 54.343944549560547
; 25850; 54.361431121826172
; 25901; 54.378952026367188
; 25952; 54.396507263183594
; 26003; 54.414096832275391
; 26053; 54.431720733642578
; 26105; 54.449378967285156
; 26156; 54.467075347900391
; 26206; 54.484806060791016
; 26257; 54.502571105957031
; 26307; 54.520370483398438
; 26357; 54.538204193115234
; 26408; 54.556072235107422
; 26459; 54.573978424072266
; 26510; 54.5919189453125
; 26561; 54.609893798828125
; 26612; 54.627902984619141
; 26664; 54.645946502685547
; 26714; 54.664028167724609
; 26765; 54.682144165039063
; 26817; 54.700294494628906
; 26867; 54.718479156494141
; 26918; 54.736698150634766
; 26969; 54.754951477050781
; 27019; 54.773242950439453
; 27069; 54.791568756103516
; 27120; 54.809928894042969
; 27170; 54.828323364257813
; 27221; 54.846752166748047
; 27272; 54.865215301513672
; 27322; 54.883716583251953
; 27372; 54.902252197265625
; 27423; 54.920822143554688
; 27474; 54.939426422119141
; 27525; 54.958065032958984
; 27576; 54.976741790771484
; 27627; 54.995452880859375
; 27678; 55.014198303222656
; 27729; 55.032928466796875
; 27781; 55.051643371582031
; 27832; 55.070343017578125
; 27884; 55.089027404785156
; 27934; 55.107696533203125
; 27984; 55.126350402832031
; 28034; 55.144989013671875
; 28084; 55.163612365722656
; 28136; 55.182220458984375
; 28186; 55.2008171081543
; 28237; 55.219398498535156
; 28288; 55.237964630126953
; 28339; 55.256515502929688
; 28390; 55.275051116943359
; 28440; 55.293571472167969
; 28491; 55.312076568603516
; 28541; 55.33056640625
; 28591; 55.349040985107422
; 28641; 55.367500305175781
; 28693; 55.385944366455078
; 28744; 55.404373168945313
; 28795; 55.422786712646484
; 28846; 55.441184997558594
; 28896; 55.459571838378906
; 28947; 55.477943420410156
; 28998; 55.496299743652344
; 29048; 55.514640808105469
; 29098; 55.532966613769531
; 29149; 55.551277160644531
; 29200; 55.569572448730469
; 29250; 55.587852478027344
; 29301; 55.606117248535156
; 29352; 55.624366760253906
; 29404; 55.642601013183594
; 29454; 55.660820007324219
; 29504; 55.679023742675781
; 29555; 55.697212219238281
; 29605; 55.715385437011719
; 29657; 55.733547210693359
; 29708; 55.751693725585938
; 29759; 55.769824981689453
; 29810; 55.787940979003906
; 29860; 55.8060417175293
; 29910; 55.824127197265625
; 29960; 55.842197418212891
; 30011; 55.860252380371094
; 30061; 55.878292083740234
; 30111; 55.896316528320313
; 30162; 55.914325714111328
; 30213; 55.932319641113281
; 30264; 55.950298309326172
; 30315; 55.96826171875
; 30367; 55.986209869384766
; 30418; 56.004146575927734
; 30468; 56.022068023681641
; 30518; 56.039974212646484
; 30568; 56.057865142822266
; 30620; 56.075740814208984
; 30672; 56.093601226806641
; 30722; 56.111446380615234
; 30772; 56.129276275634766
; 30823; 56.147090911865234
; 30874; 56.164890289306641
; 30924; 56.182674407958984
; 30975; 56.200443267822266
; 31025; 56.218196868896484
; 31075; 56.235935211181641
; 31126; 56.253658294677734
; 31177; 56.271369934082031
; 31227; 56.289066314697266
; 31279; 56.306747436523438
; 31330; 56.324413299560547
; 31381; 56.342063903808594
; 31431; 56.359699249267578
; 31483; 56.3773193359375
; 31533; 56.394924163818359
; 31583; 56.412513732910156
; 31635; 56.430088043212891
; 31685; 56.447647094726563
; 31736; 56.465190887451172
; 31787; 56.482719421386719
; 31837; 56.5002326965332
; 31887; 56.517734527587891
; 31938; 56.535221099853516
; 31989; 56.552692413330078
; 32040; 56.570148468017578
; 32091; 56.587589263916016
; 32142; 56.605014801025391
; 32193; 56.6224250793457
; 32243; 56.639820098876953
; 32294; 56.657199859619141
; 32345; 56.674564361572266
; 32396; 56.691913604736328
; 32447; 56.709247589111328
; 32498; 56.726566314697266
; 32549; 56.743869781494141
; 32600; 56.761157989501953
; 32650; 56.778434753417969
; 32700; 56.795696258544922
; 32750; 56.812942504882813
; 32801; 56.830173492431641
; 32851; 56.847389221191406
; 32901; 56.864589691162109
; 32951; 56.88177490234375
; 33001; 56.898944854736328
; 33052; 56.916099548339844
; 33102; 56.9332389831543
; 33152; 56.950363159179688
; 33202; 56.967472076416016
; 33253; 56.984565734863281
; 33303; 57.001644134521484
; 33354; 57.018707275390625
; 33405; 57.035758972167969
; 33455; 57.05279541015625
; 33505; 57.069816589355469
; 33556; 57.086822509765625
; 33607; 57.103813171386719
; 33658; 57.12078857421875
; 33710; 57.137748718261719
; 33760; 57.154693603515625
; 33811; 57.171623229980469
; 33863; 57.18853759765625
; 33913; 57.205436706542969
; 33962; 57.222320556640625
; 34013; 57.239189147949219
; 34064; 57.25604248046875
; 34114; 57.272884368896484
; 34166; 57.289710998535156
; 34218; 57.306522369384766
; 34268; 57.323318481445313
; 34320; 57.3400993347168
; 34371; 57.356864929199219
; 34421; 57.373615264892578
; 34471; 57.390350341796875
; 34521; 57.407070159912109
; 34571; 57.423774719238281
; 34621; 57.440464019775391
; 34673; 57.457138061523438
; 34723; 57.473796844482422
; 34775; 57.490440368652344
; 34825; 57.5070686340332
; 34875; 57.523685455322266
; 34926; 57.540287017822266
; 34977; 57.5568733215332
; 35027; 57.573444366455078
; 35077; 57.590000152587891
; 35127; 57.606540679931641
; 35177; 57.623065948486328
; 35228; 57.639575958251953
; 35278; 57.656070709228516
; 35329; 57.672550201416016
; 35379; 57.689014434814453
; 35431; 57.705463409423828
; 35482; 57.721897125244141
; 35533; 57.738315582275391
; 35583; 57.754718780517578
; 35634; 57.771110534667969
; 35685; 57.7874870300293
; 35736; 57.803848266601563
; 35788; 57.820194244384766
; 35838; 57.836524963378906
; 35889; 57.852840423583984
; 35939; 57.869140625
; 35990; 57.885425567626953
; 36040; 57.901695251464844
; 36091; 57.917949676513672
; 36142; 57.934188842773438
; 36193; 57.950412750244141
; 36243; 57.966621398925781
; 36295; 57.982814788818359
; 36344; 57.998992919921875
; 36395; 58.015159606933594
; 36445; 58.03131103515625
; 36496; 58.047447204589844
; 36546; 58.063568115234375
; 36597; 58.079673767089844
; 36648; 58.09576416015625
; 36698; 58.111839294433594
; 36749; 58.127899169921875
; 36800; 58.143943786621094
; 36851; 58.15997314453125
; 36903; 58.175987243652344
; 36953; 58.191986083984375
; 37004; 58.207969665527344
; 37055; 58.22393798828125
; 37106; 58.239894866943359
; 37156; 58.255836486816406
; 37207; 58.271762847900391
; 37257; 58.287673950195313
; 37308; 58.303569793701172
; 37358; 58.319450378417969
; 37410; 58.3353157043457
; 37460; 58.351165771484375
; 37511; 58.367000579833984
; 37562; 58.382820129394531
; 37612; 58.398624420166016
; 37663; 58.414413452148438
; 37715; 58.4301872253418
; 37765; 58.445945739746094
; 37816; 58.461688995361328
; 37867; 58.477420806884766
; 37918; 58.493137359619141
; 37969; 58.508838653564453
; 38019; 58.5245246887207
; 38070; 58.540195465087891
; 38121; 58.555850982666016
; 38172; 58.571491241455078
; 38224; 58.587116241455078
; 38274; 58.602725982666016
; 38326; 58.618320465087891
; 38377; 58.6338996887207
; 38428; 58.649463653564453
; 38479; 58.665012359619141
; 38530; 58.680545806884766
; 38581; 58.696063995361328
; 38633; 58.711570739746094
; 38683; 58.7270622253418
; 38734; 58.742538452148438
; 38785; 58.757999420166016
; 38837; 58.773445129394531
; 38887; 58.788875579833984
; 38936; 58.804290771484375
; 38987; 58.8196907043457
; 39038; 58.835075378417969
; 39087; 58.850444793701172
; 39138; 58.865798950195313
; 39190; 58.881137847900391
; 39240; 58.896461486816406
; 39291; 58.911769866943359
; 39341; 58.927066802978516
; 39392; 58.942348480224609
; 39444; 58.957614898681641
; 39494; 58.972866058349609
; 39544; 58.988101959228516
; 39595; 59.003322601318359
; 39645; 59.018527984619141
; 39695; 59.033718109130859
; 39746; 59.048892974853516
; 39797; 59.064052581787109
; 39848; 59.079196929931641
; 39900; 59.094326019287109
; 39951; 59.109439849853516
; 40001; 59.124538421630859
; 40051; 59.139621734619141
; 40102; 59.154693603515625
; 40152; 59.169750213623047
; 40202; 59.184791564941406
; 40253; 59.1998176574707
; 40304; 59.214828491210938
; 40355; 59.229824066162109
; 40406; 59.244804382324219
; 40457; 59.259769439697266
; 40509; 59.27471923828125
; 40560; 59.289653778076172
; 40610; 59.304573059082031
; 40661; 59.319477081298828
; 40712; 59.334365844726563
; 40763; 59.349239349365234
; 40814; 59.364097595214844
; 40864; 59.378944396972656
; 40914; 59.393775939941406
; 40964; 59.408592224121094
; 41015; 59.423393249511719
; 41066; 59.438179016113281
; 41117; 59.452949523925781
; 41167; 59.467704772949219
; 41219; 59.482444763183594
; 41270; 59.497169494628906
; 41321; 59.511878967285156
; 41372; 59.526573181152344
; 41423; 59.541252136230469
; 41473; 59.555915832519531
; 41524; 59.570564270019531
; 41576; 59.585201263427734
; 41626; 59.599822998046875
; 41678; 59.614429473876953
; 41729; 59.629020690917969
; 41780; 59.643596649169922
; 41830; 59.658157348632813
; 41881; 59.672702789306641
; 41932; 59.687232971191406
; 41982; 59.701747894287109
; 42033; 59.71624755859375
; 42084; 59.730731964111328
; 42135; 59.745201110839844
; 42187; 59.7596549987793
; 42237; 59.774093627929688
; 42288; 59.788516998291016
; 42339; 59.802928924560547
; 42390; 59.817325592041016
; 42441; 59.831707000732422
; 42492; 59.846073150634766
; 42542; 59.860424041748047
; 42593; 59.874759674072266
; 42643; 59.889080047607422
; 42693; 59.903385162353516
; 42743; 59.917675018310547
; 42795; 59.931949615478516
; 42845; 59.946208953857422
; 42895; 59.960453033447266
; 42945; 59.974681854248047
; 42995; 59.988895416259766
; 43046; 60.003093719482422
; 43097; 60.017280578613281
; 43146; 60.031452178955078
; 43198; 60.045608520507813
; 43248; 60.059749603271484
; 43298; 60.073875427246094
; 43349; 60.087985992431641
; 43400; 60.102081298828125
; 43451; 60.116161346435547
; 43501; 60.130226135253906
; 43552; 60.1442756652832
; 43602; 60.158309936523438
; 43653; 60.172328948974609
; 43703; 60.186332702636719
; 43754; 60.200321197509766
; 43805; 60.21429443359375
; 43855; 60.228256225585938
; 43907; 60.242202758789063
; 43957; 60.256134033203125
; 44007; 60.270050048828125
; 44057; 60.283950805664063
; 44109; 60.297836303710938
; 44159; 60.31170654296875
; 44210; 60.3255615234375
; 44261; 60.339401245117188
; 44312; 60.353225708007813
; 44363; 60.367034912109375
; 44414; 60.380828857421875
; 44466; 60.394607543945313
; 44516; 60.408370971679688
; 44566; 60.422122955322266
; 44617; 60.435859680175781
; 44668; 60.449581146240234
; 44719; 60.463287353515625
; 44770; 60.476978302001953
; 44822; 60.490653991699219
; 44873; 60.504314422607422
; 44924; 60.517959594726563
; 44975; 60.531589508056641
; 45026; 60.545204162597656
; 45076; 60.558803558349609
; 45128; 60.5723876953125
; 45179; 60.585956573486328
; 45230; 60.599510192871094
; 45280; 60.6130485534668
; 45331; 60.6265754699707
; 45382; 60.640087127685547
; 45432; 60.653583526611328
; 45483; 60.667064666748047
; 45534; 60.6805305480957
; 45583; 60.6939811706543
; 45634; 60.707416534423828
; 45685; 60.7208366394043
; 45736; 60.7342414855957
; 45788; 60.747631072998047
; 45840; 60.761005401611328
; 45890; 60.774364471435547
; 45941; 60.7877082824707
; 45992; 60.8010368347168
; 46043; 60.814350128173828
; 46094; 60.827651977539063
; 46144; 60.840938568115234
; 46195; 60.854209899902344
; 46245; 60.867465972900391
; 46297; 60.880706787109375
; 46347; 60.8939323425293
; 46398; 60.907142639160156
; 46449; 60.920337677001953
; 46499; 60.933517456054688
; 46550; 60.946681976318359
; 46601; 60.959831237792969
; 46652; 60.972965240478516
; 46702; 60.986083984375
; 46753; 60.999187469482422
; 46803; 61.012279510498047
; 46855; 61.025356292724609
; 46905; 61.038417816162109
; 46956; 61.051464080810547
; 47006; 61.064495086669922
; 47056; 61.077510833740234
; 47107; 61.090511322021484
; 47157; 61.103496551513672
; 47208; 61.1164665222168
; 47258; 61.129421234130859
; 47309; 61.142360687255859
; 47360; 61.1552848815918
; 47411; 61.168193817138672
; 47461; 61.181087493896484
; 47512; 61.193965911865234
; 47562; 61.206832885742188
; 47613; 61.219684600830078
; 47663; 61.232521057128906
; 47714; 61.245342254638672
; 47765; 61.258148193359375
; 47816; 61.270938873291016
; 47867; 61.283714294433594
; 47918; 61.296474456787109
; 47969; 61.309219360351563
; 48020; 61.321949005126953
; 48070; 61.334663391113281
; 48120; 61.347362518310547
; 48171; 61.36004638671875
; 48222; 61.372714996337891
; 48273; 61.385368347167969
; 48324; 61.39801025390625
; 48374; 61.410636901855469
; 48424; 61.423248291015625
; 48474; 61.435844421386719
; 48525; 61.44842529296875
; 48576; 61.460990905761719
; 48627; 61.473541259765625
; 48678; 61.486076354980469
; 48729; 61.49859619140625
; 48779; 61.511100769042969
; 48830; 61.523590087890625
; 48880; 61.536064147949219
; 48931; 61.54852294921875
; 48982; 61.560966491699219
; 49032; 61.573394775390625
; 49083; 61.585811614990234
; 49133; 61.598213195800781
; 49184; 61.610599517822266
; 49235; 61.622970581054688
; 49285; 61.635326385498047
; 49336; 61.647666931152344
; 49387; 61.659992218017578
; 49438; 61.67230224609375
; 49489; 61.684597015380859
; 49539; 61.696876525878906
; 49590; 61.709140777587891
; 49640; 61.721389770507813
; 49690; 61.733623504638672
; 49742; 61.745841979980469
; 49793; 61.758049011230469
; 49843; 61.770240783691406
; 49893; 61.782417297363281
; 49945; 61.794578552246094
; 49994; 61.806724548339844
; 50045; 61.818855285644531
; 50096; 61.830970764160156
; 50148; 61.843070983886719
; 50199; 61.855155944824219
; 50251; 61.867225646972656
; 50300; 61.879280090332031
; 50351; 61.891319274902344
; 50401; 61.903343200683594
; 50452; 61.915351867675781
; 50503; 61.927345275878906
; 50554; 61.939327239990234
; 50604; 61.9512939453125
; 50654; 61.9632453918457
; 50704; 61.975181579589844
; 50755; 61.987102508544922
; 50805; 61.999008178710938
; 50855; 62.010898590087891
; 50907; 62.022773742675781
; 50958; 62.034633636474609
7.Variable; PLC_PRG.low_air
7.Address.AddrFlags; 0x00000000
7.Class; 0
7.Size; 1
7.GraphColor; 4278239231
7.GraphType; 1
7.MinWarningColor; 4278190080
7.MaxWarningColor; 4294901760
7.CriticalLowerLimit; 0
7.CriticalUpperLimit; 0
7.ActivateMinWarning; 0
7.ActivateMaxWarning; 0
7.YAxis; 0
7.Data; 
; 51; 0
; 102; 0
; 152; 0
; 203; 0
; 254; 0
; 304; 0
; 355; 0
; 406; 0
; 456; 0
; 507; 0
; 558; 0
; 608; 0
; 658; 0
; 709; 0
; 760; 0
; 811; 0
; 861; 0
; 912; 0
; 963; 0
; 1013; 0
; 1064; 0
; 1116; 0
; 1166; 0
; 1217; 0
; 1267; 0
; 1318; 0
; 1369; 0
; 1419; 0
; 1470; 0
; 1520; 0
; 1571; 0
; 1622; 0
; 1672; 0
; 1722; 0
; 1774; 0
; 1823; 0
; 1875; 0
; 1926; 0
; 1977; 0
; 2027; 0
; 2078; 0
; 2129; 0
; 2180; 0
; 2230; 0
; 2280; 0
; 2331; 0
; 2382; 0
; 2433; 0
; 2484; 0
; 2534; 0
; 2584; 0
; 2635; 0
; 2686; 0
; 2735; 0
; 2787; 0
; 2837; 0
; 2888; 0
; 2940; 0
; 2991; 0
; 3042; 0
; 3091; 0
; 3142; 0
; 3192; 0
; 3244; 0
; 3294; 0
; 3346; 0
; 3397; 0
; 3447; 0
; 3498; 0
; 3548; 0
; 3599; 0
; 3651; 0
; 3701; 0
; 3753; 0
; 3804; 0
; 3855; 0
; 3905; 0
; 3956; 0
; 4006; 0
; 4056; 0
; 4106; 0
; 4158; 0
; 4208; 0
; 4258; 0
; 4309; 0
; 4360; 0
; 4410; 0
; 4460; 0
; 4511; 0
; 4561; 0
; 4611; 0
; 4662; 0
; 4712; 0
; 4762; 0
; 4813; 0
; 4864; 0
; 4914; 0
; 4964; 0
; 5016; 0
; 5066; 0
; 5116; 0
; 5167; 0
; 5218; 0
; 5268; 0
; 5318; 0
; 5369; 0
; 5420; 0
; 5470; 0
; 5520; 0
; 5570; 0
; 5621; 0
; 5672; 0
; 5723; 0
; 5774; 0
; 5825; 0
; 5876; 0
; 5927; 0
; 5978; 0
; 6028; 0
; 6079; 0
; 6130; 0
; 6181; 0
; 6232; 0
; 6282; 0
; 6333; 0
; 6384; 0
; 6435; 0
; 6486; 0
; 6537; 0
; 6589; 0
; 6640; 0
; 6690; 0
; 6741; 0
; 6792; 0
; 6843; 0
; 6893; 0
; 6943; 0
; 6993; 0
; 7044; 0
; 7095; 0
; 7146; 0
; 7196; 0
; 7246; 0
; 7297; 0
; 7347; 0
; 7397; 0
; 7448; 0
; 7499; 0
; 7551; 0
; 7601; 0
; 7653; 0
; 7704; 0
; 7755; 0
; 7805; 0
; 7855; 0
; 7905; 0
; 7955; 0
; 8007; 0
; 8057; 0
; 8108; 0
; 8159; 0
; 8210; 0
; 8262; 0
; 8312; 0
; 8363; 0
; 8415; 0
; 8465; 0
; 8515; 0
; 8566; 0
; 8616; 0
; 8667; 0
; 8718; 0
; 8769; 0
; 8820; 0
; 8871; 0
; 8921; 0
; 8972; 0
; 9024; 0
; 9075; 0
; 9126; 0
; 9176; 0
; 9227; 0
; 9277; 0
; 9327; 0
; 9377; 0
; 9428; 0
; 9478; 0
; 9529; 0
; 9580; 0
; 9630; 0
; 9681; 0
; 9731; 0
; 9782; 0
; 9833; 0
; 9883; 0
; 9934; 0
; 9984; 0
; 10035; 0
; 10086; 0
; 10137; 0
; 10188; 0
; 10239; 0
; 10290; 0
; 10341; 0
; 10392; 0
; 10443; 0
; 10494; 0
; 10546; 0
; 10596; 0
; 10647; 0
; 10698; 0
; 10749; 0
; 10800; 0
; 10850; 0
; 10901; 0
; 10952; 0
; 11002; 0
; 11053; 0
; 11103; 0
; 11155; 0
; 11205; 0
; 11256; 0
; 11307; 0
; 11358; 0
; 11409; 0
; 11458; 0
; 11509; 0
; 11561; 0
; 11611; 0
; 11662; 0
; 11713; 0
; 11763; 0
; 11814; 0
; 11864; 0
; 11914; 0
; 11966; 0
; 12018; 0
; 12068; 0
; 12119; 0
; 12170; 0
; 12220; 0
; 12271; 0
; 12321; 0
; 12372; 0
; 12423; 0
; 12475; 0
; 12526; 0
; 12576; 0
; 12627; 0
; 12678; 0
; 12729; 0
; 12780; 0
; 12829; 0
; 12881; 0
; 12932; 0
; 12983; 0
; 13034; 0
; 13084; 0
; 13135; 0
; 13185; 0
; 13236; 0
; 13287; 0
; 13337; 0
; 13388; 0
; 13439; 0
; 13489; 0
; 13540; 0
; 13590; 0
; 13640; 0
; 13691; 0
; 13742; 0
; 13792; 0
; 13844; 0
; 13894; 0
; 13945; 0
; 13996; 0
; 14047; 0
; 14097; 0
; 14148; 0
; 14198; 0
; 14248; 0
; 14299; 0
; 14350; 0
; 14402; 0
; 14452; 0
; 14503; 0
; 14555; 0
; 14606; 0
; 14656; 0
; 14706; 0
; 14756; 0
; 14807; 0
; 14857; 0
; 14908; 0
; 14960; 0
; 15010; 0
; 15061; 0
; 15112; 0
; 15162; 0
; 15213; 0
; 15264; 0
; 15314; 0
; 15366; 0
; 15418; 0
; 15468; 0
; 15518; 0
; 15569; 0
; 15620; 0
; 15670; 0
; 15720; 0
; 15771; 0
; 15821; 0
; 15871; 0
; 15923; 0
; 15973; 0
; 16024; 0
; 16073; 0
; 16124; 0
; 16175; 0
; 16225; 0
; 16276; 0
; 16327; 0
; 16378; 0
; 16429; 0
; 16480; 0
; 16531; 0
; 16581; 0
; 16632; 0
; 16683; 0
; 16733; 0
; 16784; 0
; 16835; 0
; 16885; 0
; 16935; 0
; 16986; 0
; 17036; 0
; 17087; 0
; 17139; 0
; 17189; 0
; 17240; 0
; 17291; 0
; 17341; 0
; 17391; 0
; 17442; 0
; 17493; 0
; 17544; 0
; 17594; 0
; 17645; 0
; 17695; 0
; 17745; 0
; 17797; 0
; 17848; 0
; 17898; 0
; 17949; 0
; 17999; 0
; 18050; 0
; 18100; 0
; 18151; 0
; 18203; 0
; 18252; 0
; 18303; 0
; 18353; 0
; 18403; 0
; 18455; 0
; 18505; 0
; 18556; 0
; 18608; 0
; 18659; 0
; 18709; 0
; 18760; 0
; 18810; 0
; 18861; 0
; 18912; 0
; 18963; 0
; 19013; 0
; 19064; 0
; 19114; 0
; 19164; 0
; 19213; 0
; 19264; 0
; 19314; 0
; 19365; 0
; 19416; 0
; 19467; 0
; 19517; 0
; 19568; 0
; 19617; 0
; 19668; 0
; 19719; 0
; 19771; 0
; 19821; 0
; 19871; 0
; 19922; 0
; 19974; 0
; 20025; 0
; 20076; 0
; 20127; 0
; 20179; 0
; 20229; 0
; 20280; 0
; 20331; 0
; 20382; 0
; 20433; 0
; 20483; 0
; 20534; 0
; 20585; 0
; 20635; 0
; 20686; 0
; 20736; 0
; 20786; 0
; 20837; 0
; 20887; 0
; 20939; 0
; 20989; 0
; 21039; 0
; 21090; 0
; 21141; 0
; 21192; 0
; 21243; 0
; 21293; 0
; 21343; 0
; 21394; 0
; 21445; 0
; 21496; 0
; 21547; 0
; 21597; 0
; 21647; 0
; 21698; 0
; 21748; 0
; 21799; 0
; 21850; 0
; 21901; 0
; 21951; 0
; 22002; 0
; 22054; 0
; 22105; 0
; 22156; 0
; 22206; 0
; 22256; 0
; 22306; 0
; 22357; 0
; 22408; 0
; 22460; 0
; 22510; 0
; 22560; 0
; 22611; 0
; 22661; 0
; 22713; 0
; 22763; 0
; 22813; 0
; 22864; 0
; 22914; 0
; 22966; 0
; 23015; 0
; 23066; 0
; 23116; 0
; 23168; 0
; 23219; 0
; 23269; 0
; 23319; 0
; 23370; 0
; 23421; 0
; 23473; 0
; 23523; 0
; 23574; 0
; 23624; 0
; 23674; 0
; 23725; 0
; 23776; 0
; 23827; 0
; 23877; 0
; 23927; 0
; 23978; 0
; 24029; 0
; 24079; 0
; 24129; 0
; 24179; 0
; 24229; 0
; 24280; 0
; 24331; 0
; 24382; 0
; 24432; 0
; 24484; 0
; 24534; 0
; 24586; 0
; 24637; 0
; 24687; 0
; 24739; 0
; 24790; 0
; 24840; 0
; 24891; 0
; 24942; 0
; 24992; 0
; 25042; 0
; 25094; 0
; 25145; 0
; 25196; 0
; 25247; 0
; 25297; 0
; 25348; 0
; 25398; 0
; 25448; 0
; 25498; 0
; 25548; 0
; 25599; 0
; 25649; 0
; 25699; 0
; 25750; 0
; 25800; 0
; 25850; 0
; 25901; 0
; 25952; 0
; 26003; 0
; 26053; 0
; 26105; 0
; 26156; 0
; 26206; 0
; 26257; 0
; 26307; 0
; 26357; 0
; 26408; 0
; 26459; 0
; 26510; 0
; 26561; 0
; 26612; 0
; 26664; 0
; 26714; 0
; 26765; 0
; 26817; 0
; 26867; 0
; 26918; 0
; 26969; 0
; 27019; 0
; 27069; 0
; 27120; 0
; 27170; 0
; 27221; 0
; 27272; 0
; 27322; 0
; 27372; 0
; 27423; 0
; 27474; 0
; 27525; 0
; 27576; 0
; 27627; 0
; 27678; 0
; 27729; 0
; 27781; 0
; 27832; 0
; 27884; 0
; 27934; 0
; 27984; 0
; 28034; 0
; 28084; 0
; 28136; 0
; 28186; 0
; 28237; 0
; 28288; 0
; 28339; 0
; 28390; 0
; 28440; 0
; 28491; 0
; 28541; 0
; 28591; 0
; 28641; 0
; 28693; 0
; 28744; 0
; 28795; 0
; 28846; 0
; 28896; 0
; 28947; 0
; 28998; 0
; 29048; 0
; 29098; 0
; 29149; 0
; 29200; 0
; 29250; 0
; 29301; 0
; 29352; 0
; 29404; 0
; 29454; 0
; 29504; 0
; 29555; 0
; 29605; 0
; 29657; 0
; 29708; 0
; 29759; 0
; 29810; 0
; 29860; 0
; 29910; 0
; 29960; 0
; 30011; 0
; 30061; 0
; 30111; 0
; 30162; 0
; 30213; 0
; 30264; 0
; 30315; 0
; 30367; 0
; 30418; 0
; 30468; 0
; 30518; 0
; 30568; 0
; 30620; 0
; 30672; 0
; 30722; 0
; 30772; 0
; 30823; 0
; 30874; 0
; 30924; 0
; 30975; 0
; 31025; 0
; 31075; 0
; 31126; 0
; 31177; 0
; 31227; 0
; 31279; 0
; 31330; 0
; 31381; 0
; 31431; 0
; 31483; 0
; 31533; 0
; 31583; 0
; 31635; 0
; 31685; 0
; 31736; 0
; 31787; 0
; 31837; 0
; 31887; 0
; 31938; 0
; 31989; 0
; 32040; 0
; 32091; 0
; 32142; 0
; 32193; 0
; 32243; 0
; 32294; 0
; 32345; 0
; 32396; 0
; 32447; 0
; 32498; 0
; 32549; 0
; 32600; 0
; 32650; 0
; 32700; 0
; 32750; 0
; 32801; 0
; 32851; 0
; 32901; 0
; 32951; 0
; 33001; 0
; 33052; 0
; 33102; 0
; 33152; 0
; 33202; 0
; 33253; 0
; 33303; 0
; 33354; 0
; 33405; 0
; 33455; 0
; 33505; 0
; 33556; 0
; 33607; 0
; 33658; 0
; 33710; 0
; 33760; 0
; 33811; 0
; 33863; 0
; 33913; 0
; 33962; 0
; 34013; 0
; 34064; 0
; 34114; 0
; 34166; 0
; 34218; 0
; 34268; 0
; 34320; 0
; 34371; 0
; 34421; 0
; 34471; 0
; 34521; 0
; 34571; 0
; 34621; 0
; 34673; 0
; 34723; 0
; 34775; 0
; 34825; 0
; 34875; 0
; 34926; 0
; 34977; 0
; 35027; 0
; 35077; 0
; 35127; 0
; 35177; 0
; 35228; 0
; 35278; 0
; 35329; 0
; 35379; 0
; 35431; 0
; 35482; 0
; 35533; 0
; 35583; 0
; 35634; 0
; 35685; 0
; 35736; 0
; 35788; 0
; 35838; 0
; 35889; 0
; 35939; 0
; 35990; 0
; 36040; 0
; 36091; 0
; 36142; 0
; 36193; 0
; 36243; 0
; 36295; 0
; 36344; 0
; 36395; 0
; 36445; 0
; 36496; 0
; 36546; 0
; 36597; 0
; 36648; 0
; 36698; 0
; 36749; 0
; 36800; 0
; 36851; 0
; 36903; 0
; 36953; 0
; 37004; 0
; 37055; 0
; 37106; 0
; 37156; 0
; 37207; 0
; 37257; 0
; 37308; 0
; 37358; 0
; 37410; 0
; 37460; 0
; 37511; 0
; 37562; 0
; 37612; 0
; 37663; 0
; 37715; 0
; 37765; 0
; 37816; 0
; 37867; 0
; 37918; 0
; 37969; 0
; 38019; 0
; 38070; 0
; 38121; 0
; 38172; 0
; 38224; 0
; 38274; 0
; 38326; 0
; 38377; 0
; 38428; 0
; 38479; 0
; 38530; 0
; 38581; 0
; 38633; 0
; 38683; 0
; 38734; 0
; 38785; 0
; 38837; 0
; 38887; 0
; 38936; 0
; 38987; 0
; 39038; 0
; 39087; 0
; 39138; 0
; 39190; 0
; 39240; 0
; 39291; 0
; 39341; 0
; 39392; 0
; 39444; 0
; 39494; 0
; 39544; 0
; 39595; 0
; 39645; 0
; 39695; 0
; 39746; 0
; 39797; 0
; 39848; 0
; 39900; 0
; 39951; 0
; 40001; 0
; 40051; 0
; 40102; 0
; 40152; 0
; 40202; 0
; 40253; 0
; 40304; 0
; 40355; 0
; 40406; 0
; 40457; 0
; 40509; 0
; 40560; 0
; 40610; 0
; 40661; 0
; 40712; 0
; 40763; 0
; 40814; 0
; 40864; 0
; 40914; 0
; 40964; 0
; 41015; 0
; 41066; 0
; 41117; 0
; 41167; 0
; 41219; 0
; 41270; 0
; 41321; 0
; 41372; 0
; 41423; 0
; 41473; 0
; 41524; 0
; 41576; 0
; 41626; 0
; 41678; 0
; 41729; 0
; 41780; 0
; 41830; 0
; 41881; 0
; 41932; 0
; 41982; 0
; 42033; 0
; 42084; 0
; 42135; 0
; 42187; 0
; 42237; 0
; 42288; 0
; 42339; 0
; 42390; 0
; 42441; 0
; 42492; 0
; 42542; 0
; 42593; 0
; 42643; 0
; 42693; 0
; 42743; 0
; 42795; 0
; 42845; 0
; 42895; 0
; 42945; 0
; 42995; 0
; 43046; 0
; 43097; 0
; 43146; 0
; 43198; 0
; 43248; 0
; 43298; 0
; 43349; 0
; 43400; 0
; 43451; 0
; 43501; 0
; 43552; 0
; 43602; 0
; 43653; 0
; 43703; 0
; 43754; 0
; 43805; 0
; 43855; 0
; 43907; 0
; 43957; 0
; 44007; 0
; 44057; 0
; 44109; 0
; 44159; 0
; 44210; 0
; 44261; 0
; 44312; 0
; 44363; 0
; 44414; 0
; 44466; 0
; 44516; 0
; 44566; 0
; 44617; 0
; 44668; 0
; 44719; 0
; 44770; 0
; 44822; 0
; 44873; 0
; 44924; 0
; 44975; 0
; 45026; 0
; 45076; 0
; 45128; 0
; 45179; 0
; 45230; 0
; 45280; 0
; 45331; 0
; 45382; 0
; 45432; 0
; 45483; 0
; 45534; 0
; 45583; 0
; 45634; 0
; 45685; 0
; 45736; 0
; 45788; 0
; 45840; 0
; 45890; 0
; 45941; 0
; 45992; 0
; 46043; 0
; 46094; 0
; 46144; 0
; 46195; 0
; 46245; 0
; 46297; 0
; 46347; 0
; 46398; 0
; 46449; 0
; 46499; 0
; 46550; 0
; 46601; 0
; 46652; 0
; 46702; 0
; 46753; 0
; 46803; 0
; 46855; 0
; 46905; 0
; 46956; 0
; 47006; 0
; 47056; 0
; 47107; 0
; 47157; 0
; 47208; 0
; 47258; 0
; 47309; 0
; 47360; 0
; 47411; 0
; 47461; 0
; 47512; 0
; 47562; 0
; 47613; 0
; 47663; 0
; 47714; 0
; 47765; 0
; 47816; 0
; 47867; 0
; 47918; 0
; 47969; 0
; 48020; 0
; 48070; 0
; 48120; 0
; 48171; 0
; 48222; 0
; 48273; 0
; 48324; 0
; 48374; 0
; 48424; 0
; 48474; 0
; 48525; 0
; 48576; 0
; 48627; 0
; 48678; 0
; 48729; 0
; 48779; 0
; 48830; 0
; 48880; 0
; 48931; 0
; 48982; 0
; 49032; 0
; 49083; 0
; 49133; 0
; 49184; 0
; 49235; 0
; 49285; 0
; 49336; 0
; 49387; 0
; 49438; 0
; 49489; 0
; 49539; 0
; 49590; 0
; 49640; 0
; 49690; 0
; 49742; 0
; 49793; 0
; 49843; 0
; 49893; 0
; 49945; 0
; 49994; 0
; 50045; 0
; 50096; 0
; 50148; 0
; 50199; 0
; 50251; 0
; 50300; 0
; 50351; 0
; 50401; 0
; 50452; 0
; 50503; 0
; 50554; 0
; 50604; 0
; 50654; 0
; 50704; 0
; 50755; 0
; 50805; 0
; 50855; 0
; 50907; 0
8.Variable; PLC_PRG.motor_running
8.Address.AddrFlags; 0x00000000
8.Class; 0
8.Size; 1
8.GraphColor; 4278255615
8.GraphType; 1
8.MinWarningColor; 4278190080
8.MaxWarningColor; 4294901760
8.CriticalLowerLimit; 0
8.CriticalUpperLimit; 0
8.ActivateMinWarning; 0
8.ActivateMaxWarning; 0
8.YAxis; 0
8.Data; 
; 51; 1
; 102; 1
; 152; 1
; 203; 1
; 254; 1
; 304; 1
; 355; 1
; 406; 1
; 456; 1
; 507; 1
; 558; 1
; 608; 1
; 658; 1
; 709; 1
; 760; 1
; 811; 1
; 861; 1
; 912; 1
; 963; 1
; 1013; 1
; 1064; 1
; 1116; 1
; 1166; 1
; 1217; 1
; 1267; 1
; 1318; 1
; 1369; 1
; 1419; 1
; 1470; 1
; 1520; 1
; 1571; 1
; 1622; 1
; 1672; 1
; 1722; 1
; 1774; 1
; 1823; 1
; 1875; 1
; 1926; 1
; 1977; 1
; 2027; 1
; 2078; 1
; 2129; 1
; 2180; 1
; 2230; 1
; 2280; 1
; 2331; 1
; 2382; 1
; 2433; 1
; 2484; 1
; 2534; 1
; 2584; 1
; 2635; 1
; 2686; 1
; 2735; 1
; 2787; 1
; 2837; 1
; 2888; 1
; 2940; 1
; 2991; 1
; 3042; 1
; 3091; 1
; 3142; 1
; 3192; 1
; 3244; 1
; 3294; 1
; 3346; 1
; 3397; 1
; 3447; 1
; 3498; 1
; 3548; 1
; 3599; 1
; 3651; 1
; 3701; 1
; 3753; 1
; 3804; 1
; 3855; 1
; 3905; 1
; 3956; 1
; 4006; 1
; 4056; 1
; 4106; 1
; 4158; 1
; 4208; 1
; 4258; 1
; 4309; 1
; 4360; 1
; 4410; 1
; 4460; 1
; 4511; 1
; 4561; 1
; 4611; 1
; 4662; 1
; 4712; 1
; 4762; 1
; 4813; 1
; 4864; 1
; 4914; 1
; 4964; 1
; 5016; 1
; 5066; 1
; 5116; 1
; 5167; 1
; 5218; 1
; 5268; 1
; 5318; 1
; 5369; 1
; 5420; 1
; 5470; 1
; 5520; 1
; 5570; 1
; 5621; 1
; 5672; 1
; 5723; 1
; 5774; 1
; 5825; 1
; 5876; 1
; 5927; 1
; 5978; 1
; 6028; 1
; 6079; 1
; 6130; 1
; 6181; 1
; 6232; 1
; 6282; 1
; 6333; 1
; 6384; 1
; 6435; 1
; 6486; 1
; 6537; 1
; 6589; 1
; 6640; 1
; 6690; 1
; 6741; 1
; 6792; 1
; 6843; 1
; 6893; 1
; 6943; 1
; 6993; 1
; 7044; 1
; 7095; 1
; 7146; 1
; 7196; 1
; 7246; 1
; 7297; 1
; 7347; 1
; 7397; 1
; 7448; 1
; 7499; 1
; 7551; 1
; 7601; 1
; 7653; 1
; 7704; 1
; 7755; 1
; 7805; 1
; 7855; 1
; 7905; 1
; 7955; 1
; 8007; 1
; 8057; 1
; 8108; 1
; 8159; 1
; 8210; 1
; 8262; 1
; 8312; 1
; 8363; 1
; 8415; 1
; 8465; 1
; 8515; 1
; 8566; 1
; 8616; 1
; 8667; 1
; 8718; 1
; 8769; 1
; 8820; 1
; 8871; 1
; 8921; 1
; 8972; 1
; 9024; 1
; 9075; 1
; 9126; 1
; 9176; 1
; 9227; 1
; 9277; 1
; 9327; 1
; 9377; 1
; 9428; 1
; 9478; 1
; 9529; 1
; 9580; 1
; 9630; 1
; 9681; 1
; 9731; 1
; 9782; 1
; 9833; 1
; 9883; 1
; 9934; 1
; 9984; 1
; 10035; 1
; 10086; 1
; 10137; 1
; 10188; 1
; 10239; 1
; 10290; 1
; 10341; 1
; 10392; 1
; 10443; 1
; 10494; 1
; 10546; 1
; 10596; 1
; 10647; 1
; 10698; 1
; 10749; 1
; 10800; 1
; 10850; 1
; 10901; 1
; 10952; 1
; 11002; 1
; 11053; 1
; 11103; 1
; 11155; 1
; 11205; 1
; 11256; 1
; 11307; 1
; 11358; 1
; 11409; 1
; 11458; 1
; 11509; 1
; 11561; 1
; 11611; 1
; 11662; 1
; 11713; 1
; 11763; 1
; 11814; 1
; 11864; 1
; 11914; 1
; 11966; 1
; 12018; 1
; 12068; 1
; 12119; 1
; 12170; 1
; 12220; 1
; 12271; 1
; 12321; 1
; 12372; 1
; 12423; 1
; 12475; 1
; 12526; 1
; 12576; 1
; 12627; 1
; 12678; 1
; 12729; 1
; 12780; 1
; 12829; 1
; 12881; 1
; 12932; 1
; 12983; 1
; 13034; 1
; 13084; 1
; 13135; 1
; 13185; 1
; 13236; 1
; 13287; 1
; 13337; 1
; 13388; 1
; 13439; 1
; 13489; 1
; 13540; 1
; 13590; 1
; 13640; 1
; 13691; 1
; 13742; 1
; 13792; 1
; 13844; 1
; 13894; 1
; 13945; 1
; 13996; 1
; 14047; 1
; 14097; 1
; 14148; 1
; 14198; 1
; 14248; 1
; 14299; 1
; 14350; 1
; 14402; 1
; 14452; 1
; 14503; 1
; 14555; 1
; 14606; 1
; 14656; 1
; 14706; 1
; 14756; 1
; 14807; 1
; 14857; 1
; 14908; 1
; 14960; 1
; 15010; 1
; 15061; 1
; 15112; 1
; 15162; 1
; 15213; 1
; 15264; 1
; 15314; 1
; 15366; 1
; 15418; 1
; 15468; 1
; 15518; 1
; 15569; 1
; 15620; 1
; 15670; 1
; 15720; 1
; 15771; 1
; 15821; 1
; 15871; 1
; 15923; 1
; 15973; 1
; 16024; 1
; 16073; 1
; 16124; 1
; 16175; 1
; 16225; 1
; 16276; 1
; 16327; 1
; 16378; 1
; 16429; 1
; 16480; 1
; 16531; 1
; 16581; 1
; 16632; 1
; 16683; 1
; 16733; 1
; 16784; 1
; 16835; 1
; 16885; 1
; 16935; 1
; 16986; 1
; 17036; 1
; 17087; 1
; 17139; 1
; 17189; 1
; 17240; 1
; 17291; 1
; 17341; 1
; 17391; 1
; 17442; 1
; 17493; 1
; 17544; 1
; 17594; 1
; 17645; 1
; 17695; 1
; 17745; 1
; 17797; 1
; 17848; 1
; 17898; 1
; 17949; 1
; 17999; 1
; 18050; 1
; 18100; 1
; 18151; 1
; 18203; 1
; 18252; 1
; 18303; 1
; 18353; 1
; 18403; 1
; 18455; 1
; 18505; 1
; 18556; 1
; 18608; 1
; 18659; 1
; 18709; 1
; 18760; 1
; 18810; 1
; 18861; 1
; 18912; 1
; 18963; 1
; 19013; 1
; 19064; 1
; 19114; 1
; 19164; 1
; 19213; 1
; 19264; 1
; 19314; 1
; 19365; 1
; 19416; 1
; 19467; 1
; 19517; 1
; 19568; 1
; 19617; 1
; 19668; 1
; 19719; 1
; 19771; 1
; 19821; 1
; 19871; 1
; 19922; 1
; 19974; 1
; 20025; 1
; 20076; 1
; 20127; 1
; 20179; 1
; 20229; 1
; 20280; 1
; 20331; 1
; 20382; 1
; 20433; 1
; 20483; 1
; 20534; 1
; 20585; 1
; 20635; 1
; 20686; 1
; 20736; 1
; 20786; 1
; 20837; 1
; 20887; 1
; 20939; 1
; 20989; 1
; 21039; 1
; 21090; 1
; 21141; 1
; 21192; 1
; 21243; 1
; 21293; 1
; 21343; 1
; 21394; 1
; 21445; 1
; 21496; 1
; 21547; 1
; 21597; 1
; 21647; 1
; 21698; 1
; 21748; 1
; 21799; 1
; 21850; 1
; 21901; 1
; 21951; 1
; 22002; 1
; 22054; 1
; 22105; 1
; 22156; 1
; 22206; 1
; 22256; 1
; 22306; 1
; 22357; 1
; 22408; 1
; 22460; 1
; 22510; 1
; 22560; 1
; 22611; 1
; 22661; 1
; 22713; 1
; 22763; 1
; 22813; 1
; 22864; 1
; 22914; 1
; 22966; 1
; 23015; 1
; 23066; 1
; 23116; 1
; 23168; 1
; 23219; 1
; 23269; 1
; 23319; 1
; 23370; 1
; 23421; 1
; 23473; 1
; 23523; 1
; 23574; 1
; 23624; 1
; 23674; 1
; 23725; 1
; 23776; 1
; 23827; 1
; 23877; 1
; 23927; 1
; 23978; 1
; 24029; 1
; 24079; 1
; 24129; 1
; 24179; 1
; 24229; 1
; 24280; 1
; 24331; 1
; 24382; 1
; 24432; 1
; 24484; 1
; 24534; 1
; 24586; 1
; 24637; 1
; 24687; 1
; 24739; 1
; 24790; 1
; 24840; 1
; 24891; 1
; 24942; 1
; 24992; 1
; 25042; 1
; 25094; 1
; 25145; 1
; 25196; 1
; 25247; 1
; 25297; 1
; 25348; 1
; 25398; 1
; 25448; 1
; 25498; 1
; 25548; 1
; 25599; 1
; 25649; 1
; 25699; 1
; 25750; 1
; 25800; 1
; 25850; 1
; 25901; 1
; 25952; 1
; 26003; 1
; 26053; 1
; 26105; 1
; 26156; 1
; 26206; 1
; 26257; 1
; 26307; 1
; 26357; 1
; 26408; 1
; 26459; 1
; 26510; 1
; 26561; 1
; 26612; 1
; 26664; 1
; 26714; 1
; 26765; 1
; 26817; 1
; 26867; 1
; 26918; 1
; 26969; 1
; 27019; 1
; 27069; 1
; 27120; 1
; 27170; 1
; 27221; 1
; 27272; 1
; 27322; 1
; 27372; 1
; 27423; 1
; 27474; 1
; 27525; 1
; 27576; 1
; 27627; 1
; 27678; 1
; 27729; 1
; 27781; 1
; 27832; 1
; 27884; 1
; 27934; 1
; 27984; 1
; 28034; 1
; 28084; 1
; 28136; 1
; 28186; 1
; 28237; 1
; 28288; 1
; 28339; 1
; 28390; 1
; 28440; 1
; 28491; 1
; 28541; 1
; 28591; 1
; 28641; 1
; 28693; 1
; 28744; 1
; 28795; 1
; 28846; 1
; 28896; 1
; 28947; 1
; 28998; 1
; 29048; 1
; 29098; 1
; 29149; 1
; 29200; 1
; 29250; 1
; 29301; 1
; 29352; 1
; 29404; 1
; 29454; 1
; 29504; 1
; 29555; 1
; 29605; 1
; 29657; 1
; 29708; 1
; 29759; 1
; 29810; 1
; 29860; 1
; 29910; 1
; 29960; 1
; 30011; 1
; 30061; 1
; 30111; 1
; 30162; 1
; 30213; 1
; 30264; 1
; 30315; 1
; 30367; 1
; 30418; 1
; 30468; 1
; 30518; 1
; 30568; 1
; 30620; 1
; 30672; 1
; 30722; 1
; 30772; 1
; 30823; 1
; 30874; 1
; 30924; 1
; 30975; 1
; 31025; 1
; 31075; 1
; 31126; 1
; 31177; 1
; 31227; 1
; 31279; 1
; 31330; 1
; 31381; 1
; 31431; 1
; 31483; 1
; 31533; 1
; 31583; 1
; 31635; 1
; 31685; 1
; 31736; 1
; 31787; 1
; 31837; 1
; 31887; 1
; 31938; 1
; 31989; 1
; 32040; 1
; 32091; 1
; 32142; 1
; 32193; 1
; 32243; 1
; 32294; 1
; 32345; 1
; 32396; 1
; 32447; 1
; 32498; 1
; 32549; 1
; 32600; 1
; 32650; 1
; 32700; 1
; 32750; 1
; 32801; 1
; 32851; 1
; 32901; 1
; 32951; 1
; 33001; 1
; 33052; 1
; 33102; 1
; 33152; 1
; 33202; 1
; 33253; 1
; 33303; 1
; 33354; 1
; 33405; 1
; 33455; 1
; 33505; 1
; 33556; 1
; 33607; 1
; 33658; 1
; 33710; 1
; 33760; 1
; 33811; 1
; 33863; 1
; 33913; 1
; 33962; 1
; 34013; 1
; 34064; 1
; 34114; 1
; 34166; 1
; 34218; 1
; 34268; 1
; 34320; 1
; 34371; 1
; 34421; 1
; 34471; 1
; 34521; 1
; 34571; 1
; 34621; 1
; 34673; 1
; 34723; 1
; 34775; 1
; 34825; 1
; 34875; 1
; 34926; 1
; 34977; 1
; 35027; 1
; 35077; 1
; 35127; 1
; 35177; 1
; 35228; 1
; 35278; 1
; 35329; 1
; 35379; 1
; 35431; 1
; 35482; 1
; 35533; 1
; 35583; 1
; 35634; 1
; 35685; 1
; 35736; 1
; 35788; 1
; 35838; 1
; 35889; 1
; 35939; 1
; 35990; 1
; 36040; 1
; 36091; 1
; 36142; 1
; 36193; 1
; 36243; 1
; 36295; 1
; 36344; 1
; 36395; 1
; 36445; 1
; 36496; 1
; 36546; 1
; 36597; 1
; 36648; 1
; 36698; 1
; 36749; 1
; 36800; 1
; 36851; 1
; 36903; 1
; 36953; 1
; 37004; 1
; 37055; 1
; 37106; 1
; 37156; 1
; 37207; 1
; 37257; 1
; 37308; 1
; 37358; 1
; 37410; 1
; 37460; 1
; 37511; 1
; 37562; 1
; 37612; 1
; 37663; 1
; 37715; 1
; 37765; 1
; 37816; 1
; 37867; 1
; 37918; 1
; 37969; 1
; 38019; 1
; 38070; 1
; 38121; 1
; 38172; 1
; 38224; 1
; 38274; 1
; 38326; 1
; 38377; 1
; 38428; 1
; 38479; 1
; 38530; 1
; 38581; 1
; 38633; 1
; 38683; 1
; 38734; 1
; 38785; 1
; 38837; 1
; 38887; 1
; 38936; 1
; 38987; 1
; 39038; 1
; 39087; 1
; 39138; 1
; 39190; 1
; 39240; 1
; 39291; 1
; 39341; 1
; 39392; 1
; 39444; 1
; 39494; 1
; 39544; 1
; 39595; 1
; 39645; 1
; 39695; 1
; 39746; 1
; 39797; 1
; 39848; 1
; 39900; 1
; 39951; 1
; 40001; 1
; 40051; 1
; 40102; 1
; 40152; 1
; 40202; 1
; 40253; 1
; 40304; 1
; 40355; 1
; 40406; 1
; 40457; 1
; 40509; 1
; 40560; 1
; 40610; 1
; 40661; 1
; 40712; 1
; 40763; 1
; 40814; 1
; 40864; 1
; 40914; 1
; 40964; 1
; 41015; 1
; 41066; 1
; 41117; 1
; 41167; 1
; 41219; 1
; 41270; 1
; 41321; 1
; 41372; 1
; 41423; 1
; 41473; 1
; 41524; 1
; 41576; 1
; 41626; 1
; 41678; 1
; 41729; 1
; 41780; 1
; 41830; 1
; 41881; 1
; 41932; 1
; 41982; 1
; 42033; 1
; 42084; 1
; 42135; 1
; 42187; 1
; 42237; 1
; 42288; 1
; 42339; 1
; 42390; 1
; 42441; 1
; 42492; 1
; 42542; 1
; 42593; 1
; 42643; 1
; 42693; 1
; 42743; 1
; 42795; 1
; 42845; 1
; 42895; 1
; 42945; 1
; 42995; 1
; 43046; 1
; 43097; 1
; 43146; 1
; 43198; 1
; 43248; 1
; 43298; 1
; 43349; 1
; 43400; 1
; 43451; 1
; 43501; 1
; 43552; 1
; 43602; 1
; 43653; 1
; 43703; 1
; 43754; 1
; 43805; 1
; 43855; 1
; 43907; 1
; 43957; 1
; 44007; 1
; 44057; 1
; 44109; 1
; 44159; 1
; 44210; 1
; 44261; 1
; 44312; 1
; 44363; 1
; 44414; 1
; 44466; 1
; 44516; 1
; 44566; 1
; 44617; 1
; 44668; 1
; 44719; 1
; 44770; 1
; 44822; 1
; 44873; 1
; 44924; 1
; 44975; 1
; 45026; 1
; 45076; 1
; 45128; 1
; 45179; 1
; 45230; 1
; 45280; 1
; 45331; 1
; 45382; 1
; 45432; 1
; 45483; 1
; 45534; 1
; 45583; 1
; 45634; 1
; 45685; 1
; 45736; 1
; 45788; 1
; 45840; 1
; 45890; 1
; 45941; 1
; 45992; 1
; 46043; 1
; 46094; 1
; 46144; 1
; 46195; 1
; 46245; 1
; 46297; 1
; 46347; 1
; 46398; 1
; 46449; 1
; 46499; 1
; 46550; 1
; 46601; 1
; 46652; 1
; 46702; 1
; 46753; 1
; 46803; 1
; 46855; 1
; 46905; 1
; 46956; 1
; 47006; 1
; 47056; 1
; 47107; 1
; 47157; 1
; 47208; 1
; 47258; 1
; 47309; 1
; 47360; 1
; 47411; 1
; 47461; 1
; 47512; 1
; 47562; 1
; 47613; 1
; 47663; 1
; 47714; 1
; 47765; 1
; 47816; 1
; 47867; 1
; 47918; 1
; 47969; 1
; 48020; 1
; 48070; 1
; 48120; 1
; 48171; 1
; 48222; 1
; 48273; 1
; 48324; 1
; 48374; 1
; 48424; 1
; 48474; 1
; 48525; 1
; 48576; 1
; 48627; 1
; 48678; 1
; 48729; 1
; 48779; 1
; 48830; 1
; 48880; 1
; 48931; 1
; 48982; 1
; 49032; 1
; 49083; 1
; 49133; 1
; 49184; 1
; 49235; 1
; 49285; 1
; 49336; 1
; 49387; 1
; 49438; 1
; 49489; 1
; 49539; 1
; 49590; 1
; 49640; 1
; 49690; 1
; 49742; 1
; 49793; 1
; 49843; 1
; 49893; 1
; 49945; 1
; 49994; 1
; 50045; 1
; 50096; 1
; 50148; 1
; 50199; 1
; 50251; 1
; 50300; 1
; 50351; 1
; 50401; 1
; 50452; 1
; 50503; 1
; 50554; 1
; 50604; 1
; 50654; 1
; 50704; 1
; 50755; 1
; 50805; 1
; 50855; 1
; 50907; 1
9.Variable; PLC_PRG.tailings_flow
9.Address.AddrFlags; 0x00000000
9.Class; 14
9.Size; 4
9.GraphColor; 4284456608
9.GraphType; 1
9.MinWarningColor; 4278190080
9.MaxWarningColor; 4294901760
9.CriticalLowerLimit; 0
9.CriticalUpperLimit; 0
9.ActivateMinWarning; 0
9.ActivateMaxWarning; 0
9.YAxis; 0
9.Data; 
; 51; 38
; 102; 38
; 152; 38
; 203; 38
; 254; 38
; 304; 38
; 355; 38
; 406; 38
; 456; 38
; 507; 38
; 558; 38
; 608; 38
; 658; 38
; 709; 38
; 760; 38
; 811; 38
; 861; 38
; 912; 38
; 963; 38
; 1013; 38
; 1064; 38
; 1116; 38
; 1166; 38
; 1217; 38
; 1267; 38
; 1318; 38
; 1369; 38
; 1419; 38
; 1470; 38
; 1520; 38
; 1571; 38
; 1622; 38
; 1672; 38
; 1722; 38
; 1774; 38
; 1823; 38
; 1875; 38
; 1926; 38
; 1977; 38
; 2027; 37.950000762939453
; 2078; 37.900001525878906
; 2129; 37.850002288818359
; 2180; 37.800003051757813
; 2230; 37.750003814697266
; 2280; 37.700004577636719
; 2331; 37.650005340576172
; 2382; 37.600006103515625
; 2433; 37.550006866455078
; 2484; 37.500007629394531
; 2534; 37.450008392333984
; 2584; 37.400009155273438
; 2635; 37.350009918212891
; 2686; 37.300010681152344
; 2735; 37.2500114440918
; 2787; 37.20001220703125
; 2837; 37.1500129699707
; 2888; 37.100013732910156
; 2940; 37.050014495849609
; 2991; 37.000015258789063
; 3042; 36.950016021728516
; 3091; 36.900016784667969
; 3142; 36.850017547607422
; 3192; 36.800018310546875
; 3244; 36.750019073486328
; 3294; 36.700019836425781
; 3346; 36.650020599365234
; 3397; 36.600021362304688
; 3447; 36.550022125244141
; 3498; 36.500022888183594
; 3548; 36.450023651123047
; 3599; 36.4000244140625
; 3651; 36.350025177001953
; 3701; 36.300025939941406
; 3753; 36.250026702880859
; 3804; 36.200027465820313
; 3855; 36.150028228759766
; 3905; 36.100028991699219
; 3956; 36.050029754638672
; 4006; 36.000030517578125
; 4056; 35.950031280517578
; 4106; 35.900032043457031
; 4158; 35.850032806396484
; 4208; 35.800033569335938
; 4258; 35.750034332275391
; 4309; 35.700035095214844
; 4360; 35.6500358581543
; 4410; 35.60003662109375
; 4460; 35.5500373840332
; 4511; 35.500038146972656
; 4561; 35.450038909912109
; 4611; 35.400039672851563
; 4662; 35.350040435791016
; 4712; 35.300041198730469
; 4762; 35.250041961669922
; 4813; 35.200042724609375
; 4864; 35.150043487548828
; 4914; 35.100044250488281
; 4964; 35.050045013427734
; 5016; 35.000045776367188
; 5066; 34.950046539306641
; 5116; 34.900047302246094
; 5167; 34.850048065185547
; 5218; 34.800048828125
; 5268; 34.750049591064453
; 5318; 34.700050354003906
; 5369; 34.650051116943359
; 5420; 34.600051879882813
; 5470; 34.550052642822266
; 5520; 34.500053405761719
; 5570; 34.450054168701172
; 5621; 34.400054931640625
; 5672; 34.350055694580078
; 5723; 34.300056457519531
; 5774; 34.250057220458984
; 5825; 34.200057983398438
; 5876; 34.150058746337891
; 5927; 34.100059509277344
; 5978; 34.0500602722168
; 6028; 34.00006103515625
; 6079; 33.9500617980957
; 6130; 33.900062561035156
; 6181; 33.850063323974609
; 6232; 33.800064086914063
; 6282; 33.750064849853516
; 6333; 33.700065612792969
; 6384; 33.650066375732422
; 6435; 33.600067138671875
; 6486; 33.550067901611328
; 6537; 33.500068664550781
; 6589; 33.450069427490234
; 6640; 33.400070190429688
; 6690; 33.350070953369141
; 6741; 33.300071716308594
; 6792; 33.250072479248047
; 6843; 33.2000732421875
; 6893; 33.150074005126953
; 6943; 33.100074768066406
; 6993; 33.050075531005859
; 7044; 33.000076293945313
; 7095; 32.950077056884766
; 7146; 32.900077819824219
; 7196; 32.850078582763672
; 7246; 32.800079345703125
; 7297; 32.750080108642578
; 7347; 32.700080871582031
; 7397; 32.650081634521484
; 7448; 32.600082397460938
; 7499; 32.550083160400391
; 7551; 32.500083923339844
; 7601; 32.4500846862793
; 7653; 32.40008544921875
; 7704; 32.3500862121582
; 7755; 32.300086975097656
; 7805; 32.250087738037109
; 7855; 32.200088500976563
; 7905; 32.150089263916016
; 7955; 32.100090026855469
; 8007; 32.050090789794922
; 8057; 32.000091552734375
; 8108; 31.950092315673828
; 8159; 31.900093078613281
; 8210; 31.850093841552734
; 8262; 31.800094604492188
; 8312; 31.750095367431641
; 8363; 31.700096130371094
; 8415; 31.650096893310547
; 8465; 31.60009765625
; 8515; 31.550098419189453
; 8566; 31.500099182128906
; 8616; 31.450099945068359
; 8667; 31.400100708007813
; 8718; 31.350101470947266
; 8769; 31.300102233886719
; 8820; 31.250102996826172
; 8871; 31.200103759765625
; 8921; 31.150104522705078
; 8972; 31.100105285644531
; 9024; 31.050106048583984
; 9075; 31.000106811523438
; 9126; 30.950107574462891
; 9176; 30.900108337402344
; 9227; 30.850109100341797
; 9277; 30.80010986328125
; 9327; 30.750110626220703
; 9377; 30.700111389160156
; 9428; 30.650112152099609
; 9478; 30.600112915039063
; 9529; 30.550113677978516
; 9580; 30.500114440917969
; 9630; 30.450115203857422
; 9681; 30.400115966796875
; 9731; 30.350116729736328
; 9782; 30.300117492675781
; 9833; 30.250118255615234
; 9883; 30.200119018554688
; 9934; 30.150119781494141
; 9984; 30.100120544433594
; 10035; 30.050121307373047
; 10086; 30.0001220703125
; 10137; 29.950122833251953
; 10188; 29.900123596191406
; 10239; 29.850124359130859
; 10290; 29.800125122070313
; 10341; 29.750125885009766
; 10392; 29.700126647949219
; 10443; 29.650127410888672
; 10494; 29.600128173828125
; 10546; 29.550128936767578
; 10596; 29.500129699707031
; 10647; 29.450130462646484
; 10698; 29.400131225585938
; 10749; 29.350131988525391
; 10800; 29.300132751464844
; 10850; 29.250133514404297
; 10901; 29.20013427734375
; 10952; 29.150135040283203
; 11002; 29.100135803222656
; 11053; 29.050136566162109
; 11103; 29.000137329101563
; 11155; 28.950138092041016
; 11205; 28.900138854980469
; 11256; 28.850139617919922
; 11307; 28.800140380859375
; 11358; 28.750141143798828
; 11409; 28.700141906738281
; 11458; 28.650142669677734
; 11509; 28.600143432617188
; 11561; 28.550144195556641
; 11611; 28.500144958496094
; 11662; 28.450145721435547
; 11713; 28.400146484375
; 11763; 28.350147247314453
; 11814; 28.300148010253906
; 11864; 28.250148773193359
; 11914; 28.200149536132813
; 11966; 28.150150299072266
; 12018; 28.100151062011719
; 12068; 28.050151824951172
; 12119; 28.000152587890625
; 12170; 27.950153350830078
; 12220; 27.900154113769531
; 12271; 27.850154876708984
; 12321; 27.800155639648438
; 12372; 27.750156402587891
; 12423; 27.700157165527344
; 12475; 27.650157928466797
; 12526; 27.60015869140625
; 12576; 27.550159454345703
; 12627; 27.500160217285156
; 12678; 27.450160980224609
; 12729; 27.400161743164063
; 12780; 27.350162506103516
; 12829; 27.300163269042969
; 12881; 27.250164031982422
; 12932; 27.200164794921875
; 12983; 27.150165557861328
; 13034; 27.100166320800781
; 13084; 27.050167083740234
; 13135; 27.000167846679688
; 13185; 26.950168609619141
; 13236; 26.900169372558594
; 13287; 26.850170135498047
; 13337; 26.8001708984375
; 13388; 26.750171661376953
; 13439; 26.700172424316406
; 13489; 26.650173187255859
; 13540; 26.600173950195313
; 13590; 26.550174713134766
; 13640; 26.500175476074219
; 13691; 26.450176239013672
; 13742; 26.400177001953125
; 13792; 26.350177764892578
; 13844; 26.300178527832031
; 13894; 26.250179290771484
; 13945; 26.200180053710938
; 13996; 26.150180816650391
; 14047; 26.100181579589844
; 14097; 26.050182342529297
; 14148; 26.00018310546875
; 14198; 25.950183868408203
; 14248; 25.900184631347656
; 14299; 25.850185394287109
; 14350; 25.800186157226563
; 14402; 25.750186920166016
; 14452; 25.700187683105469
; 14503; 25.650188446044922
; 14555; 25.600189208984375
; 14606; 25.550189971923828
; 14656; 25.500190734863281
; 14706; 25.450191497802734
; 14756; 25.400192260742188
; 14807; 25.350193023681641
; 14857; 25.300193786621094
; 14908; 25.250194549560547
; 14960; 25.2001953125
; 15010; 25.150196075439453
; 15061; 25.100196838378906
; 15112; 25.050197601318359
; 15162; 25.000198364257813
; 15213; 24.950199127197266
; 15264; 24.900199890136719
; 15314; 24.850200653076172
; 15366; 24.800201416015625
; 15418; 24.750202178955078
; 15468; 24.700202941894531
; 15518; 24.650203704833984
; 15569; 24.600204467773438
; 15620; 24.550205230712891
; 15670; 24.500205993652344
; 15720; 24.450206756591797
; 15771; 24.40020751953125
; 15821; 24.350208282470703
; 15871; 24.300209045410156
; 15923; 24.250209808349609
; 15973; 24.200210571289063
; 16024; 24.150211334228516
; 16073; 24.100212097167969
; 16124; 24.050212860107422
; 16175; 24.000213623046875
; 16225; 23.950214385986328
; 16276; 23.900215148925781
; 16327; 23.850215911865234
; 16378; 23.800216674804688
; 16429; 23.750217437744141
; 16480; 23.700218200683594
; 16531; 23.650218963623047
; 16581; 23.6002197265625
; 16632; 23.550220489501953
; 16683; 23.500221252441406
; 16733; 23.450222015380859
; 16784; 23.400222778320313
; 16835; 23.350223541259766
; 16885; 23.300224304199219
; 16935; 23.250225067138672
; 16986; 23.200225830078125
; 17036; 23.150226593017578
; 17087; 23.100227355957031
; 17139; 23.050228118896484
; 17189; 23.000228881835938
; 17240; 22.950229644775391
; 17291; 22.900230407714844
; 17341; 22.850231170654297
; 17391; 22.80023193359375
; 17442; 22.750232696533203
; 17493; 22.700233459472656
; 17544; 22.650234222412109
; 17594; 22.600234985351563
; 17645; 22.550235748291016
; 17695; 22.500236511230469
; 17745; 22.450237274169922
; 17797; 22.400238037109375
; 17848; 22.350238800048828
; 17898; 22.300239562988281
; 17949; 22.250240325927734
; 17999; 22.200241088867188
; 18050; 22.150241851806641
; 18100; 22.100242614746094
; 18151; 22.050243377685547
; 18203; 22.000244140625
; 18252; 21.950244903564453
; 18303; 21.900245666503906
; 18353; 21.850246429443359
; 18403; 21.800247192382813
; 18455; 21.750247955322266
; 18505; 21.700248718261719
; 18556; 21.650249481201172
; 18608; 21.600250244140625
; 18659; 21.550251007080078
; 18709; 21.500251770019531
; 18760; 21.450252532958984
; 18810; 21.400253295898438
; 18861; 21.350254058837891
; 18912; 21.300254821777344
; 18963; 21.250255584716797
; 19013; 21.20025634765625
; 19064; 21.150257110595703
; 19114; 21.100257873535156
; 19164; 21.050258636474609
; 19213; 21.000259399414063
; 19264; 20.950260162353516
; 19314; 20.900260925292969
; 19365; 20.850261688232422
; 19416; 20.800262451171875
; 19467; 20.750263214111328
; 19517; 20.700263977050781
; 19568; 20.650264739990234
; 19617; 20.600265502929688
; 19668; 20.550266265869141
; 19719; 20.500267028808594
; 19771; 20.450267791748047
; 19821; 20.4002685546875
; 19871; 20.350269317626953
; 19922; 20.300270080566406
; 19974; 20.250270843505859
; 20025; 20.200271606445313
; 20076; 20.150272369384766
; 20127; 20.100273132324219
; 20179; 20.050273895263672
; 20229; 20.000274658203125
; 20280; 19.950275421142578
; 20331; 19.900276184082031
; 20382; 19.850276947021484
; 20433; 19.800277709960938
; 20483; 19.750278472900391
; 20534; 19.700279235839844
; 20585; 19.650279998779297
; 20635; 19.60028076171875
; 20686; 19.550281524658203
; 20736; 19.500282287597656
; 20786; 19.450283050537109
; 20837; 19.400283813476563
; 20887; 19.350284576416016
; 20939; 19.300285339355469
; 20989; 19.250286102294922
; 21039; 19.200286865234375
; 21090; 19.150287628173828
; 21141; 19.100288391113281
; 21192; 19.050289154052734
; 21243; 19.000289916992188
; 21293; 18.950290679931641
; 21343; 18.900291442871094
; 21394; 18.850292205810547
; 21445; 18.80029296875
; 21496; 18.750293731689453
; 21547; 18.700294494628906
; 21597; 18.650295257568359
; 21647; 18.600296020507813
; 21698; 18.550296783447266
; 21748; 18.500297546386719
; 21799; 18.450298309326172
; 21850; 18.400299072265625
; 21901; 18.350299835205078
; 21951; 18.300300598144531
; 22002; 18.250301361083984
; 22054; 18.200302124023438
; 22105; 18.150302886962891
; 22156; 18.100303649902344
; 22206; 18.050304412841797
; 22256; 18.00030517578125
; 22306; 17.950305938720703
; 22357; 17.900306701660156
; 22408; 17.850307464599609
; 22460; 17.800308227539063
; 22510; 17.750308990478516
; 22560; 17.700309753417969
; 22611; 17.650310516357422
; 22661; 17.600311279296875
; 22713; 17.550312042236328
; 22763; 17.500312805175781
; 22813; 17.450313568115234
; 22864; 17.400314331054688
; 22914; 17.350315093994141
; 22966; 17.300315856933594
; 23015; 17.250316619873047
; 23066; 17.2003173828125
; 23116; 17.150318145751953
; 23168; 17.100318908691406
; 23219; 17.050319671630859
; 23269; 17.000320434570313
; 23319; 16.950321197509766
; 23370; 16.900321960449219
; 23421; 16.850322723388672
; 23473; 16.800323486328125
; 23523; 16.750324249267578
; 23574; 16.700325012207031
; 23624; 16.650325775146484
; 23674; 16.600326538085938
; 23725; 16.550327301025391
; 23776; 16.500328063964844
; 23827; 16.450328826904297
; 23877; 16.40032958984375
; 23927; 16.350330352783203
; 23978; 16.300331115722656
; 24029; 16.250331878662109
; 24079; 16.200332641601563
; 24129; 16.150333404541016
; 24179; 16.100334167480469
; 24229; 16.050334930419922
; 24280; 16.000335693359375
; 24331; 15.950335502624512
; 24382; 15.900335311889648
; 24432; 15.850335121154785
; 24484; 15.800334930419922
; 24534; 15.750334739685059
; 24586; 15.700334548950195
; 24637; 15.650334358215332
; 24687; 15.600334167480469
; 24739; 15.550333976745605
; 24790; 15.500333786010742
; 24840; 15.450333595275879
; 24891; 15.400333404541016
; 24942; 15.350333213806152
; 24992; 15.300333023071289
; 25042; 15.250332832336426
; 25094; 15.200332641601563
; 25145; 15.1503324508667
; 25196; 15.100332260131836
; 25247; 15.050332069396973
; 25297; 15.000331878662109
; 25348; 14.950331687927246
; 25398; 14.900331497192383
; 25448; 14.85033130645752
; 25498; 14.800331115722656
; 25548; 14.750330924987793
; 25599; 14.70033073425293
; 25649; 14.650330543518066
; 25699; 14.600330352783203
; 25750; 14.55033016204834
; 25800; 14.500329971313477
; 25850; 14.450329780578613
; 25901; 14.40032958984375
; 25952; 14.350329399108887
; 26003; 14.300329208374023
; 26053; 14.25032901763916
; 26105; 14.200328826904297
; 26156; 14.150328636169434
; 26206; 14.10032844543457
; 26257; 14.050328254699707
; 26307; 14.000328063964844
; 26357; 13.95032787322998
; 26408; 13.900327682495117
; 26459; 13.850327491760254
; 26510; 13.800327301025391
; 26561; 13.750327110290527
; 26612; 13.700326919555664
; 26664; 13.6503267288208
; 26714; 13.600326538085938
; 26765; 13.550326347351074
; 26817; 13.500326156616211
; 26867; 13.450325965881348
; 26918; 13.400325775146484
; 26969; 13.350325584411621
; 27019; 13.300325393676758
; 27069; 13.250325202941895
; 27120; 13.200325012207031
; 27170; 13.150324821472168
; 27221; 13.100324630737305
; 27272; 13.050324440002441
; 27322; 13.000324249267578
; 27372; 12.950324058532715
; 27423; 12.900323867797852
; 27474; 12.850323677062988
; 27525; 12.800323486328125
; 27576; 12.750323295593262
; 27627; 12.700323104858398
; 27678; 12.650322914123535
; 27729; 12.700323104858398
; 27781; 12.750323295593262
; 27832; 12.800323486328125
; 27884; 12.850323677062988
; 27934; 12.900323867797852
; 27984; 12.950324058532715
; 28034; 13.000324249267578
; 28084; 13.050324440002441
; 28136; 13.100324630737305
; 28186; 13.150324821472168
; 28237; 13.200325012207031
; 28288; 13.250325202941895
; 28339; 13.300325393676758
; 28390; 13.350325584411621
; 28440; 13.400325775146484
; 28491; 13.450325965881348
; 28541; 13.500326156616211
; 28591; 13.550326347351074
; 28641; 13.600326538085938
; 28693; 13.6503267288208
; 28744; 13.700326919555664
; 28795; 13.750327110290527
; 28846; 13.800327301025391
; 28896; 13.850327491760254
; 28947; 13.900327682495117
; 28998; 13.95032787322998
; 29048; 14.000328063964844
; 29098; 14.050328254699707
; 29149; 14.10032844543457
; 29200; 14.150328636169434
; 29250; 14.200328826904297
; 29301; 14.25032901763916
; 29352; 14.300329208374023
; 29404; 14.350329399108887
; 29454; 14.40032958984375
; 29504; 14.450329780578613
; 29555; 14.500329971313477
; 29605; 14.55033016204834
; 29657; 14.600330352783203
; 29708; 14.650330543518066
; 29759; 14.70033073425293
; 29810; 14.750330924987793
; 29860; 14.800331115722656
; 29910; 14.85033130645752
; 29960; 14.900331497192383
; 30011; 14.950331687927246
; 30061; 15.000331878662109
; 30111; 15.050332069396973
; 30162; 15.100332260131836
; 30213; 15.1503324508667
; 30264; 15.200332641601563
; 30315; 15.250332832336426
; 30367; 15.300333023071289
; 30418; 15.350333213806152
; 30468; 15.400333404541016
; 30518; 15.450333595275879
; 30568; 15.500333786010742
; 30620; 15.550333976745605
; 30672; 15.600334167480469
; 30722; 15.650334358215332
; 30772; 15.700334548950195
; 30823; 15.750334739685059
; 30874; 15.800334930419922
; 30924; 15.850335121154785
; 30975; 15.900335311889648
; 31025; 15.950335502624512
; 31075; 16.000335693359375
; 31126; 16.050334930419922
; 31177; 16.100334167480469
; 31227; 16.150333404541016
; 31279; 16.200332641601563
; 31330; 16.250331878662109
; 31381; 16.300331115722656
; 31431; 16.350330352783203
; 31483; 16.40032958984375
; 31533; 16.450328826904297
; 31583; 16.500328063964844
; 31635; 16.550327301025391
; 31685; 16.600326538085938
; 31736; 16.650325775146484
; 31787; 16.700325012207031
; 31837; 16.750324249267578
; 31887; 16.800323486328125
; 31938; 16.850322723388672
; 31989; 16.900321960449219
; 32040; 16.950321197509766
; 32091; 17.000320434570313
; 32142; 17.050319671630859
; 32193; 17.100318908691406
; 32243; 17.150318145751953
; 32294; 17.2003173828125
; 32345; 17.250316619873047
; 32396; 17.300315856933594
; 32447; 17.350315093994141
; 32498; 17.400314331054688
; 32549; 17.450313568115234
; 32600; 17.500312805175781
; 32650; 17.550312042236328
; 32700; 17.600311279296875
; 32750; 17.650310516357422
; 32801; 17.700309753417969
; 32851; 17.750308990478516
; 32901; 17.800308227539063
; 32951; 17.850307464599609
; 33001; 17.900306701660156
; 33052; 17.950305938720703
; 33102; 18.00030517578125
; 33152; 18.050304412841797
; 33202; 18.100303649902344
; 33253; 18.150302886962891
; 33303; 18.200302124023438
; 33354; 18.250301361083984
; 33405; 18.300300598144531
; 33455; 18.350299835205078
; 33505; 18.400299072265625
; 33556; 18.450298309326172
; 33607; 18.500297546386719
; 33658; 18.550296783447266
; 33710; 18.600296020507813
; 33760; 18.650295257568359
; 33811; 18.700294494628906
; 33863; 18.750293731689453
; 33913; 18.80029296875
; 33962; 18.850292205810547
; 34013; 18.900291442871094
; 34064; 18.950290679931641
; 34114; 19.000289916992188
; 34166; 19.050289154052734
; 34218; 19.100288391113281
; 34268; 19.150287628173828
; 34320; 19.200286865234375
; 34371; 19.250286102294922
; 34421; 19.300285339355469
; 34471; 19.350284576416016
; 34521; 19.400283813476563
; 34571; 19.450283050537109
; 34621; 19.500282287597656
; 34673; 19.550281524658203
; 34723; 19.60028076171875
; 34775; 19.650279998779297
; 34825; 19.700279235839844
; 34875; 19.750278472900391
; 34926; 19.800277709960938
; 34977; 19.850276947021484
; 35027; 19.900276184082031
; 35077; 19.950275421142578
; 35127; 20.000274658203125
; 35177; 20.050273895263672
; 35228; 20.100273132324219
; 35278; 20.150272369384766
; 35329; 20.200271606445313
; 35379; 20.250270843505859
; 35431; 20.300270080566406
; 35482; 20.350269317626953
; 35533; 20.4002685546875
; 35583; 20.450267791748047
; 35634; 20.500267028808594
; 35685; 20.550266265869141
; 35736; 20.600265502929688
; 35788; 20.650264739990234
; 35838; 20.700263977050781
; 35889; 20.750263214111328
; 35939; 20.800262451171875
; 35990; 20.850261688232422
; 36040; 20.900260925292969
; 36091; 20.950260162353516
; 36142; 21.000259399414063
; 36193; 21.050258636474609
; 36243; 21.100257873535156
; 36295; 21.150257110595703
; 36344; 21.20025634765625
; 36395; 21.250255584716797
; 36445; 21.300254821777344
; 36496; 21.350254058837891
; 36546; 21.400253295898438
; 36597; 21.450252532958984
; 36648; 21.500251770019531
; 36698; 21.550251007080078
; 36749; 21.600250244140625
; 36800; 21.650249481201172
; 36851; 21.700248718261719
; 36903; 21.750247955322266
; 36953; 21.800247192382813
; 37004; 21.850246429443359
; 37055; 21.900245666503906
; 37106; 21.950244903564453
; 37156; 22.000244140625
; 37207; 22.050243377685547
; 37257; 22.100242614746094
; 37308; 22.150241851806641
; 37358; 22.200241088867188
; 37410; 22.250240325927734
; 37460; 22.300239562988281
; 37511; 22.350238800048828
; 37562; 22.400238037109375
; 37612; 22.450237274169922
; 37663; 22.500236511230469
; 37715; 22.550235748291016
; 37765; 22.600234985351563
; 37816; 22.650234222412109
; 37867; 22.700233459472656
; 37918; 22.750232696533203
; 37969; 22.80023193359375
; 38019; 22.850231170654297
; 38070; 22.900230407714844
; 38121; 22.950229644775391
; 38172; 23.000228881835938
; 38224; 23.050228118896484
; 38274; 23.100227355957031
; 38326; 23.150226593017578
; 38377; 23.200225830078125
; 38428; 23.250225067138672
; 38479; 23.300224304199219
; 38530; 23.350223541259766
; 38581; 23.400222778320313
; 38633; 23.450222015380859
; 38683; 23.500221252441406
; 38734; 23.550220489501953
; 38785; 23.6002197265625
; 38837; 23.650218963623047
; 38887; 23.700218200683594
; 38936; 23.750217437744141
; 38987; 23.800216674804688
; 39038; 23.850215911865234
; 39087; 23.900215148925781
; 39138; 23.950214385986328
; 39190; 24.000213623046875
; 39240; 24.050212860107422
; 39291; 24.100212097167969
; 39341; 24.150211334228516
; 39392; 24.200210571289063
; 39444; 24.250209808349609
; 39494; 24.300209045410156
; 39544; 24.350208282470703
; 39595; 24.40020751953125
; 39645; 24.450206756591797
; 39695; 24.500205993652344
; 39746; 24.550205230712891
; 39797; 24.600204467773438
; 39848; 24.650203704833984
; 39900; 24.700202941894531
; 39951; 24.750202178955078
; 40001; 24.800201416015625
; 40051; 24.850200653076172
; 40102; 24.900199890136719
; 40152; 24.950199127197266
; 40202; 25.000198364257813
; 40253; 25.050197601318359
; 40304; 25.100196838378906
; 40355; 25.150196075439453
; 40406; 25.2001953125
; 40457; 25.250194549560547
; 40509; 25.300193786621094
; 40560; 25.350193023681641
; 40610; 25.400192260742188
; 40661; 25.450191497802734
; 40712; 25.500190734863281
; 40763; 25.550189971923828
; 40814; 25.600189208984375
; 40864; 25.650188446044922
; 40914; 25.700187683105469
; 40964; 25.750186920166016
; 41015; 25.800186157226563
; 41066; 25.850185394287109
; 41117; 25.900184631347656
; 41167; 25.950183868408203
; 41219; 26.00018310546875
; 41270; 26.050182342529297
; 41321; 26.100181579589844
; 41372; 26.150180816650391
; 41423; 26.200180053710938
; 41473; 26.250179290771484
; 41524; 26.300178527832031
; 41576; 26.350177764892578
; 41626; 26.400177001953125
; 41678; 26.450176239013672
; 41729; 26.500175476074219
; 41780; 26.550174713134766
; 41830; 26.600173950195313
; 41881; 26.650173187255859
; 41932; 26.700172424316406
; 41982; 26.750171661376953
; 42033; 26.8001708984375
; 42084; 26.850170135498047
; 42135; 26.900169372558594
; 42187; 26.950168609619141
; 42237; 27.000167846679688
; 42288; 27.050167083740234
; 42339; 27.100166320800781
; 42390; 27.150165557861328
; 42441; 27.200164794921875
; 42492; 27.250164031982422
; 42542; 27.300163269042969
; 42593; 27.350162506103516
; 42643; 27.400161743164063
; 42693; 27.450160980224609
; 42743; 27.500160217285156
; 42795; 27.550159454345703
; 42845; 27.60015869140625
; 42895; 27.650157928466797
; 42945; 27.700157165527344
; 42995; 27.750156402587891
; 43046; 27.800155639648438
; 43097; 27.850154876708984
; 43146; 27.900154113769531
; 43198; 27.950153350830078
; 43248; 28.000152587890625
; 43298; 28.050151824951172
; 43349; 28.100151062011719
; 43400; 28.150150299072266
; 43451; 28.200149536132813
; 43501; 28.250148773193359
; 43552; 28.300148010253906
; 43602; 28.350147247314453
; 43653; 28.400146484375
; 43703; 28.450145721435547
; 43754; 28.500144958496094
; 43805; 28.550144195556641
; 43855; 28.600143432617188
; 43907; 28.650142669677734
; 43957; 28.700141906738281
; 44007; 28.750141143798828
; 44057; 28.800140380859375
; 44109; 28.850139617919922
; 44159; 28.900138854980469
; 44210; 28.950138092041016
; 44261; 29.000137329101563
; 44312; 29.050136566162109
; 44363; 29.100135803222656
; 44414; 29.150135040283203
; 44466; 29.20013427734375
; 44516; 29.250133514404297
; 44566; 29.300132751464844
; 44617; 29.350131988525391
; 44668; 29.400131225585938
; 44719; 29.450130462646484
; 44770; 29.500129699707031
; 44822; 29.550128936767578
; 44873; 29.600128173828125
; 44924; 29.650127410888672
; 44975; 29.700126647949219
; 45026; 29.750125885009766
; 45076; 29.800125122070313
; 45128; 29.850124359130859
; 45179; 29.900123596191406
; 45230; 29.950122833251953
; 45280; 30.0001220703125
; 45331; 30.050121307373047
; 45382; 30.100120544433594
; 45432; 30.150119781494141
; 45483; 30.200119018554688
; 45534; 30.250118255615234
; 45583; 30.300117492675781
; 45634; 30.350116729736328
; 45685; 30.400115966796875
; 45736; 30.450115203857422
; 45788; 30.500114440917969
; 45840; 30.550113677978516
; 45890; 30.600112915039063
; 45941; 30.650112152099609
; 45992; 30.700111389160156
; 46043; 30.750110626220703
; 46094; 30.80010986328125
; 46144; 30.850109100341797
; 46195; 30.900108337402344
; 46245; 30.950107574462891
; 46297; 31.000106811523438
; 46347; 31.050106048583984
; 46398; 31.100105285644531
; 46449; 31.150104522705078
; 46499; 31.200103759765625
; 46550; 31.250102996826172
; 46601; 31.300102233886719
; 46652; 31.350101470947266
; 46702; 31.400100708007813
; 46753; 31.450099945068359
; 46803; 31.500099182128906
; 46855; 31.550098419189453
; 46905; 31.60009765625
; 46956; 31.650096893310547
; 47006; 31.700096130371094
; 47056; 31.750095367431641
; 47107; 31.800094604492188
; 47157; 31.850093841552734
; 47208; 31.900093078613281
; 47258; 31.950092315673828
; 47309; 32.000091552734375
; 47360; 32.050090789794922
; 47411; 32.100090026855469
; 47461; 32.150089263916016
; 47512; 32.200088500976563
; 47562; 32.250087738037109
; 47613; 32.300086975097656
; 47663; 32.3500862121582
; 47714; 32.40008544921875
; 47765; 32.4500846862793
; 47816; 32.500083923339844
; 47867; 32.550083160400391
; 47918; 32.600082397460938
; 47969; 32.650081634521484
; 48020; 32.700080871582031
; 48070; 32.750080108642578
; 48120; 32.800079345703125
; 48171; 32.850078582763672
; 48222; 32.900077819824219
; 48273; 32.950077056884766
; 48324; 33.000076293945313
; 48374; 33.050075531005859
; 48424; 33.100074768066406
; 48474; 33.150074005126953
; 48525; 33.2000732421875
; 48576; 33.250072479248047
; 48627; 33.300071716308594
; 48678; 33.350070953369141
; 48729; 33.400070190429688
; 48779; 33.450069427490234
; 48830; 33.500068664550781
; 48880; 33.550067901611328
; 48931; 33.600067138671875
; 48982; 33.650066375732422
; 49032; 33.700065612792969
; 49083; 33.750064849853516
; 49133; 33.800064086914063
; 49184; 33.850063323974609
; 49235; 33.900062561035156
; 49285; 33.9500617980957
; 49336; 34.00006103515625
; 49387; 34.0500602722168
; 49438; 34.100059509277344
; 49489; 34.150058746337891
; 49539; 34.200057983398438
; 49590; 34.250057220458984
; 49640; 34.300056457519531
; 49690; 34.350055694580078
; 49742; 34.400054931640625
; 49793; 34.450054168701172
; 49843; 34.500053405761719
; 49893; 34.550052642822266
; 49945; 34.600051879882813
; 49994; 34.650051116943359
; 50045; 34.700050354003906
; 50096; 34.750049591064453
; 50148; 34.800048828125
; 50199; 34.850048065185547
; 50251; 34.900047302246094
; 50300; 34.950046539306641
; 50351; 35.000045776367188
; 50401; 35.050045013427734
; 50452; 35.100044250488281
; 50503; 35.150043487548828
; 50554; 35.200042724609375
; 50604; 35.250041961669922
; 50654; 35.300041198730469
; 50704; 35.350040435791016
; 50755; 35.400039672851563
; 50805; 35.450038909912109
; 50855; 35.500038146972656
; 50907; 35.5500373840332
; 50958; 35.60003662109375
10.Variable; PLC_PRG.target_level
10.Address.AddrFlags; 0x00000000
10.Class; 14
10.Size; 4
10.GraphColor; 4286611584
10.GraphType; 1
10.MinWarningColor; 4278190080
10.MaxWarningColor; 4294901760
10.CriticalLowerLimit; 0
10.CriticalUpperLimit; 0
10.ActivateMinWarning; 0
10.ActivateMaxWarning; 0
10.YAxis; 0
10.Data; 
; 51; 55
; 102; 55
; 152; 55
; 203; 55
; 254; 55
; 304; 55
; 355; 55
; 406; 55
; 456; 55
; 507; 55
; 558; 55
; 608; 55
; 658; 55
; 709; 55
; 760; 55
; 811; 55
; 861; 55
; 912; 55
; 963; 55
; 1013; 55
; 1064; 55
; 1116; 55
; 1166; 55
; 1217; 55
; 1267; 55
; 1318; 55
; 1369; 55
; 1419; 55
; 1470; 55
; 1520; 55
; 1571; 55
; 1622; 55
; 1672; 55
; 1722; 55
; 1774; 55
; 1823; 55
; 1875; 55
; 1926; 55
; 1977; 55
; 2027; 55
; 2078; 55
; 2129; 55
; 2180; 55
; 2230; 55
; 2280; 55
; 2331; 55
; 2382; 55
; 2433; 55
; 2484; 55
; 2534; 55
; 2584; 55
; 2635; 55
; 2686; 55
; 2735; 55
; 2787; 55
; 2837; 55
; 2888; 55
; 2940; 55
; 2991; 55
; 3042; 55
; 3091; 55
; 3142; 55
; 3192; 55
; 3244; 55
; 3294; 55
; 3346; 55
; 3397; 55
; 3447; 55
; 3498; 55
; 3548; 55
; 3599; 55
; 3651; 55
; 3701; 55
; 3753; 55
; 3804; 55
; 3855; 55
; 3905; 55
; 3956; 55
; 4006; 55
; 4056; 55
; 4106; 55
; 4158; 55
; 4208; 55
; 4258; 55
; 4309; 55
; 4360; 55
; 4410; 55
; 4460; 55
; 4511; 55
; 4561; 55
; 4611; 55
; 4662; 55
; 4712; 55
; 4762; 55
; 4813; 55
; 4864; 55
; 4914; 55
; 4964; 55
; 5016; 55
; 5066; 55
; 5116; 55
; 5167; 55
; 5218; 55
; 5268; 55
; 5318; 55
; 5369; 55
; 5420; 55
; 5470; 55
; 5520; 55
; 5570; 55
; 5621; 55
; 5672; 55
; 5723; 55
; 5774; 55
; 5825; 55
; 5876; 55
; 5927; 55
; 5978; 55
; 6028; 55
; 6079; 55
; 6130; 55
; 6181; 55
; 6232; 55
; 6282; 55
; 6333; 55
; 6384; 55
; 6435; 55
; 6486; 55
; 6537; 55
; 6589; 55
; 6640; 55
; 6690; 55
; 6741; 55
; 6792; 55
; 6843; 55
; 6893; 55
; 6943; 55
; 6993; 55
; 7044; 55
; 7095; 55
; 7146; 55
; 7196; 55
; 7246; 55
; 7297; 55
; 7347; 55
; 7397; 55
; 7448; 55
; 7499; 55
; 7551; 55
; 7601; 55
; 7653; 55
; 7704; 55
; 7755; 55
; 7805; 55
; 7855; 55
; 7905; 55
; 7955; 55
; 8007; 55
; 8057; 55
; 8108; 55
; 8159; 55
; 8210; 55
; 8262; 55
; 8312; 55
; 8363; 55
; 8415; 55
; 8465; 55
; 8515; 55
; 8566; 55
; 8616; 55
; 8667; 55
; 8718; 55
; 8769; 55
; 8820; 55
; 8871; 55
; 8921; 55
; 8972; 55
; 9024; 55
; 9075; 55
; 9126; 55
; 9176; 55
; 9227; 55
; 9277; 55
; 9327; 55
; 9377; 55
; 9428; 55
; 9478; 55
; 9529; 55
; 9580; 55
; 9630; 55
; 9681; 55
; 9731; 55
; 9782; 55
; 9833; 55
; 9883; 55
; 9934; 55
; 9984; 55
; 10035; 55
; 10086; 55
; 10137; 55
; 10188; 55
; 10239; 55
; 10290; 55
; 10341; 55
; 10392; 55
; 10443; 55
; 10494; 55
; 10546; 55
; 10596; 55
; 10647; 55
; 10698; 55
; 10749; 55
; 10800; 55
; 10850; 55
; 10901; 55
; 10952; 55
; 11002; 55
; 11053; 55
; 11103; 55
; 11155; 55
; 11205; 55
; 11256; 55
; 11307; 55
; 11358; 55
; 11409; 55
; 11458; 55
; 11509; 55
; 11561; 55
; 11611; 55
; 11662; 55
; 11713; 55
; 11763; 55
; 11814; 55
; 11864; 55
; 11914; 55
; 11966; 55
; 12018; 55
; 12068; 55
; 12119; 55
; 12170; 55
; 12220; 55
; 12271; 55
; 12321; 55
; 12372; 55
; 12423; 55
; 12475; 55
; 12526; 55
; 12576; 55
; 12627; 55
; 12678; 55
; 12729; 55
; 12780; 55
; 12829; 55
; 12881; 55
; 12932; 55
; 12983; 55
; 13034; 55
; 13084; 55
; 13135; 55
; 13185; 55
; 13236; 55
; 13287; 55
; 13337; 55
; 13388; 55
; 13439; 55
; 13489; 55
; 13540; 55
; 13590; 55
; 13640; 55
; 13691; 55
; 13742; 55
; 13792; 55
; 13844; 55
; 13894; 55
; 13945; 55
; 13996; 55
; 14047; 55
; 14097; 55
; 14148; 55
; 14198; 55
; 14248; 55
; 14299; 55
; 14350; 55
; 14402; 55
; 14452; 55
; 14503; 55
; 14555; 55
; 14606; 55
; 14656; 55
; 14706; 55
; 14756; 55
; 14807; 55
; 14857; 55
; 14908; 55
; 14960; 55
; 15010; 55
; 15061; 55
; 15112; 55
; 15162; 55
; 15213; 55
; 15264; 55
; 15314; 55
; 15366; 55
; 15418; 55
; 15468; 55
; 15518; 55
; 15569; 55
; 15620; 55
; 15670; 55
; 15720; 55
; 15771; 55
; 15821; 55
; 15871; 55
; 15923; 55
; 15973; 55
; 16024; 55
; 16073; 55
; 16124; 55
; 16175; 55
; 16225; 55
; 16276; 55
; 16327; 55
; 16378; 55
; 16429; 55
; 16480; 55
; 16531; 55
; 16581; 55
; 16632; 55
; 16683; 55
; 16733; 55
; 16784; 55
; 16835; 55
; 16885; 55
; 16935; 55
; 16986; 55
; 17036; 55
; 17087; 55
; 17139; 55
; 17189; 55
; 17240; 55
; 17291; 55
; 17341; 55
; 17391; 55
; 17442; 55
; 17493; 55
; 17544; 55
; 17594; 55
; 17645; 55
; 17695; 55
; 17745; 55
; 17797; 55
; 17848; 55
; 17898; 55
; 17949; 55
; 17999; 55
; 18050; 55
; 18100; 55
; 18151; 55
; 18203; 55
; 18252; 55
; 18303; 55
; 18353; 55
; 18403; 55
; 18455; 55
; 18505; 55
; 18556; 55
; 18608; 55
; 18659; 55
; 18709; 55
; 18760; 55
; 18810; 55
; 18861; 55
; 18912; 55
; 18963; 55
; 19013; 55
; 19064; 55
; 19114; 55
; 19164; 55
; 19213; 55
; 19264; 55
; 19314; 55
; 19365; 55
; 19416; 55
; 19467; 55
; 19517; 55
; 19568; 55
; 19617; 55
; 19668; 55
; 19719; 55
; 19771; 55
; 19821; 55
; 19871; 55
; 19922; 55
; 19974; 55
; 20025; 55
; 20076; 55
; 20127; 55
; 20179; 55
; 20229; 55
; 20280; 55
; 20331; 55
; 20382; 55
; 20433; 55
; 20483; 55
; 20534; 55
; 20585; 55
; 20635; 55
; 20686; 55
; 20736; 55
; 20786; 55
; 20837; 55
; 20887; 55
; 20939; 55
; 20989; 55
; 21039; 55
; 21090; 55
; 21141; 55
; 21192; 55
; 21243; 55
; 21293; 55
; 21343; 55
; 21394; 55
; 21445; 55
; 21496; 55
; 21547; 55
; 21597; 55
; 21647; 55
; 21698; 55
; 21748; 55
; 21799; 55
; 21850; 55
; 21901; 55
; 21951; 55
; 22002; 55
; 22054; 55
; 22105; 55
; 22156; 55
; 22206; 55
; 22256; 55
; 22306; 55
; 22357; 55
; 22408; 55
; 22460; 55
; 22510; 55
; 22560; 55
; 22611; 55
; 22661; 55
; 22713; 55
; 22763; 55
; 22813; 55
; 22864; 55
; 22914; 55
; 22966; 55
; 23015; 55
; 23066; 55
; 23116; 55
; 23168; 55
; 23219; 55
; 23269; 55
; 23319; 55
; 23370; 55
; 23421; 55
; 23473; 55
; 23523; 55
; 23574; 55
; 23624; 55
; 23674; 55
; 23725; 55
; 23776; 55
; 23827; 55
; 23877; 55
; 23927; 55
; 23978; 55
; 24029; 55
; 24079; 55
; 24129; 55
; 24179; 55
; 24229; 55
; 24280; 55
; 24331; 55
; 24382; 55
; 24432; 55
; 24484; 55
; 24534; 55
; 24586; 55
; 24637; 55
; 24687; 55
; 24739; 55
; 24790; 55
; 24840; 55
; 24891; 55
; 24942; 55
; 24992; 55
; 25042; 55
; 25094; 55
; 25145; 55
; 25196; 55
; 25247; 55
; 25297; 55
; 25348; 55
; 25398; 55
; 25448; 55
; 25498; 55
; 25548; 55
; 25599; 55
; 25649; 55
; 25699; 55
; 25750; 55
; 25800; 55
; 25850; 55
; 25901; 55
; 25952; 55
; 26003; 55
; 26053; 55
; 26105; 55
; 26156; 55
; 26206; 55
; 26257; 55
; 26307; 55
; 26357; 55
; 26408; 55
; 26459; 55
; 26510; 55
; 26561; 55
; 26612; 55
; 26664; 55
; 26714; 55
; 26765; 55
; 26817; 55
; 26867; 55
; 26918; 55
; 26969; 55
; 27019; 55
; 27069; 55
; 27120; 55
; 27170; 55
; 27221; 55
; 27272; 55
; 27322; 55
; 27372; 55
; 27423; 55
; 27474; 55
; 27525; 55
; 27576; 55
; 27627; 55
; 27678; 55
; 27729; 55
; 27781; 55
; 27832; 55
; 27884; 55
; 27934; 55
; 27984; 55
; 28034; 55
; 28084; 55
; 28136; 55
; 28186; 55
; 28237; 55
; 28288; 55
; 28339; 55
; 28390; 55
; 28440; 55
; 28491; 55
; 28541; 55
; 28591; 55
; 28641; 55
; 28693; 55
; 28744; 55
; 28795; 55
; 28846; 55
; 28896; 55
; 28947; 55
; 28998; 55
; 29048; 55
; 29098; 55
; 29149; 55
; 29200; 55
; 29250; 55
; 29301; 55
; 29352; 55
; 29404; 55
; 29454; 55
; 29504; 55
; 29555; 55
; 29605; 55
; 29657; 55
; 29708; 55
; 29759; 55
; 29810; 55
; 29860; 55
; 29910; 55
; 29960; 55
; 30011; 55
; 30061; 55
; 30111; 55
; 30162; 55
; 30213; 55
; 30264; 55
; 30315; 55
; 30367; 55
; 30418; 55
; 30468; 55
; 30518; 55
; 30568; 55
; 30620; 55
; 30672; 55
; 30722; 55
; 30772; 55
; 30823; 55
; 30874; 55
; 30924; 55
; 30975; 55
; 31025; 55
; 31075; 55
; 31126; 55
; 31177; 55
; 31227; 55
; 31279; 55
; 31330; 55
; 31381; 55
; 31431; 55
; 31483; 55
; 31533; 55
; 31583; 55
; 31635; 55
; 31685; 55
; 31736; 55
; 31787; 55
; 31837; 55
; 31887; 55
; 31938; 55
; 31989; 55
; 32040; 55
; 32091; 55
; 32142; 55
; 32193; 55
; 32243; 55
; 32294; 55
; 32345; 55
; 32396; 55
; 32447; 55
; 32498; 55
; 32549; 55
; 32600; 55
; 32650; 55
; 32700; 55
; 32750; 55
; 32801; 55
; 32851; 55
; 32901; 55
; 32951; 55
; 33001; 55
; 33052; 55
; 33102; 55
; 33152; 55
; 33202; 55
; 33253; 55
; 33303; 55
; 33354; 55
; 33405; 55
; 33455; 55
; 33505; 55
; 33556; 55
; 33607; 55
; 33658; 55
; 33710; 55
; 33760; 55
; 33811; 55
; 33863; 55
; 33913; 55
; 33962; 55
; 34013; 55
; 34064; 55
; 34114; 55
; 34166; 55
; 34218; 55
; 34268; 55
; 34320; 55
; 34371; 55
; 34421; 55
; 34471; 55
; 34521; 55
; 34571; 55
; 34621; 55
; 34673; 55
; 34723; 55
; 34775; 55
; 34825; 55
; 34875; 55
; 34926; 55
; 34977; 55
; 35027; 55
; 35077; 55
; 35127; 55
; 35177; 55
; 35228; 55
; 35278; 55
; 35329; 55
; 35379; 55
; 35431; 55
; 35482; 55
; 35533; 55
; 35583; 55
; 35634; 55
; 35685; 55
; 35736; 55
; 35788; 55
; 35838; 55
; 35889; 55
; 35939; 55
; 35990; 55
; 36040; 55
; 36091; 55
; 36142; 55
; 36193; 55
; 36243; 55
; 36295; 55
; 36344; 55
; 36395; 55
; 36445; 55
; 36496; 55
; 36546; 55
; 36597; 55
; 36648; 55
; 36698; 55
; 36749; 55
; 36800; 55
; 36851; 55
; 36903; 55
; 36953; 55
; 37004; 55
; 37055; 55
; 37106; 55
; 37156; 55
; 37207; 55
; 37257; 55
; 37308; 55
; 37358; 55
; 37410; 55
; 37460; 55
; 37511; 55
; 37562; 55
; 37612; 55
; 37663; 55
; 37715; 55
; 37765; 55
; 37816; 55
; 37867; 55
; 37918; 55
; 37969; 55
; 38019; 55
; 38070; 55
; 38121; 55
; 38172; 55
; 38224; 55
; 38274; 55
; 38326; 55
; 38377; 55
; 38428; 55
; 38479; 55
; 38530; 55
; 38581; 55
; 38633; 55
; 38683; 55
; 38734; 55
; 38785; 55
; 38837; 55
; 38887; 55
; 38936; 55
; 38987; 55
; 39038; 55
; 39087; 55
; 39138; 55
; 39190; 55
; 39240; 55
; 39291; 55
; 39341; 55
; 39392; 55
; 39444; 55
; 39494; 55
; 39544; 55
; 39595; 55
; 39645; 55
; 39695; 55
; 39746; 55
; 39797; 55
; 39848; 55
; 39900; 55
; 39951; 55
; 40001; 55
; 40051; 55
; 40102; 55
; 40152; 55
; 40202; 55
; 40253; 55
; 40304; 55
; 40355; 55
; 40406; 55
; 40457; 55
; 40509; 55
; 40560; 55
; 40610; 55
; 40661; 55
; 40712; 55
; 40763; 55
; 40814; 55
; 40864; 55
; 40914; 55
; 40964; 55
; 41015; 55
; 41066; 55
; 41117; 55
; 41167; 55
; 41219; 55
; 41270; 55
; 41321; 55
; 41372; 55
; 41423; 55
; 41473; 55
; 41524; 55
; 41576; 55
; 41626; 55
; 41678; 55
; 41729; 55
; 41780; 55
; 41830; 55
; 41881; 55
; 41932; 55
; 41982; 55
; 42033; 55
; 42084; 55
; 42135; 55
; 42187; 55
; 42237; 55
; 42288; 55
; 42339; 55
; 42390; 55
; 42441; 55
; 42492; 55
; 42542; 55
; 42593; 55
; 42643; 55
; 42693; 55
; 42743; 55
; 42795; 55
; 42845; 55
; 42895; 55
; 42945; 55
; 42995; 55
; 43046; 55
; 43097; 55
; 43146; 55
; 43198; 55
; 43248; 55
; 43298; 55
; 43349; 55
; 43400; 55
; 43451; 55
; 43501; 55
; 43552; 55
; 43602; 55
; 43653; 55
; 43703; 55
; 43754; 55
; 43805; 55
; 43855; 55
; 43907; 55
; 43957; 55
; 44007; 55
; 44057; 55
; 44109; 55
; 44159; 55
; 44210; 55
; 44261; 55
; 44312; 55
; 44363; 55
; 44414; 55
; 44466; 55
; 44516; 55
; 44566; 55
; 44617; 55
; 44668; 55
; 44719; 55
; 44770; 55
; 44822; 55
; 44873; 55
; 44924; 55
; 44975; 55
; 45026; 55
; 45076; 55
; 45128; 55
; 45179; 55
; 45230; 55
; 45280; 55
; 45331; 55
; 45382; 55
; 45432; 55
; 45483; 55
; 45534; 55
; 45583; 55
; 45634; 55
; 45685; 55
; 45736; 55
; 45788; 55
; 45840; 55
; 45890; 55
; 45941; 55
; 45992; 55
; 46043; 55
; 46094; 55
; 46144; 55
; 46195; 55
; 46245; 55
; 46297; 55
; 46347; 55
; 46398; 55
; 46449; 55
; 46499; 55
; 46550; 55
; 46601; 55
; 46652; 55
; 46702; 55
; 46753; 55
; 46803; 55
; 46855; 55
; 46905; 55
; 46956; 55
; 47006; 55
; 47056; 55
; 47107; 55
; 47157; 55
; 47208; 55
; 47258; 55
; 47309; 55
; 47360; 55
; 47411; 55
; 47461; 55
; 47512; 55
; 47562; 55
; 47613; 55
; 47663; 55
; 47714; 55
; 47765; 55
; 47816; 55
; 47867; 55
; 47918; 55
; 47969; 55
; 48020; 55
; 48070; 55
; 48120; 55
; 48171; 55
; 48222; 55
; 48273; 55
; 48324; 55
; 48374; 55
; 48424; 55
; 48474; 55
; 48525; 55
; 48576; 55
; 48627; 55
; 48678; 55
; 48729; 55
; 48779; 55
; 48830; 55
; 48880; 55
; 48931; 55
; 48982; 55
; 49032; 55
; 49083; 55
; 49133; 55
; 49184; 55
; 49235; 55
; 49285; 55
; 49336; 55
; 49387; 55
; 49438; 55
; 49489; 55
; 49539; 55
; 49590; 55
; 49640; 55
; 49690; 55
; 49742; 55
; 49793; 55
; 49843; 55
; 49893; 55
; 49945; 55
; 49994; 55
; 50045; 55
; 50096; 55
; 50148; 55
; 50199; 55
; 50251; 55
; 50300; 55
; 50351; 55
; 50401; 55
; 50452; 55
; 50503; 55
; 50554; 55
; 50604; 55
; 50654; 55
; 50704; 55
; 50755; 55
; 50805; 55
; 50855; 55
; 50907; 55
; 50958; 55
