cycle_index,cycle,level,target_level,air_flow,feed_flow,tailings_flow,concentrate_grade,motor_running,emergency_stop,high_level,low_air
1,0,50,55,30,40,38,82,1,0,0,0
2,0,50,55,30,40,38,82,1,0,0,0
3,0,50,55,30,40,38,82,1,0,0,0
4,0,50,55,30,40,38,82,1,0,0,0
5,0,50,55,30,40,38,82,1,0,0,0
6,0,50,55,30,40,38,82,1,0,0,0
7,0,50,55,30,40,38,82,1,0,0,0
8,0,50,55,30,40,38,82,1,0,0,0
9,0,50,55,30,40,38,82,1,0,0,0
10,0,50,55,30,40,38,82,1,0,0,0
11,0,50,55,30,40,38,82,1,0,0,0
12,0,50,55,30,40,38,82,1,0,0,0
13,0,50,55,30,40,38,82,1,0,0,0
14,0,50,55,30,40,38,82,1,0,0,0
15,0,50,55,30,40,38,82,1,0,0,0
16,0,50,55,30,40,38,82,1,0,0,0
17,0,50,55,30,40,38,82,1,0,0,0
18,0,50,55,30,40,38,82,1,0,0,0
19,0,50,55,30,40,38,82,1,0,0,0
20,0,50,55,30,40,38,82,1,0,0,0
21,0,50,55,30,40,38,82,1,0,0,0
22,0,50,55,30,40,38,82,1,0,0,0
23,0,50,55,30,40,38,82,1,0,0,0
24,0,50,55,30,40,38,82,1,0,0,0
25,0,50,55,30,40,38,82,1,0,0,0
26,0,50,55,30,40,38,82,1,0,0,0
27,0,50,55,30,40,38,82,1,0,0,0
28,0,50,55,30,40,38,82,1,0,0,0
29,0,50,55,30,40,38,82,1,0,0,0
30,0,50,55,30,40,38,82,1,0,0,0
31,0,50,55,30,40,38,82,1,0,0,0
32,0,50,55,30,40,38,82,1,0,0,0
33,0,50,55,30,40,38,82,1,0,0,0
34,0,50,55,30,40,38,82,1,0,0,0
35,0,50,55,30,40,38,82,1,0,0,0
36,0,50,55,30,40,38,82,1,0,0,0
37,0,50,55,30,40,38,82,1,0,0,0
38,0,50,55,30,40,38,82,1,0,0,0
39,0,50,55,30,40,38,82,1,0,0,0
40,0,50,55,30,40,38,82,1,0,0,0
41,0,50,55,30,40,38,82,1,0,0,0
42,0,50,55,30,40,38,82,1,0,0,0
43,0,50,55,30,40,38,82,1,0,0,0
44,0,50,55,30,40,38,82,1,0,0,0
45,0,50,55,30,40,38,82,1,0,0,0
46,0,50,55,30,40,38,82,1,0,0,0
47,0,50,55,30,40,38,82,1,0,0,0
48,0,50,55,30,40,38,82,1,0,0,0
49,0,50,55,30,40,38,82,1,0,0,0
50,0,50,55,30,40,38,82,1,0,0,0
51,0,50,55,30,40,38,82,1,0,0,0
52,0,50,55,30,40,38,82,1,0,0,0
53,0,50,55,30,40,38,82,1,0,0,0
54,0,50,55,30,40,38,82,1,0,0,0
55,0,50,55,30,40,38,82,1,0,0,0
56,0,50,55,30,40,38,82,1,0,0,0
57,0,50,55,30,40,38,82,1,0,0,0
58,0,50,55,30,40,38,82,1,0,0,0
59,0,50,55,30,40,38,82,1,0,0,0
60,0,50,55,30,40,38,82,1,0,0,0
61,0,50,55,30,40,38,82,1,0,0,0
62,0,50,55,30,40,38,82,1,0,0,0
63,0,50,55,30,40,38,82,1,0,0,0
64,0,50,55,30,40,38,82,1,0,0,0
65,0,50,55,30,40,38,82,1,0,0,0
66,0,50,55,30,40,38,82,1,0,0,0
67,0,50,55,30,40,38,82,1,0,0,0
68,0,50,55,30,40,38,82,1,0,0,0
69,0,50,55,30,40,38,82,1,0,0,0
70,0,50,55,30,40,38,82,1,0,0,0
71,0,50,55,30,40,38,82,1,0,0,0
72,0,50,55,30,40,38,82,1,0,0,0
73,0,50,55,30,40,38,82,1,0,0,0
74,0,50,55,30,40,38,82,1,0,0,0
75,0,50,55,30,40,38,82,1,0,0,0
76,0,50,55,30,40,38,82,1,0,0,0
77,0,50,55,30,40,38,82,1,0,0,0
78,0,50,55,30,40,38,82,1,0,0,0
79,0,50,55,30,40,38,82,1,0,0,0
80,0,50,55,30,40,38,82,1,0,0,0
81,0,50,55,30,40,38,82,1,0,0,0
82,0,50,55,30,40,38,82,1,0,0,0
83,0,50,55,30,40,38,82,1,0,0,0
84,0,50,55,30,40,38,82,1,0,0,0
85,0,50,55,30,40,38,82,1,0,0,0
86,0,50,55,30,40,38,82,1,0,0,0
87,0,50,55,30,40,38,82,1,0,0,0
88,1,50.001033782958984,55,30.020000457763672,40.020000457763672,37.950000762939453,82.150596618652344,1,0,0,0
89,2,50.002101898193359,55,30.040000915527344,40.040000915527344,37.900001525878906,82.151199340820313,1,0,0,0
90,3,50.003208160400391,55,30.060001373291016,40.060001373291016,37.850002288818359,82.151802062988281,1,0,0,0
91,4,50.004348754882813,55,30.080001831054688,40.080001831054688,37.800003051757813,82.152397155761719,1,0,0,0
92,5,50.005523681640625,55,30.100002288818359,40.100002288818359,37.750003814697266,82.152999877929688,1,0,0,0
93,6,50.006732940673828,55,30.120002746582031,40.120002746582031,37.700004577636719,82.153602600097656,1,0,0,0
94,7,50.007976531982422,55,30.140003204345703,40.1400032043457,37.650005340576172,82.1541976928711,1,0,0,0
95,8,50.009258270263672,55,30.160003662109375,40.160003662109375,37.600006103515625,82.154800415039063,1,0,0,0
96,9,50.010574340820313,55,30.180004119873047,40.180004119873047,37.550006866455078,82.155403137207031,1,0,0,0
97,10,50.011924743652344,55,30.200004577636719,40.200004577636719,37.500007629394531,82.155998229980469,1,0,0,0
98,11,50.013309478759766,55,30.220005035400391,40.220005035400391,37.450008392333984,82.156600952148438,1,0,0,0
99,12,50.014728546142578,55,30.240005493164063,40.240005493164063,37.400009155273438,82.1572036743164,1,0,0,0
100,13,50.016181945800781,55,30.260005950927734,40.260005950927734,37.350009918212891,82.157798767089844,1,0,0,0
101,14,50.017673492431641,55,30.280006408691406,40.280006408691406,37.300010681152344,82.158401489257813,1,0,0,0
102,15,50.019199371337891,55,30.300006866455078,40.300006866455078,37.2500114440918,82.15899658203125,1,0,0,0
103,16,50.020759582519531,55,30.32000732421875,40.32000732421875,37.20001220703125,82.159599304199219,1,0,0,0
104,17,50.022354125976563,55,30.340007781982422,40.340007781982422,37.1500129699707,82.160202026367188,1,0,0,0
105,18,50.023983001708984,55,30.360008239746094,40.360008239746094,37.100013732910156,82.160797119140625,1,0,0,0
106,19,50.0256462097168,55,30.380008697509766,40.380008697509766,37.050014495849609,82.1613998413086,1,0,0,0
107,20,50.027347564697266,55,30.400009155273438,40.400009155273438,37.000015258789063,82.162002563476563,1,0,0,0
108,21,50.029083251953125,55,30.420009613037109,40.420009613037109,36.950016021728516,82.16259765625,1,0,0,0
109,22,50.030853271484375,55,30.440010070800781,40.440010070800781,36.900016784667969,82.163200378417969,1,0,0,0
110,23,50.032657623291016,55,30.460010528564453,40.460010528564453,36.850017547607422,82.163803100585938,1,0,0,0
111,24,50.034496307373047,55,30.480010986328125,40.480010986328125,36.800018310546875,82.164398193359375,1,0,0,0
112,25,50.036373138427734,55,30.500011444091797,40.5000114440918,36.750019073486328,82.165000915527344,1,0,0,0
113,26,50.038284301757813,55,30.520011901855469,40.520011901855469,36.700019836425781,82.165603637695313,1,0,0,0
114,27,50.040229797363281,55,30.540012359619141,40.540012359619141,36.650020599365234,82.16619873046875,1,0,0,0
115,28,50.042209625244141,55,30.560012817382813,40.560012817382813,36.600021362304688,82.166801452636719,1,0,0,0
116,29,50.044223785400391,55,30.580013275146484,40.580013275146484,36.550022125244141,82.167404174804688,1,0,0,0
117,30,50.046272277832031,55,30.600013732910156,40.600013732910156,36.500022888183594,82.167999267578125,1,0,0,0
118,31,50.048358917236328,55,30.620014190673828,40.620014190673828,36.450023651123047,82.1686019897461,1,0,0,0
119,32,50.050479888916016,55,30.6400146484375,40.6400146484375,36.4000244140625,82.169197082519531,1,0,0,0
120,33,50.052635192871094,55,30.660015106201172,40.660015106201172,36.350025177001953,82.1697998046875,1,0,0,0
121,34,50.054824829101563,55,30.680015563964844,40.680015563964844,36.300025939941406,82.170402526855469,1,0,0,0
122,35,50.057048797607422,55,30.700016021728516,40.700016021728516,36.250026702880859,82.1709976196289,1,0,0,0
123,36,50.059307098388672,55,30.720016479492188,40.720016479492188,36.200027465820313,82.171600341796875,1,0,0,0
124,37,50.061603546142578,55,30.740016937255859,40.740016937255859,36.150028228759766,82.172203063964844,1,0,0,0
125,38,50.063934326171875,55,30.760017395019531,40.760017395019531,36.100028991699219,82.172798156738281,1,0,0,0
126,39,50.066299438476563,55,30.780017852783203,40.7800178527832,36.050029754638672,82.17340087890625,1,0,0,0
127,40,50.068698883056641,55,30.800018310546875,40.800018310546875,36.000030517578125,82.174003601074219,1,0,0,0
128,41,50.071132659912109,55,30.820018768310547,40.820018768310547,35.950031280517578,82.174598693847656,1,0,0,0
129,42,50.073600769042969,55,30.840019226074219,40.840019226074219,35.900032043457031,82.175201416015625,1,0,0,0
130,43,50.076107025146484,55,30.860019683837891,40.860019683837891,35.850032806396484,82.1758041381836,1,0,0,0
131,44,50.078647613525391,55,30.880020141601563,40.880020141601563,35.800033569335938,82.176399230957031,1,0,0,0
132,45,50.081222534179688,55,30.900020599365234,40.900020599365234,35.750034332275391,82.177001953125,1,0,0,0
133,46,50.083831787109375,55,30.920021057128906,40.920021057128906,35.700035095214844,82.177597045898438,1,0,0,0
134,47,50.086475372314453,55,30.940021514892578,40.940021514892578,35.6500358581543,82.1781997680664,1,0,0,0
135,48,50.089157104492188,55,30.96002197265625,40.96002197265625,35.60003662109375,82.178802490234375,1,0,0,0
136,49,50.091873168945313,55,30.980022430419922,40.980022430419922,35.5500373840332,82.179397583007813,1,0,0,0
137,50,50.094623565673828,55,31.000022888183594,41.000022888183594,35.500038146972656,82.180000305175781,1,0,0,0
138,51,50.097408294677734,55,31.020023345947266,41.020023345947266,35.450038909912109,82.18060302734375,1,0,0,0
139,52,50.100227355957031,55,31.040023803710938,41.040023803710938,35.400039672851563,82.181198120117188,1,0,0,0
140,53,50.103080749511719,55,31.060024261474609,41.060024261474609,35.350040435791016,82.181800842285156,1,0,0,0
141,54,50.105972290039063,55,31.080024719238281,41.080024719238281,35.300041198730469,82.182403564453125,1,0,0,0
142,55,50.1088981628418,55,31.100025177001953,41.100025177001953,35.250041961669922,82.182998657226563,1,0,0,0
143,56,50.111858367919922,55,31.120025634765625,41.120025634765625,35.200042724609375,82.183601379394531,1,0,0,0
144,57,50.114852905273438,55,31.140026092529297,41.1400260925293,35.150043487548828,82.1842041015625,1,0,0,0
145,58,50.117881774902344,55,31.160026550292969,41.160026550292969,35.100044250488281,82.184799194335938,1,0,0,0
146,59,50.120944976806641,55,31.180027008056641,41.180027008056641,35.050045013427734,82.1854019165039,1,0,0,0
147,60,50.124046325683594,55,31.200027465820313,41.200027465820313,35.000045776367188,82.186004638671875,1,0,0,0
148,61,50.127182006835938,55,31.220027923583984,41.220027923583984,34.950046539306641,82.186599731445313,1,0,0,0
149,62,50.130352020263672,55,31.240028381347656,41.240028381347656,34.900047302246094,82.187202453613281,1,0,0,0
150,63,50.1335563659668,55,31.260028839111328,41.260028839111328,34.850048065185547,82.187797546386719,1,0,0,0
151,64,50.136795043945313,55,31.280029296875,41.280029296875,34.800048828125,82.188400268554688,1,0,0,0
152,65,50.140071868896484,55,31.300029754638672,41.300029754638672,34.750049591064453,82.189002990722656,1,0,0,0
153,66,50.143383026123047,55,31.320030212402344,41.320030212402344,34.700050354003906,82.1895980834961,1,0,0,0
154,67,50.146728515625,55,31.340030670166016,41.340030670166016,34.650051116943359,82.190200805664063,1,0,0,0
155,68,50.150108337402344,55,31.360031127929688,41.360031127929688,34.600051879882813,82.190803527832031,1,0,0,0
156,69,50.153522491455078,55,31.380031585693359,41.380031585693359,34.550052642822266,82.191398620605469,1,0,0,0
157,70,50.1569709777832,55,31.400032043457031,41.400032043457031,34.500053405761719,82.192001342773438,1,0,0,0
158,71,50.160457611083984,55,31.420032501220703,41.4200325012207,34.450054168701172,82.1926040649414,1,0,0,0
159,72,50.163978576660156,55,31.440032958984375,41.440032958984375,34.400054931640625,82.193199157714844,1,0,0,0
160,73,50.167533874511719,55,31.460033416748047,41.460033416748047,34.350055694580078,82.193801879882813,1,0,0,0
161,74,50.171123504638672,55,31.480033874511719,41.480033874511719,34.300056457519531,82.194404602050781,1,0,0,0
162,75,50.174747467041016,55,31.500034332275391,41.500034332275391,34.250057220458984,82.194999694824219,1,0,0,0
163,76,50.17840576171875,55,31.520034790039063,41.520034790039063,34.200057983398438,82.195602416992188,1,0,0,0
164,77,50.182102203369141,55,31.540035247802734,41.540035247802734,34.150058746337891,82.196197509765625,1,0,0,0
165,78,50.185832977294922,55,31.560035705566406,41.560035705566406,34.100059509277344,82.1968002319336,1,0,0,0
166,79,50.189598083496094,55,31.580036163330078,41.580036163330078,34.0500602722168,82.197402954101563,1,0,0,0
167,80,50.193397521972656,55,31.60003662109375,41.60003662109375,34.00006103515625,82.197998046875,1,0,0,0
168,81,50.197231292724609,55,31.620037078857422,41.620037078857422,33.9500617980957,82.198600769042969,1,0,0,0
169,82,50.201099395751953,55,31.640037536621094,41.640037536621094,33.900062561035156,82.199203491210938,1,0,0,0
170,83,50.205005645751953,55,31.660037994384766,41.660037994384766,33.850063323974609,82.199798583984375,1,0,0,0
171,84,50.208946228027344,55,31.680038452148438,41.680038452148438,33.800064086914063,82.200401306152344,1,0,0,0
172,85,50.212921142578125,55,31.700038909912109,41.700038909912109,33.750064849853516,82.201004028320313,1,0,0,0
173,86,50.2169303894043,55,31.720039367675781,41.720039367675781,33.700065612792969,82.20159912109375,1,0,0,0
174,87,50.220973968505859,55,31.740039825439453,41.740039825439453,33.650066375732422,82.202201843261719,1,0,0,0
175,88,50.225055694580078,55,31.760040283203125,41.760040283203125,33.600067138671875,82.202804565429688,1,0,0,0
176,89,50.229171752929688,55,31.780040740966797,41.7800407409668,33.550067901611328,82.203399658203125,1,0,0,0
177,90,50.233322143554688,55,31.800041198730469,41.800041198730469,33.500068664550781,82.2040023803711,1,0,0,0
178,91,50.237506866455078,55,31.820041656494141,41.820041656494141,33.450069427490234,82.204597473144531,1,0,0,0
179,92,50.241725921630859,55,31.840042114257813,41.840042114257813,33.400070190429688,82.2052001953125,1,0,0,0
180,93,50.245979309082031,55,31.860042572021484,41.860042572021484,33.350070953369141,82.205802917480469,1,0,0,0
181,94,50.250270843505859,55,31.880043029785156,41.880043029785156,33.300071716308594,82.2063980102539,1,0,0,0
182,95,50.254596710205078,55,31.900043487548828,41.900043487548828,33.250072479248047,82.207000732421875,1,0,0,0
183,96,50.258956909179688,55,31.9200439453125,41.9200439453125,33.2000732421875,82.207603454589844,1,0,0,0
184,97,50.263351440429688,55,31.940044403076172,41.940044403076172,33.150074005126953,82.208198547363281,1,0,0,0
185,98,50.267780303955078,55,31.960044860839844,41.960044860839844,33.100074768066406,82.20880126953125,1,0,0,0
186,99,50.272243499755859,55,31.980045318603516,41.980045318603516,33.050075531005859,82.209403991699219,1,0,0,0
187,100,50.2767448425293,55,32.000045776367188,42.000045776367188,33.000076293945313,82.209999084472656,1,0,0,0
188,101,50.281280517578125,55,32.020046234130859,42.020046234130859,32.950077056884766,82.210601806640625,1,0,0,0
189,102,50.285850524902344,55,32.040046691894531,42.040046691894531,32.900077819824219,82.2112045288086,1,0,0,0
190,103,50.290454864501953,55,32.0600471496582,42.0600471496582,32.850078582763672,82.211799621582031,1,0,0,0
191,104,50.295093536376953,55,32.080047607421875,42.080047607421875,32.800079345703125,82.21240234375,1,0,0,0
192,105,50.299770355224609,55,32.100048065185547,42.100048065185547,32.750080108642578,82.213005065917969,1,0,0,0
193,106,50.304481506347656,55,32.120048522949219,42.120048522949219,32.700080871582031,82.2136001586914,1,0,0,0
194,107,50.309226989746094,55,32.140048980712891,42.140048980712891,32.650081634521484,82.214202880859375,1,0,0,0
195,108,50.314006805419922,55,32.160049438476563,42.160049438476563,32.600082397460938,82.214797973632813,1,0,0,0
196,109,50.318820953369141,55,32.180049896240234,42.180049896240234,32.550083160400391,82.215400695800781,1,0,0,0
197,110,50.32366943359375,55,32.200050354003906,42.200050354003906,32.500083923339844,82.21600341796875,1,0,0,0
198,111,50.328556060791016,55,32.220050811767578,42.220050811767578,32.4500846862793,82.216598510742188,1,0,0,0
199,112,50.333477020263672,55,32.24005126953125,42.24005126953125,32.40008544921875,82.217201232910156,1,0,0,0
200,113,50.338432312011719,55,32.260051727294922,42.260051727294922,32.3500862121582,82.217803955078125,1,0,0,0
201,114,50.343421936035156,55,32.280052185058594,42.280052185058594,32.300086975097656,82.218399047851563,1,0,0,0
202,115,50.348445892333984,55,32.300052642822266,42.300052642822266,32.250087738037109,82.219001770019531,1,0,0,0
203,116,50.3535041809082,55,32.320053100585938,42.320053100585938,32.200088500976563,82.2196044921875,1,0,0,0
204,117,50.358600616455078,55,32.340053558349609,42.340053558349609,32.150089263916016,82.220199584960938,1,0,0,0
205,118,50.363731384277344,55,32.360054016113281,42.360054016113281,32.100090026855469,82.2208023071289,1,0,0,0
206,119,50.368896484375,55,32.380054473876953,42.380054473876953,32.050090789794922,82.221405029296875,1,0,0,0
207,120,50.374095916748047,55,32.400054931640625,42.400054931640625,32.000091552734375,82.222000122070313,1,0,0,0
208,121,50.379329681396484,55,32.4200553894043,42.4200553894043,31.950092315673828,82.222602844238281,1,0,0,0
209,122,50.384597778320313,55,32.440055847167969,42.440055847167969,31.900093078613281,82.223197937011719,1,0,0,0
210,123,50.3899040222168,55,32.460056304931641,42.460056304931641,31.850093841552734,82.223800659179688,1,0,0,0
211,124,50.395244598388672,55,32.480056762695313,42.480056762695313,31.800094604492188,82.224403381347656,1,0,0,0
212,125,50.400619506835938,55,32.500057220458984,42.500057220458984,31.750095367431641,82.2249984741211,1,0,0,0
213,126,50.406028747558594,55,32.520057678222656,42.520057678222656,31.700096130371094,82.225601196289063,1,0,0,0
214,127,50.411472320556641,55,32.540058135986328,42.540058135986328,31.650096893310547,82.226203918457031,1,0,0,0
215,128,50.416954040527344,55,32.56005859375,42.56005859375,31.60009765625,82.226799011230469,1,0,0,0
216,129,50.422470092773438,55,32.580059051513672,42.580059051513672,31.550098419189453,82.227401733398438,1,0,0,0
217,130,50.428020477294922,55,32.600059509277344,42.600059509277344,31.500099182128906,82.2280044555664,1,0,0,0
218,131,50.4336051940918,55,32.620059967041016,42.620059967041016,31.450099945068359,82.228599548339844,1,0,0,0
219,132,50.439224243164063,55,32.640060424804688,42.640060424804688,31.400100708007813,82.229202270507813,1,0,0,0
220,133,50.444877624511719,55,32.660060882568359,42.660060882568359,31.350101470947266,82.229804992675781,1,0,0,0
221,134,50.450569152832031,55,32.680061340332031,42.680061340332031,31.300102233886719,82.230400085449219,1,0,0,0
222,135,50.456295013427734,55,32.7000617980957,42.7000617980957,31.250102996826172,82.231002807617188,1,0,0,0
223,136,50.462055206298828,55,32.720062255859375,42.720062255859375,31.200103759765625,82.231605529785156,1,0,0,0
224,137,50.467849731445313,55,32.740062713623047,42.740062713623047,31.150104522705078,82.2322006225586,1,0,0,0
225,138,50.473678588867188,55,32.760063171386719,42.760063171386719,31.100105285644531,82.232803344726563,1,0,0,0
226,139,50.479541778564453,55,32.780063629150391,42.780063629150391,31.050106048583984,82.2333984375,1,0,0,0
227,140,50.485443115234375,55,32.800064086914063,42.800064086914063,31.000106811523438,82.234001159667969,1,0,0,0
228,141,50.491378784179688,55,32.820064544677734,42.820064544677734,30.950107574462891,82.234603881835938,1,0,0,0
229,142,50.497348785400391,55,32.840065002441406,42.840065002441406,30.900108337402344,82.235198974609375,1,0,0,0
230,143,50.503353118896484,55,32.860065460205078,42.860065460205078,30.850109100341797,82.235801696777344,1,0,0,0
231,144,50.509391784667969,55,32.88006591796875,42.88006591796875,30.80010986328125,82.236404418945313,1,0,0,0
232,145,50.515468597412109,55,32.900066375732422,42.900066375732422,30.750110626220703,82.23699951171875,1,0,0,0
233,146,50.521579742431641,55,32.920066833496094,42.920066833496094,30.700111389160156,82.237602233886719,1,0,0,0
234,147,50.527725219726563,55,32.940067291259766,42.940067291259766,30.650112152099609,82.238204956054688,1,0,0,0
235,148,50.533905029296875,55,32.960067749023438,42.960067749023438,30.600112915039063,82.238800048828125,1,0,0,0
236,149,50.540119171142578,55,32.980068206787109,42.980068206787109,30.550113677978516,82.2394027709961,1,0,0,0
237,150,50.546367645263672,55,33.000068664550781,43.000068664550781,30.500114440917969,82.240005493164063,1,0,0,0
238,151,50.552654266357422,55,33.020069122314453,43.020069122314453,30.450115203857422,82.2406005859375,1,0,0,0
239,152,50.558975219726563,55,33.040069580078125,43.040069580078125,30.400115966796875,82.241203308105469,1,0,0,0
240,153,50.565330505371094,55,33.0600700378418,43.0600700378418,30.350116729736328,82.2417984008789,1,0,0,0
241,154,50.571720123291016,55,33.080070495605469,43.080070495605469,30.300117492675781,82.242401123046875,1,0,0,0
242,155,50.578144073486328,55,33.100070953369141,43.100070953369141,30.250118255615234,82.243003845214844,1,0,0,0
243,156,50.584602355957031,55,33.120071411132813,43.120071411132813,30.200119018554688,82.243598937988281,1,0,0,0
244,157,50.591098785400391,55,33.140071868896484,43.140071868896484,30.150119781494141,82.24420166015625,1,0,0,0
245,158,50.597629547119141,55,33.160072326660156,43.160072326660156,30.100120544433594,82.244804382324219,1,0,0,0
246,159,50.604194641113281,55,33.180072784423828,43.180072784423828,30.050121307373047,82.245399475097656,1,0,0,0
247,160,50.610794067382813,55,33.2000732421875,43.2000732421875,30.0001220703125,82.246002197265625,1,0,0,0
248,161,50.617427825927734,55,33.220073699951172,43.220073699951172,29.950122833251953,82.2466049194336,1,0,0,0
249,162,50.624095916748047,55,33.240074157714844,43.240074157714844,29.900123596191406,82.247200012207031,1,0,0,0
250,163,50.630802154541016,55,33.260074615478516,43.260074615478516,29.850124359130859,82.247802734375,1,0,0,0
251,164,50.637542724609375,55,33.280075073242188,43.280075073242188,29.800125122070313,82.248405456542969,1,0,0,0
252,165,50.644317626953125,55,33.300075531005859,43.300075531005859,29.750125885009766,82.2490005493164,1,0,0,0
253,166,50.651126861572266,55,33.320075988769531,43.320075988769531,29.700126647949219,82.249603271484375,1,0,0,0
254,167,50.6579704284668,55,33.3400764465332,43.3400764465332,29.650127410888672,82.250205993652344,1,0,0,0
255,168,50.664852142333984,55,33.360076904296875,43.360076904296875,29.600128173828125,82.250801086425781,1,0,0,0
256,169,50.671768188476563,55,33.380077362060547,43.380077362060547,29.550128936767578,82.25140380859375,1,0,0,0
257,170,50.678718566894531,55,33.400077819824219,43.400077819824219,29.500129699707031,82.251998901367188,1,0,0,0
258,171,50.685703277587891,55,33.420078277587891,43.420078277587891,29.450130462646484,82.252601623535156,1,0,0,0
259,172,50.692722320556641,55,33.440078735351563,43.440078735351563,29.400131225585938,82.253204345703125,1,0,0,0
260,173,50.699775695800781,55,33.460079193115234,43.460079193115234,29.350131988525391,82.253799438476563,1,0,0,0
261,174,50.706867218017578,55,33.480079650878906,43.480079650878906,29.300132751464844,82.254402160644531,1,0,0,0
262,175,50.713993072509766,55,33.500080108642578,43.500080108642578,29.250133514404297,82.2550048828125,1,0,0,0
263,176,50.721153259277344,55,33.52008056640625,43.52008056640625,29.20013427734375,82.255599975585938,1,0,0,0
264,177,50.728347778320313,55,33.540081024169922,43.540081024169922,29.150135040283203,82.2562026977539,1,0,0,0
265,178,50.735576629638672,55,33.560081481933594,43.560081481933594,29.100135803222656,82.256805419921875,1,0,0,0
266,179,50.742839813232422,55,33.580081939697266,43.580081939697266,29.050136566162109,82.257400512695313,1,0,0,0
267,180,50.750141143798828,55,33.600082397460938,43.600082397460938,29.000137329101563,82.258003234863281,1,0,0,0
268,181,50.757476806640625,55,33.620082855224609,43.620082855224609,28.950138092041016,82.25860595703125,1,0,0,0
269,182,50.764846801757813,55,33.640083312988281,43.640083312988281,28.900138854980469,82.259201049804688,1,0,0,0
270,183,50.772251129150391,55,33.660083770751953,43.660083770751953,28.850139617919922,82.259803771972656,1,0,0,0
271,184,50.779689788818359,55,33.680084228515625,43.680084228515625,28.800140380859375,82.2603988647461,1,0,0,0
272,185,50.787166595458984,55,33.7000846862793,43.7000846862793,28.750141143798828,82.261001586914063,1,0,0,0
273,186,50.794677734375,55,33.720085144042969,43.720085144042969,28.700141906738281,82.261604309082031,1,0,0,0
274,187,50.802223205566406,55,33.740085601806641,43.740085601806641,28.650142669677734,82.262199401855469,1,0,0,0
275,188,50.8098030090332,55,33.760086059570313,43.760086059570313,28.600143432617188,82.262802124023438,1,0,0,0
276,189,50.817417144775391,55,33.780086517333984,43.780086517333984,28.550144195556641,82.2634048461914,1,0,0,0
277,190,50.825065612792969,55,33.800086975097656,43.800086975097656,28.500144958496094,82.263999938964844,1,0,0,0
278,191,50.8327522277832,55,33.820087432861328,43.820087432861328,28.450145721435547,82.264602661132813,1,0,0,0
279,192,50.840473175048828,55,33.840087890625,43.840087890625,28.400146484375,82.265205383300781,1,0,0,0
280,193,50.848228454589844,55,33.860088348388672,43.860088348388672,28.350147247314453,82.265800476074219,1,0,0,0
281,194,50.85601806640625,55,33.880088806152344,43.880088806152344,28.300148010253906,82.266403198242188,1,0,0,0
282,195,50.863842010498047,55,33.900089263916016,43.900089263916016,28.250148773193359,82.267005920410156,1,0,0,0
283,196,50.871700286865234,55,33.920089721679688,43.920089721679688,28.200149536132813,82.2676010131836,1,0,0,0
284,197,50.879596710205078,55,33.940090179443359,43.940090179443359,28.150150299072266,82.268203735351563,1,0,0,0
285,198,50.887527465820313,55,33.960090637207031,43.960090637207031,28.100151062011719,82.268806457519531,1,0,0,0
286,199,50.895492553710938,55,33.9800910949707,43.9800910949707,28.050151824951172,82.269401550292969,1,0,0,0
287,200,50.903491973876953,55,34.000091552734375,44.000091552734375,28.000152587890625,82.270004272460938,1,0,0,0
288,201,50.911525726318359,55,34.020092010498047,44.020092010498047,27.950153350830078,82.270599365234375,1,0,0,0
289,202,50.919593811035156,55,34.040092468261719,44.040092468261719,27.900154113769531,82.271202087402344,1,0,0,0
290,203,50.927700042724609,55,34.060092926025391,44.060092926025391,27.850154876708984,82.271804809570313,1,0,0,0
291,204,50.935840606689453,55,34.080093383789063,44.080093383789063,27.800155639648438,82.27239990234375,1,0,0,0
292,205,50.944015502929688,55,34.100093841552734,44.100093841552734,27.750156402587891,82.273002624511719,1,0,0,0
293,206,50.952224731445313,55,34.120094299316406,44.120094299316406,27.700157165527344,82.273605346679688,1,0,0,0
294,207,50.960468292236328,55,34.140094757080078,44.140094757080078,27.650157928466797,82.274200439453125,1,0,0,0
295,208,50.96875,55,34.16009521484375,44.16009521484375,27.60015869140625,82.2748031616211,1,0,0,0
296,209,50.977066040039063,55,34.180095672607422,44.180095672607422,27.550159454345703,82.275405883789063,1,0,0,0
297,210,50.985416412353516,55,34.200096130371094,44.200096130371094,27.500160217285156,82.2760009765625,1,0,0,0
298,211,50.993801116943359,55,34.220096588134766,44.220096588134766,27.450160980224609,82.276603698730469,1,0,0,0
299,212,51.002220153808594,55,34.240097045898438,44.240097045898438,27.400161743164063,82.277206420898438,1,0,0,0
300,213,51.010673522949219,55,34.260097503662109,44.260097503662109,27.350162506103516,82.277801513671875,1,0,0,0
301,214,51.0191650390625,55,34.280097961425781,44.280097961425781,27.300163269042969,82.278404235839844,1,0,0,0
302,215,51.027690887451172,55,34.300098419189453,44.300098419189453,27.250164031982422,82.278999328613281,1,0,0,0
303,216,51.036251068115234,55,34.320098876953125,44.320098876953125,27.200164794921875,82.27960205078125,1,0,0,0
304,217,51.044845581054688,55,34.3400993347168,44.3400993347168,27.150165557861328,82.280204772949219,1,0,0,0
305,218,51.053474426269531,55,34.360099792480469,44.360099792480469,27.100166320800781,82.280799865722656,1,0,0,0
306,219,51.062137603759766,55,34.380100250244141,44.380100250244141,27.050167083740234,82.281402587890625,1,0,0,0
307,220,51.070838928222656,55,34.400100708007813,44.400100708007813,27.000167846679688,82.2820053100586,1,0,0,0
308,221,51.079574584960938,55,34.420101165771484,44.420101165771484,26.950168609619141,82.282600402832031,1,0,0,0
309,222,51.088344573974609,55,34.440101623535156,44.440101623535156,26.900169372558594,82.283203125,1,0,0,0
310,223,51.097148895263672,55,34.460102081298828,44.460102081298828,26.850170135498047,82.283805847167969,1,0,0,0
311,224,51.105987548828125,55,34.4801025390625,44.4801025390625,26.8001708984375,82.2844009399414,1,0,0,0
312,225,51.114864349365234,55,34.500102996826172,44.500102996826172,26.750171661376953,82.285003662109375,1,0,0,0
313,226,51.123775482177734,55,34.520103454589844,44.520103454589844,26.700172424316406,82.285606384277344,1,0,0,0
314,227,51.132720947265625,55,34.540103912353516,44.540103912353516,26.650173187255859,82.286201477050781,1,0,0,0
315,228,51.141700744628906,55,34.560104370117188,44.560104370117188,26.600173950195313,82.28680419921875,1,0,0,0
316,229,51.150714874267578,55,34.580104827880859,44.580104827880859,26.550174713134766,82.287406921386719,1,0,0,0
317,230,51.159763336181641,55,34.600105285644531,44.600105285644531,26.500175476074219,82.288002014160156,1,0,0,0
318,231,51.168849945068359,55,34.6201057434082,44.6201057434082,26.450176239013672,82.288604736328125,1,0,0,0
319,232,51.177970886230469,55,34.640106201171875,44.640106201171875,26.400177001953125,82.289199829101563,1,0,0,0
320,233,51.187126159667969,55,34.660106658935547,44.660106658935547,26.350177764892578,82.289802551269531,1,0,0,0
321,234,51.196315765380859,55,34.680107116699219,44.680107116699219,26.300178527832031,82.2904052734375,1,0,0,0
322,235,51.205539703369141,55,34.700107574462891,44.700107574462891,26.250179290771484,82.291000366210938,1,0,0,0
323,236,51.214797973632813,55,34.720108032226563,44.720108032226563,26.200180053710938,82.2916030883789,1,0,0,0
324,237,51.224094390869141,55,34.740108489990234,44.740108489990234,26.150180816650391,82.292205810546875,1,0,0,0
325,238,51.233425140380859,55,34.760108947753906,44.760108947753906,26.100181579589844,82.292800903320313,1,0,0,0
326,239,51.242790222167969,55,34.780109405517578,44.780109405517578,26.050182342529297,82.293403625488281,1,0,0,0
327,240,51.252189636230469,55,34.80010986328125,44.80010986328125,26.00018310546875,82.29400634765625,1,0,0,0
328,241,51.261623382568359,55,34.820110321044922,44.820110321044922,25.950183868408203,82.294601440429688,1,0,0,0
329,242,51.271091461181641,55,34.840110778808594,44.840110778808594,25.900184631347656,82.295204162597656,1,0,0,0
330,243,51.280597686767578,55,34.860111236572266,44.860111236572266,25.850185394287109,82.295806884765625,1,0,0,0
331,244,51.290138244628906,55,34.880111694335938,44.880111694335938,25.800186157226563,82.296401977539063,1,0,0,0
332,245,51.299713134765625,55,34.900112152099609,44.900112152099609,25.750186920166016,82.297004699707031,1,0,0,0
333,246,51.309322357177734,55,34.920112609863281,44.920112609863281,25.700187683105469,82.297599792480469,1,0,0,0
334,247,51.318965911865234,55,34.940113067626953,44.940113067626953,25.650188446044922,82.298202514648438,1,0,0,0
335,248,51.328647613525391,55,34.960113525390625,44.960113525390625,25.600189208984375,82.2988052368164,1,0,0,0
336,249,51.338363647460938,55,34.9801139831543,44.9801139831543,25.550189971923828,82.299400329589844,1,0,0,0
337,250,51.348114013671875,55,35.000114440917969,45.000114440917969,25.500190734863281,82.300003051757813,1,0,0,0
338,251,51.3578987121582,55,35.020114898681641,45.020114898681641,25.450191497802734,82.300605773925781,1,0,0,0
339,252,51.367717742919922,55,35.040115356445313,45.040115356445313,25.400192260742188,82.301200866699219,1,0,0,0
340,253,51.377571105957031,55,35.060115814208984,45.060115814208984,25.350193023681641,82.301803588867188,1,0,0,0
341,254,51.3874626159668,55,35.080116271972656,45.080116271972656,25.300193786621094,82.302406311035156,1,0,0,0
342,255,51.397388458251953,55,35.100116729736328,45.100116729736328,25.250194549560547,82.3030014038086,1,0,0,0
343,256,51.4073486328125,55,35.1201171875,45.1201171875,25.2001953125,82.303604125976563,1,0,0,0
344,257,51.417343139648438,55,35.140117645263672,45.140117645263672,25.150196075439453,82.304206848144531,1,0,0,0
345,258,51.427371978759766,55,35.160118103027344,45.160118103027344,25.100196838378906,82.304801940917969,1,0,0,0
346,259,51.437435150146484,55,35.180118560791016,45.180118560791016,25.050197601318359,82.305404663085938,1,0,0,0
347,260,51.447536468505859,55,35.200119018554688,45.200119018554688,25.000198364257813,82.305999755859375,1,0,0,0
348,261,51.457672119140625,55,35.220119476318359,45.220119476318359,24.950199127197266,82.306602478027344,1,0,0,0
349,262,51.467842102050781,55,35.240119934082031,45.240119934082031,24.900199890136719,82.307205200195313,1,0,0,0
350,263,51.478046417236328,55,35.2601203918457,45.2601203918457,24.850200653076172,82.30780029296875,1,0,0,0
351,264,51.488285064697266,55,35.280120849609375,45.280120849609375,24.800201416015625,82.308403015136719,1,0,0,0
352,265,51.498561859130859,55,35.300121307373047,45.300121307373047,24.750202178955078,82.309005737304688,1,0,0,0
353,266,51.508872985839844,55,35.320121765136719,45.320121765136719,24.700202941894531,82.309600830078125,1,0,0,0
354,267,51.519218444824219,55,35.340122222900391,45.340122222900391,24.650203704833984,82.3102035522461,1,0,0,0
355,268,51.529598236083984,55,35.360122680664063,45.360122680664063,24.600204467773438,82.310806274414063,1,0,0,0
356,269,51.540012359619141,55,35.380123138427734,45.380123138427734,24.550205230712891,82.3114013671875,1,0,0,0
357,270,51.550460815429688,55,35.400123596191406,45.400123596191406,24.500205993652344,82.312004089355469,1,0,0,0
358,271,51.560947418212891,55,35.420124053955078,45.420124053955078,24.450206756591797,82.312606811523438,1,0,0,0
359,272,51.571468353271484,55,35.44012451171875,45.44012451171875,24.40020751953125,82.313201904296875,1,0,0,0
360,273,51.582023620605469,55,35.460124969482422,45.460124969482422,24.350208282470703,82.313804626464844,1,0,0,0
361,274,51.592613220214844,55,35.480125427246094,45.480125427246094,24.300209045410156,82.314407348632813,1,0,0,0
362,275,51.603237152099609,55,35.500125885009766,45.500125885009766,24.250209808349609,82.31500244140625,1,0,0,0
363,276,51.613895416259766,55,35.520126342773438,45.520126342773438,24.200210571289063,82.315605163574219,1,0,0,0
364,277,51.624591827392578,55,35.540126800537109,45.540126800537109,24.150211334228516,82.316200256347656,1,0,0,0
365,278,51.635322570800781,55,35.560127258300781,45.560127258300781,24.100212097167969,82.316802978515625,1,0,0,0
366,279,51.646087646484375,55,35.580127716064453,45.580127716064453,24.050212860107422,82.3174057006836,1,0,0,0
367,280,51.656887054443359,55,35.600128173828125,45.600128173828125,24.000213623046875,82.318000793457031,1,0,0,0
368,281,51.667720794677734,55,35.6201286315918,45.6201286315918,23.950214385986328,82.318603515625,1,0,0,0
369,282,51.6785888671875,55,35.640129089355469,45.640129089355469,23.900215148925781,82.319206237792969,1,0,0,0
370,283,51.689495086669922,55,35.660129547119141,45.660129547119141,23.850215911865234,82.3198013305664,1,0,0,0
371,284,51.700435638427734,55,35.680130004882813,45.680130004882813,23.800216674804688,82.320404052734375,1,0,0,0
372,285,51.711410522460938,55,35.700130462646484,45.700130462646484,23.750217437744141,82.321006774902344,1,0,0,0
373,286,51.722419738769531,55,35.720130920410156,45.720130920410156,23.700218200683594,82.321601867675781,1,0,0,0
374,287,51.733463287353516,55,35.740131378173828,45.740131378173828,23.650218963623047,82.32220458984375,1,0,0,0
375,288,51.744544982910156,55,35.7601318359375,45.7601318359375,23.6002197265625,82.322807312011719,1,0,0,0
376,289,51.755661010742188,55,35.780132293701172,45.780132293701172,23.550220489501953,82.323402404785156,1,0,0,0
377,290,51.766811370849609,55,35.800132751464844,45.800132751464844,23.500221252441406,82.324005126953125,1,0,0,0
378,291,51.777996063232422,55,35.820133209228516,45.820133209228516,23.450222015380859,82.324600219726563,1,0,0,0
379,292,51.789215087890625,55,35.840133666992188,45.840133666992188,23.400222778320313,82.325202941894531,1,0,0,0
380,293,51.800468444824219,55,35.860134124755859,45.860134124755859,23.350223541259766,82.3258056640625,1,0,0,0
381,294,51.811759948730469,55,35.880134582519531,45.880134582519531,23.300224304199219,82.326400756835938,1,0,0,0
382,295,51.823085784912109,55,35.9001350402832,45.9001350402832,23.250225067138672,82.3270034790039,1,0,0,0
383,296,51.834445953369141,55,35.920135498046875,45.920135498046875,23.200225830078125,82.327606201171875,1,0,0,0
384,297,51.845840454101563,55,35.940135955810547,45.940135955810547,23.150226593017578,82.328201293945313,1,0,0,0
385,298,51.857269287109375,55,35.960136413574219,45.960136413574219,23.100227355957031,82.328804016113281,1,0,0,0
386,299,51.868732452392578,55,35.980136871337891,45.980136871337891,23.050228118896484,82.32940673828125,1,0,0,0
387,300,51.880233764648438,55,36.000137329101563,46.000137329101563,23.000228881835938,82.330001831054688,1,0,0,0
388,301,51.891769409179688,55,36.020137786865234,46.020137786865234,22.950229644775391,82.330604553222656,1,0,0,0
389,302,51.903339385986328,55,36.040138244628906,46.040138244628906,22.900230407714844,82.331207275390625,1,0,0,0
390,303,51.914943695068359,55,36.060138702392578,46.060138702392578,22.850231170654297,82.331802368164063,1,0,0,0
391,304,51.926582336425781,55,36.08013916015625,46.08013916015625,22.80023193359375,82.332405090332031,1,0,0,0
392,305,51.938259124755859,55,36.100139617919922,46.100139617919922,22.750232696533203,82.3330078125,1,0,0,0
393,306,51.949970245361328,55,36.120140075683594,46.120140075683594,22.700233459472656,82.333602905273438,1,0,0,0
394,307,51.961715698242188,55,36.140140533447266,46.140140533447266,22.650234222412109,82.3342056274414,1,0,0,0
395,308,51.973495483398438,55,36.160140991210938,46.160140991210938,22.600234985351563,82.334800720214844,1,0,0,0
396,309,51.985309600830078,55,36.180141448974609,46.180141448974609,22.550235748291016,82.335403442382813,1,0,0,0
397,310,51.997158050537109,55,36.200141906738281,46.200141906738281,22.500236511230469,82.336006164550781,1,0,0,0
398,311,52.0090446472168,55,36.220142364501953,46.220142364501953,22.450237274169922,82.336601257324219,1,0,0,0
399,312,52.020965576171875,55,36.240142822265625,46.240142822265625,22.400238037109375,82.337203979492188,1,0,0,0
400,313,52.032920837402344,55,36.2601432800293,46.2601432800293,22.350238800048828,82.337806701660156,1,0,0,0
401,314,52.0449104309082,55,36.280143737792969,46.280143737792969,22.300239562988281,82.3384017944336,1,0,0,0
402,315,52.056934356689453,55,36.300144195556641,46.300144195556641,22.250240325927734,82.339004516601563,1,0,0,0
403,316,52.068992614746094,55,36.320144653320313,46.320144653320313,22.200241088867188,82.339607238769531,1,0,0,0
404,317,52.081089019775391,55,36.340145111083984,46.340145111083984,22.150241851806641,82.340202331542969,1,0,0,0
405,318,52.093219757080078,55,36.360145568847656,46.360145568847656,22.100242614746094,82.340805053710938,1,0,0,0
406,319,52.105384826660156,55,36.380146026611328,46.380146026611328,22.050243377685547,82.3414077758789,1,0,0,0
407,320,52.117584228515625,55,36.400146484375,46.400146484375,22.000244140625,82.342002868652344,1,0,0,0
408,321,52.129817962646484,55,36.420146942138672,46.420146942138672,21.950244903564453,82.342605590820313,1,0,0,0
409,322,52.142086029052734,55,36.440147399902344,46.440147399902344,21.900245666503906,82.34320068359375,1,0,0,0
410,323,52.154392242431641,55,36.460147857666016,46.460147857666016,21.850246429443359,82.343803405761719,1,0,0,0
411,324,52.166732788085938,55,36.480148315429688,46.480148315429688,21.800247192382813,82.344406127929688,1,0,0,0
412,325,52.179107666015625,55,36.500148773193359,46.500148773193359,21.750247955322266,82.345001220703125,1,0,0,0
413,326,52.1915168762207,55,36.520149230957031,46.520149230957031,21.700248718261719,82.3456039428711,1,0,0,0
414,327,52.203960418701172,55,36.5401496887207,46.5401496887207,21.650249481201172,82.346206665039063,1,0,0,0
415,328,52.2164421081543,55,36.560150146484375,46.560150146484375,21.600250244140625,82.3468017578125,1,0,0,0
416,329,52.228958129882813,55,36.580150604248047,46.580150604248047,21.550251007080078,82.347404479980469,1,0,0,0
417,330,52.241508483886719,55,36.600151062011719,46.600151062011719,21.500251770019531,82.348007202148438,1,0,0,0
418,331,52.254093170166016,55,36.620151519775391,46.620151519775391,21.450252532958984,82.348602294921875,1,0,0,0
419,332,52.2667121887207,55,36.640151977539063,46.640151977539063,21.400253295898438,82.349205017089844,1,0,0,0
420,333,52.279365539550781,55,36.660152435302734,46.660152435302734,21.350254058837891,82.349807739257813,1,0,0,0
421,334,52.292057037353516,55,36.680152893066406,46.680152893066406,21.300254821777344,82.35040283203125,1,0,0,0
422,335,52.304782867431641,55,36.700153350830078,46.700153350830078,21.250255584716797,82.351005554199219,1,0,0,0
423,336,52.317543029785156,55,36.72015380859375,46.72015380859375,21.20025634765625,82.351608276367188,1,0,0,0
424,337,52.330337524414063,55,36.740154266357422,46.740154266357422,21.150257110595703,82.352203369140625,1,0,0,0
425,338,52.343166351318359,55,36.760154724121094,46.760154724121094,21.100257873535156,82.3528060913086,1,0,0,0
426,339,52.356029510498047,55,36.780155181884766,46.780155181884766,21.050258636474609,82.353401184082031,1,0,0,0
427,340,52.368930816650391,55,36.800155639648438,46.800155639648438,21.000259399414063,82.35400390625,1,0,0,0
428,341,52.381866455078125,55,36.820156097412109,46.820156097412109,20.950260162353516,82.354606628417969,1,0,0,0
429,342,52.39483642578125,55,36.840156555175781,46.840156555175781,20.900260925292969,82.3552017211914,1,0,0,0
430,343,52.407840728759766,55,36.860157012939453,46.860157012939453,20.850261688232422,82.355804443359375,1,0,0,0
431,344,52.420879364013672,55,36.880157470703125,46.880157470703125,20.800262451171875,82.356407165527344,1,0,0,0
432,345,52.433956146240234,55,36.9001579284668,46.9001579284668,20.750263214111328,82.357002258300781,1,0,0,0
433,346,52.447067260742188,55,36.920158386230469,46.920158386230469,20.700263977050781,82.35760498046875,1,0,0,0
434,347,52.460212707519531,55,36.940158843994141,46.940158843994141,20.650264739990234,82.358207702636719,1,0,0,0
435,348,52.473392486572266,55,36.960159301757813,46.960159301757813,20.600265502929688,82.358802795410156,1,0,0,0
436,349,52.486606597900391,55,36.980159759521484,46.980159759521484,20.550266265869141,82.359405517578125,1,0,0,0
437,350,52.499855041503906,55,37.000160217285156,47.000160217285156,20.500267028808594,82.3600082397461,1,0,0,0
438,351,52.513141632080078,55,37.020160675048828,47.020160675048828,20.450267791748047,82.360603332519531,1,0,0,0
439,352,52.526462554931641,55,37.0401611328125,47.0401611328125,20.4002685546875,82.3612060546875,1,0,0,0
440,353,52.539817810058594,55,37.060161590576172,47.060161590576172,20.350269317626953,82.361801147460938,1,0,0,0
441,354,52.553207397460938,55,37.080162048339844,47.080162048339844,20.300270080566406,82.3624038696289,1,0,0,0
442,355,52.566631317138672,55,37.100162506103516,47.100162506103516,20.250270843505859,82.363006591796875,1,0,0,0
443,356,52.5800895690918,55,37.120162963867188,47.120162963867188,20.200271606445313,82.363601684570313,1,0,0,0
444,357,52.593585968017578,55,37.140163421630859,47.140163421630859,20.150272369384766,82.364204406738281,1,0,0,0
445,358,52.60711669921875,55,37.160163879394531,47.160163879394531,20.100273132324219,82.36480712890625,1,0,0,0
446,359,52.620681762695313,55,37.1801643371582,47.1801643371582,20.050273895263672,82.365402221679688,1,0,0,0
447,360,52.634281158447266,55,37.200164794921875,47.200164794921875,20.000274658203125,82.366004943847656,1,0,0,0
448,361,52.647914886474609,55,37.220165252685547,47.220165252685547,19.950275421142578,82.366607666015625,1,0,0,0
449,362,52.661582946777344,55,37.240165710449219,47.240165710449219,19.900276184082031,82.367202758789063,1,0,0,0
450,363,52.675289154052734,55,37.260166168212891,47.260166168212891,19.850276947021484,82.367805480957031,1,0,0,0
451,364,52.689029693603516,55,37.280166625976563,47.280166625976563,19.800277709960938,82.368408203125,1,0,0,0
452,365,52.702804565429688,55,37.300167083740234,47.300167083740234,19.750278472900391,82.369003295898438,1,0,0,0
453,366,52.71661376953125,55,37.320167541503906,47.320167541503906,19.700279235839844,82.3696060180664,1,0,0,0
454,367,52.7304573059082,55,37.340167999267578,47.340167999267578,19.650279998779297,82.370208740234375,1,0,0,0
455,368,52.744338989257813,55,37.36016845703125,47.36016845703125,19.60028076171875,82.370803833007813,1,0,0,0
456,369,52.758255004882813,55,37.380168914794922,47.380168914794922,19.550281524658203,82.371406555175781,1,0,0,0
457,370,52.7722053527832,55,37.400169372558594,47.400169372558594,19.500282287597656,82.372001647949219,1,0,0,0
458,371,52.786190032958984,55,37.420169830322266,47.420169830322266,19.450283050537109,82.372604370117188,1,0,0,0
459,372,52.800209045410156,55,37.440170288085938,47.440170288085938,19.400283813476563,82.373207092285156,1,0,0,0
460,373,52.814262390136719,55,37.460170745849609,47.460170745849609,19.350284576416016,82.3738021850586,1,0,0,0
461,374,52.828353881835938,55,37.480171203613281,47.480171203613281,19.300285339355469,82.374404907226563,1,0,0,0
462,375,52.842479705810547,55,37.500171661376953,47.500171661376953,19.250286102294922,82.375007629394531,1,0,0,0
463,376,52.856639862060547,55,37.520172119140625,47.520172119140625,19.200286865234375,82.375602722167969,1,0,0,0
464,377,52.870834350585938,55,37.5401725769043,47.5401725769043,19.150287628173828,82.376205444335938,1,0,0,0
465,378,52.885063171386719,55,37.560173034667969,47.560173034667969,19.100288391113281,82.3768081665039,1,0,0,0
466,379,52.899326324462891,55,37.580173492431641,47.580173492431641,19.050289154052734,82.377403259277344,1,0,0,0
467,380,52.913627624511719,55,37.600173950195313,47.600173950195313,19.000289916992188,82.378005981445313,1,0,0,0
468,381,52.927963256835938,55,37.620174407958984,47.620174407958984,18.950290679931641,82.378608703613281,1,0,0,0
469,382,52.942333221435547,55,37.640174865722656,47.640174865722656,18.900291442871094,82.379203796386719,1,0,0,0
470,383,52.956737518310547,55,37.660175323486328,47.660175323486328,18.850292205810547,82.379806518554688,1,0,0,0
471,384,52.971176147460938,55,37.68017578125,47.68017578125,18.80029296875,82.380401611328125,1,0,0,0
472,385,52.985652923583984,55,37.700176239013672,47.700176239013672,18.750293731689453,82.3810043334961,1,0,0,0
473,386,53.000164031982422,55,37.720176696777344,47.720176696777344,18.700294494628906,82.381607055664063,1,0,0,0
474,387,53.01470947265625,55,37.740177154541016,47.740177154541016,18.650295257568359,82.3822021484375,1,0,0,0
475,388,53.029289245605469,55,37.760177612304688,47.760177612304688,18.600296020507813,82.382804870605469,1,0,0,0
476,389,53.043903350830078,55,37.780178070068359,47.780178070068359,18.550296783447266,82.383407592773438,1,0,0,0
477,390,53.058551788330078,55,37.800178527832031,47.800178527832031,18.500297546386719,82.384002685546875,1,0,0,0
478,391,53.073238372802734,55,37.8201789855957,47.8201789855957,18.450298309326172,82.384605407714844,1,0,0,0
479,392,53.087959289550781,55,37.840179443359375,47.840179443359375,18.400299072265625,82.385208129882813,1,0,0,0
480,393,53.102714538574219,55,37.860179901123047,47.860179901123047,18.350299835205078,82.38580322265625,1,0,0,0
481,394,53.117504119873047,55,37.880180358886719,47.880180358886719,18.300300598144531,82.386405944824219,1,0,0,0
482,395,53.132328033447266,55,37.900180816650391,47.900180816650391,18.250301361083984,82.387008666992188,1,0,0,0
483,396,53.147186279296875,55,37.920181274414063,47.920181274414063,18.200302124023438,82.387603759765625,1,0,0,0
484,397,53.162082672119141,55,37.940181732177734,47.940181732177734,18.150302886962891,82.3882064819336,1,0,0,0
485,398,53.1770133972168,55,37.960182189941406,47.960182189941406,18.100303649902344,82.388809204101563,1,0,0,0
486,399,53.191978454589844,55,37.980182647705078,47.980182647705078,18.050304412841797,82.389404296875,1,0,0,0
487,400,53.206977844238281,55,38.00018310546875,48.00018310546875,18.00030517578125,82.390007019042969,1,0,0,0
488,401,53.222011566162109,55,38.020183563232422,48.020183563232422,17.950305938720703,82.3906021118164,1,0,0,0
489,402,53.237079620361328,55,38.040184020996094,48.040184020996094,17.900306701660156,82.391204833984375,1,0,0,0
490,403,53.2521858215332,55,38.060184478759766,48.060184478759766,17.850307464599609,82.391807556152344,1,0,0,0
491,404,53.267326354980469,55,38.080184936523438,48.080184936523438,17.800308227539063,82.392402648925781,1,0,0,0
492,405,53.282501220703125,55,38.100185394287109,48.100185394287109,17.750308990478516,82.39300537109375,1,0,0,0
493,406,53.297710418701172,55,38.120185852050781,48.120185852050781,17.700309753417969,82.393608093261719,1,0,0,0
494,407,53.312953948974609,55,38.140186309814453,48.140186309814453,17.650310516357422,82.394203186035156,1,0,0,0
495,408,53.3282356262207,55,38.160186767578125,48.160186767578125,17.600311279296875,82.394805908203125,1,0,0,0
496,409,53.343551635742188,55,38.1801872253418,48.1801872253418,17.550312042236328,82.3954086303711,1,0,0,0
497,410,53.358901977539063,55,38.200187683105469,48.200187683105469,17.500312805175781,82.396003723144531,1,0,0,0
498,411,53.374286651611328,55,38.220188140869141,48.220188140869141,17.450313568115234,82.3966064453125,1,0,0,0
499,412,53.389705657958984,55,38.240188598632813,48.240188598632813,17.400314331054688,82.397209167480469,1,0,0,0
500,413,53.405158996582031,55,38.260189056396484,48.260189056396484,17.350315093994141,82.3978042602539,1,0,0,0
501,414,53.420650482177734,55,38.280189514160156,48.280189514160156,17.300315856933594,82.398406982421875,1,0,0,0
502,415,53.436176300048828,55,38.300189971923828,48.300189971923828,17.250316619873047,82.399002075195313,1,0,0,0
503,416,53.451736450195313,55,38.3201904296875,48.3201904296875,17.2003173828125,82.399604797363281,1,0,0,0
504,417,53.467330932617188,55,38.340190887451172,48.340190887451172,17.150318145751953,82.40020751953125,1,0,0,0
505,418,53.482959747314453,55,38.360191345214844,48.360191345214844,17.100318908691406,82.400802612304688,1,0,0,0
506,419,53.498622894287109,55,38.380191802978516,48.380191802978516,17.050319671630859,82.401405334472656,1,0,0,0
507,420,53.514324188232422,55,38.400192260742188,48.400192260742188,17.000320434570313,82.402008056640625,1,0,0,0
508,421,53.530059814453125,55,38.420192718505859,48.420192718505859,16.950321197509766,82.402603149414063,1,0,0,0
509,422,53.545829772949219,55,38.440193176269531,48.440193176269531,16.900321960449219,82.403205871582031,1,0,0,0
510,423,53.5616340637207,55,38.4601936340332,48.4601936340332,16.850322723388672,82.40380859375,1,0,0,0
511,424,53.577472686767578,55,38.480194091796875,48.480194091796875,16.800323486328125,82.404403686523438,1,0,0,0
512,425,53.593349456787109,55,38.500194549560547,48.500194549560547,16.750324249267578,82.4050064086914,1,0,0,0
513,426,53.609260559082031,55,38.520195007324219,48.520195007324219,16.700325012207031,82.405609130859375,1,0,0,0
514,427,53.625205993652344,55,38.540195465087891,48.540195465087891,16.650325775146484,82.406204223632813,1,0,0,0
515,428,53.641185760498047,55,38.560195922851563,48.560195922851563,16.600326538085938,82.406806945800781,1,0,0,0
516,429,53.657199859619141,55,38.580196380615234,48.580196380615234,16.550327301025391,82.40740966796875,1,0,0,0
517,430,53.673248291015625,55,38.600196838378906,48.600196838378906,16.500328063964844,82.408004760742188,1,0,0,0
518,431,53.689334869384766,55,38.620197296142578,48.620197296142578,16.450328826904297,82.408607482910156,1,0,0,0
519,432,53.7054557800293,55,38.64019775390625,48.64019775390625,16.40032958984375,82.4092025756836,1,0,0,0
520,433,53.721611022949219,55,38.660198211669922,48.660198211669922,16.350330352783203,82.409805297851563,1,0,0,0
521,434,53.737800598144531,55,38.680198669433594,48.680198669433594,16.300331115722656,82.410408020019531,1,0,0,0
522,435,53.754024505615234,55,38.700199127197266,48.700199127197266,16.250331878662109,82.411003112792969,1,0,0,0
523,436,53.770282745361328,55,38.720199584960938,48.720199584960938,16.200332641601563,82.411605834960938,1,0,0,0
524,437,53.786579132080078,55,38.740200042724609,48.740200042724609,16.150333404541016,82.4122085571289,1,0,0,0
525,438,53.802909851074219,55,38.760200500488281,48.760200500488281,16.100334167480469,82.412803649902344,1,0,0,0
526,439,53.81927490234375,55,38.780200958251953,48.780200958251953,16.050334930419922,82.413406372070313,1,0,0,0
527,440,53.835674285888672,55,38.800201416015625,48.800201416015625,16.000335693359375,82.414009094238281,1,0,0,0
528,441,53.852108001708984,55,38.8202018737793,48.8202018737793,15.950335502624512,82.414604187011719,1,0,0,0
529,442,53.868576049804688,55,38.840202331542969,48.840202331542969,15.900335311889648,82.415206909179688,1,0,0,0
530,443,53.885082244873047,55,38.860202789306641,48.860202789306641,15.850335121154785,82.415809631347656,1,0,0,0
531,444,53.9016227722168,55,38.880203247070313,48.880203247070313,15.800334930419922,82.4164047241211,1,0,0,0
532,445,53.918197631835938,55,38.900203704833984,48.900203704833984,15.750334739685059,82.417007446289063,1,0,0,0
533,446,53.934806823730469,55,38.920204162597656,48.920204162597656,15.700334548950195,82.4176025390625,1,0,0,0
534,447,53.951450347900391,55,38.940204620361328,48.940204620361328,15.650334358215332,82.418205261230469,1,0,0,0
535,448,53.968132019042969,55,38.960205078125,48.960205078125,15.600334167480469,82.418807983398438,1,0,0,0
536,449,53.984848022460938,55,38.980205535888672,48.980205535888672,15.550333976745605,82.419403076171875,1,0,0,0
537,450,54.0015983581543,55,39.000205993652344,49.000205993652344,15.500333786010742,82.420005798339844,1,0,0,0
538,451,54.018383026123047,55,39.020206451416016,49.020206451416016,15.450333595275879,82.420608520507813,1,0,0,0
539,452,54.035202026367188,55,39.040206909179688,49.040206909179688,15.400333404541016,82.42120361328125,1,0,0,0
540,453,54.052055358886719,55,39.060207366943359,49.060207366943359,15.350333213806152,82.421806335449219,1,0,0,0
541,454,54.068946838378906,55,39.080207824707031,49.080207824707031,15.300333023071289,82.422409057617188,1,0,0,0
542,455,54.085872650146484,55,39.1002082824707,49.1002082824707,15.250332832336426,82.423004150390625,1,0,0,0
543,456,54.102832794189453,55,39.120208740234375,49.120208740234375,15.200332641601563,82.4236068725586,1,0,0,0
544,457,54.119827270507813,55,39.140209197998047,49.140209197998047,15.1503324508667,82.424209594726563,1,0,0,0
545,458,54.136856079101563,55,39.160209655761719,49.160209655761719,15.100332260131836,82.4248046875,1,0,0,0
546,459,54.1539192199707,55,39.180210113525391,49.180210113525391,15.050332069396973,82.425407409667969,1,0,0,0
547,460,54.1710205078125,55,39.200210571289063,49.200210571289063,15.000331878662109,82.426010131835938,1,0,0,0
548,461,54.188156127929688,55,39.220211029052734,49.220211029052734,14.950331687927246,82.426605224609375,1,0,0,0
549,462,54.205326080322266,55,39.240211486816406,49.240211486816406,14.900331497192383,82.427207946777344,1,0,0,0
550,463,54.222530364990234,55,39.260211944580078,49.260211944580078,14.85033130645752,82.427803039550781,1,0,0,0
551,464,54.239768981933594,55,39.28021240234375,49.28021240234375,14.800331115722656,82.42840576171875,1,0,0,0
552,465,54.257045745849609,55,39.300212860107422,49.300212860107422,14.750330924987793,82.429008483886719,1,0,0,0
553,466,54.274356842041016,55,39.320213317871094,49.320213317871094,14.70033073425293,82.429603576660156,1,0,0,0
554,467,54.291702270507813,55,39.340213775634766,49.340213775634766,14.650330543518066,82.430206298828125,1,0,0,0
555,468,54.30908203125,55,39.360214233398438,49.360214233398438,14.600330352783203,82.4308090209961,1,0,0,0
556,469,54.326496124267578,55,39.380214691162109,49.380214691162109,14.55033016204834,82.431404113769531,1,0,0,0
557,470,54.343944549560547,55,39.400215148925781,49.400215148925781,14.500329971313477,82.4320068359375,1,0,0,0
558,471,54.361431121826172,55,39.420215606689453,49.420215606689453,14.450329780578613,82.432609558105469,1,0,0,0
559,472,54.378952026367188,55,39.440216064453125,49.440216064453125,14.40032958984375,82.4332046508789,1,0,0,0
560,473,54.396507263183594,55,39.4602165222168,49.4602165222168,14.350329399108887,82.433807373046875,1,0,0,0
561,474,54.414096832275391,55,39.480216979980469,49.480216979980469,14.300329208374023,82.434410095214844,1,0,0,0
562,475,54.431720733642578,55,39.500217437744141,49.500217437744141,14.25032901763916,82.435005187988281,1,0,0,0
563,476,54.449378967285156,55,39.520217895507813,49.520217895507813,14.200328826904297,82.43560791015625,1,0,0,0
564,477,54.467075347900391,55,39.540218353271484,49.540218353271484,14.150328636169434,82.436203002929688,1,0,0,0
565,478,54.484806060791016,55,39.560218811035156,49.560218811035156,14.10032844543457,82.436805725097656,1,0,0,0
566,479,54.502571105957031,55,39.580219268798828,49.580219268798828,14.050328254699707,82.437408447265625,1,0,0,0
567,480,54.520370483398438,55,39.6002197265625,49.6002197265625,14.000328063964844,82.438003540039063,1,0,0,0
568,481,54.538204193115234,55,39.620220184326172,49.620220184326172,13.95032787322998,82.438606262207031,1,0,0,0
569,482,54.556072235107422,55,39.640220642089844,49.640220642089844,13.900327682495117,82.439208984375,1,0,0,0
570,483,54.573978424072266,55,39.660221099853516,49.660221099853516,13.850327491760254,82.439804077148438,1,0,0,0
571,484,54.5919189453125,55,39.680221557617188,49.680221557617188,13.800327301025391,82.4404067993164,1,0,0,0
572,485,54.609893798828125,55,39.700222015380859,49.700222015380859,13.750327110290527,82.441009521484375,1,0,0,0
573,486,54.627902984619141,55,39.720222473144531,49.720222473144531,13.700326919555664,82.441604614257813,1,0,0,0
574,487,54.645946502685547,55,39.7402229309082,49.7402229309082,13.6503267288208,82.442207336425781,1,0,0,0
575,488,54.664028167724609,55,39.760223388671875,49.760223388671875,13.600326538085938,82.44281005859375,1,0,0,0
576,489,54.682144165039063,55,39.780223846435547,49.780223846435547,13.550326347351074,82.443405151367188,1,0,0,0
577,490,54.700294494628906,55,39.800224304199219,49.800224304199219,13.500326156616211,82.444007873535156,1,0,0,0
578,491,54.718479156494141,55,39.820224761962891,49.820224761962891,13.450325965881348,82.4446029663086,1,0,0,0
579,492,54.736698150634766,55,39.840225219726563,49.840225219726563,13.400325775146484,82.445205688476563,1,0,0,0
580,493,54.754951477050781,55,39.860225677490234,49.860225677490234,13.350325584411621,82.445808410644531,1,0,0,0
581,494,54.773242950439453,55,39.880226135253906,49.880226135253906,13.300325393676758,82.446403503417969,1,0,0,0
582,495,54.791568756103516,55,39.900226593017578,49.900226593017578,13.250325202941895,82.447006225585938,1,0,0,0
583,496,54.809928894042969,55,39.92022705078125,49.92022705078125,13.200325012207031,82.4476089477539,1,0,0,0
584,497,54.828323364257813,55,39.940227508544922,49.940227508544922,13.150324821472168,82.448204040527344,1,0,0,0
585,498,54.846752166748047,55,39.960227966308594,49.960227966308594,13.100324630737305,82.448806762695313,1,0,0,0
586,499,54.865215301513672,55,39.980228424072266,49.980228424072266,13.050324440002441,82.449409484863281,1,0,0,0
587,500,54.883716583251953,55,40.000228881835938,50.000228881835938,13.000324249267578,82.450004577636719,1,0,0,0
588,501,54.902252197265625,55,40.020229339599609,50.020229339599609,12.950324058532715,82.450607299804688,1,0,0,0
589,502,54.920822143554688,55,40.040229797363281,50.040229797363281,12.900323867797852,82.451210021972656,1,0,0,0
590,503,54.939426422119141,55,40.060230255126953,50.060230255126953,12.850323677062988,82.4518051147461,1,0,0,0
591,504,54.958065032958984,55,40.080230712890625,50.080230712890625,12.800323486328125,82.452407836914063,1,0,0,0
592,505,54.976741790771484,55,40.1002311706543,50.1002311706543,12.750323295593262,82.453010559082031,1,0,0,0
593,506,54.995452880859375,55,40.120231628417969,50.120231628417969,12.700323104858398,82.453605651855469,1,0,0,0
594,507,55.014198303222656,55,40.140232086181641,50.140232086181641,12.650322914123535,82.454208374023438,1,0,0,0
595,508,55.032928466796875,55,40.160232543945313,50.160232543945313,12.700323104858398,82.454803466796875,1,0,0,0
596,509,55.051643371582031,55,40.180233001708984,50.180233001708984,12.750323295593262,82.455406188964844,1,0,0,0
597,510,55.070343017578125,55,40.200233459472656,50.200233459472656,12.800323486328125,82.456008911132813,1,0,0,0
598,511,55.089027404785156,55,40.220233917236328,50.220233917236328,12.850323677062988,82.45660400390625,1,0,0,0
599,512,55.107696533203125,55,40.240234375,50.240234375,12.900323867797852,82.457206726074219,1,0,0,0
600,513,55.126350402832031,55,40.260234832763672,50.260234832763672,12.950324058532715,82.457809448242188,1,0,0,0
601,514,55.144989013671875,55,40.280235290527344,50.280235290527344,13.000324249267578,82.458404541015625,1,0,0,0
602,515,55.163612365722656,55,40.300235748291016,50.300235748291016,13.050324440002441,82.4590072631836,1,0,0,0
603,516,55.182220458984375,55,40.320236206054688,50.320236206054688,13.100324630737305,82.459609985351563,1,0,0,0
604,517,55.2008171081543,55,40.340236663818359,50.340236663818359,13.150324821472168,82.460205078125,1,0,0,0
605,518,55.219398498535156,55,40.360237121582031,50.360237121582031,13.200325012207031,82.460807800292969,1,0,0,0
606,519,55.237964630126953,55,40.3802375793457,50.3802375793457,13.250325202941895,82.461410522460938,1,0,0,0
607,520,55.256515502929688,55,40.400238037109375,50.400238037109375,13.300325393676758,82.462005615234375,1,0,0,0
608,521,55.275051116943359,55,40.420238494873047,50.420238494873047,13.350325584411621,82.462608337402344,1,0,0,0
609,522,55.293571472167969,55,40.440238952636719,50.440238952636719,13.400325775146484,82.463203430175781,1,0,0,0
610,523,55.312076568603516,55,40.460239410400391,50.460239410400391,13.450325965881348,82.46380615234375,1,0,0,0
611,524,55.33056640625,55,40.480239868164063,50.480239868164063,13.500326156616211,82.464408874511719,1,0,0,0
612,525,55.349040985107422,55,40.500240325927734,50.500240325927734,13.550326347351074,82.465003967285156,1,0,0,0
613,526,55.367500305175781,55,40.520240783691406,50.520240783691406,13.600326538085938,82.465606689453125,1,0,0,0
614,527,55.385944366455078,55,40.540241241455078,50.540241241455078,13.6503267288208,82.4662094116211,1,0,0,0
615,528,55.404373168945313,55,40.56024169921875,50.56024169921875,13.700326919555664,82.466804504394531,1,0,0,0
616,529,55.422786712646484,55,40.580242156982422,50.580242156982422,13.750327110290527,82.4674072265625,1,0,0,0
617,530,55.441184997558594,55,40.600242614746094,50.600242614746094,13.800327301025391,82.468009948730469,1,0,0,0
618,531,55.459571838378906,55,40.620243072509766,50.620243072509766,13.850327491760254,82.4686050415039,1,0,0,0
619,532,55.477943420410156,55,40.640243530273438,50.640243530273438,13.900327682495117,82.469207763671875,1,0,0,0
620,533,55.496299743652344,55,40.660243988037109,50.660243988037109,13.95032787322998,82.469810485839844,1,0,0,0
621,534,55.514640808105469,55,40.680244445800781,50.680244445800781,14.000328063964844,82.470405578613281,1,0,0,0
622,535,55.532966613769531,55,40.700244903564453,50.700244903564453,14.050328254699707,82.47100830078125,1,0,0,0
623,536,55.551277160644531,55,40.720245361328125,50.720245361328125,14.10032844543457,82.471611022949219,1,0,0,0
624,537,55.569572448730469,55,40.7402458190918,50.7402458190918,14.150328636169434,82.472206115722656,1,0,0,0
625,538,55.587852478027344,55,40.760246276855469,50.760246276855469,14.200328826904297,82.472808837890625,1,0,0,0
626,539,55.606117248535156,55,40.780246734619141,50.780246734619141,14.25032901763916,82.473403930664063,1,0,0,0
627,540,55.624366760253906,55,40.800247192382813,50.800247192382813,14.300329208374023,82.474006652832031,1,0,0,0
628,541,55.642601013183594,55,40.820247650146484,50.820247650146484,14.350329399108887,82.474609375,1,0,0,0
629,542,55.660820007324219,55,40.840248107910156,50.840248107910156,14.40032958984375,82.475204467773438,1,0,0,0
630,543,55.679023742675781,55,40.860248565673828,50.860248565673828,14.450329780578613,82.4758071899414,1,0,0,0
631,544,55.697212219238281,55,40.8802490234375,50.8802490234375,14.500329971313477,82.476409912109375,1,0,0,0
632,545,55.715385437011719,55,40.900249481201172,50.900249481201172,14.55033016204834,82.477005004882813,1,0,0,0
633,546,55.733547210693359,55,40.920249938964844,50.920249938964844,14.600330352783203,82.477607727050781,1,0,0,0
634,547,55.751693725585938,55,40.940250396728516,50.940250396728516,14.650330543518066,82.47821044921875,1,0,0,0
635,548,55.769824981689453,55,40.960250854492188,50.960250854492188,14.70033073425293,82.478805541992188,1,0,0,0
636,549,55.787940979003906,55,40.980251312255859,50.980251312255859,14.750330924987793,82.479408264160156,1,0,0,0
637,550,55.8060417175293,55,41.000251770019531,51.000251770019531,14.800331115722656,82.480010986328125,1,0,0,0
638,551,55.824127197265625,55,41.0202522277832,51.0202522277832,14.85033130645752,82.480606079101563,1,0,0,0
639,552,55.842197418212891,55,41.040252685546875,51.040252685546875,14.900331497192383,82.481208801269531,1,0,0,0
640,553,55.860252380371094,55,41.060253143310547,51.060253143310547,14.950331687927246,82.481803894042969,1,0,0,0
641,554,55.878292083740234,55,41.080253601074219,51.080253601074219,15.000331878662109,82.482406616210938,1,0,0,0
642,555,55.896316528320313,55,41.100254058837891,51.100254058837891,15.050332069396973,82.4830093383789,1,0,0,0
643,556,55.914325714111328,55,41.120254516601563,51.120254516601563,15.100332260131836,82.483604431152344,1,0,0,0
644,557,55.932319641113281,55,41.140254974365234,51.140254974365234,15.1503324508667,82.484207153320313,1,0,0,0
645,558,55.950298309326172,55,41.160255432128906,51.160255432128906,15.200332641601563,82.484809875488281,1,0,0,0
646,559,55.96826171875,55,41.180255889892578,51.180255889892578,15.250332832336426,82.485404968261719,1,0,0,0
647,560,55.986209869384766,55,41.20025634765625,51.20025634765625,15.300333023071289,82.486007690429688,1,0,0,0
648,561,56.004146575927734,55,41.220256805419922,51.220256805419922,15.350333213806152,82.486610412597656,1,0,0,0
649,562,56.022068023681641,55,41.240257263183594,51.240257263183594,15.400333404541016,82.4872055053711,1,0,0,0
650,563,56.039974212646484,55,41.260257720947266,51.260257720947266,15.450333595275879,82.487808227539063,1,0,0,0
651,564,56.057865142822266,55,41.280258178710938,51.280258178710938,15.500333786010742,82.488410949707031,1,0,0,0
652,565,56.075740814208984,55,41.300258636474609,51.300258636474609,15.550333976745605,82.489006042480469,1,0,0,0
653,566,56.093601226806641,55,41.320259094238281,51.320259094238281,15.600334167480469,82.489608764648438,1,0,0,0
654,567,56.111446380615234,55,41.340259552001953,51.340259552001953,15.650334358215332,82.4902114868164,1,0,0,0
655,568,56.129276275634766,55,41.360260009765625,51.360260009765625,15.700334548950195,82.490806579589844,1,0,0,0
656,569,56.147090911865234,55,41.3802604675293,51.3802604675293,15.750334739685059,82.491409301757813,1,0,0,0
657,570,56.164890289306641,55,41.400260925292969,51.400260925292969,15.800334930419922,82.49200439453125,1,0,0,0
658,571,56.182674407958984,55,41.420261383056641,51.420261383056641,15.850335121154785,82.492607116699219,1,0,0,0
659,572,56.200443267822266,55,41.440261840820313,51.440261840820313,15.900335311889648,82.493209838867188,1,0,0,0
660,573,56.218196868896484,55,41.460262298583984,51.460262298583984,15.950335502624512,82.493804931640625,1,0,0,0
661,574,56.235935211181641,55,41.480262756347656,51.480262756347656,16.000335693359375,82.4944076538086,1,0,0,0
662,575,56.253658294677734,55,41.500263214111328,51.500263214111328,16.050334930419922,82.495010375976563,1,0,0,0
663,576,56.271369934082031,55,41.520263671875,51.520263671875,16.100334167480469,82.49560546875,1,0,0,0
664,577,56.289066314697266,55,41.540264129638672,51.540264129638672,16.150333404541016,82.496208190917969,1,0,0,0
665,578,56.306747436523438,55,41.560264587402344,51.560264587402344,16.200332641601563,82.496810913085938,1,0,0,0
666,579,56.324413299560547,55,41.580265045166016,51.580265045166016,16.250331878662109,82.497406005859375,1,0,0,0
667,580,56.342063903808594,55,41.600265502929688,51.600265502929688,16.300331115722656,82.498008728027344,1,0,0,0
668,581,56.359699249267578,55,41.620265960693359,51.620265960693359,16.350330352783203,82.498611450195313,1,0,0,0
669,582,56.3773193359375,55,41.640266418457031,51.640266418457031,16.40032958984375,82.49920654296875,1,0,0,0
670,583,56.394924163818359,55,41.6602668762207,51.6602668762207,16.450328826904297,82.499809265136719,1,0,0,0
671,584,56.412513732910156,55,41.680267333984375,51.680267333984375,16.500328063964844,82.500404357910156,1,0,0,0
672,585,56.430088043212891,55,41.700267791748047,51.700267791748047,16.550327301025391,82.501007080078125,1,0,0,0
673,586,56.447647094726563,55,41.720268249511719,51.720268249511719,16.600326538085938,82.5016098022461,1,0,0,0
674,587,56.465190887451172,55,41.740268707275391,51.740268707275391,16.650325775146484,82.502204895019531,1,0,0,0
675,588,56.482719421386719,55,41.760269165039063,51.760269165039063,16.700325012207031,82.5028076171875,1,0,0,0
676,589,56.5002326965332,55,41.780269622802734,51.780269622802734,16.750324249267578,82.503410339355469,1,0,0,0
677,590,56.517734527587891,55,41.800270080566406,51.800270080566406,16.800323486328125,82.5040054321289,1,0,0,0
678,591,56.535221099853516,55,41.820270538330078,51.820270538330078,16.850322723388672,82.504608154296875,1,0,0,0
679,592,56.552692413330078,55,41.84027099609375,51.84027099609375,16.900321960449219,82.505210876464844,1,0,0,0
680,593,56.570148468017578,55,41.860271453857422,51.860271453857422,16.950321197509766,82.505805969238281,1,0,0,0
681,594,56.587589263916016,55,41.880271911621094,51.880271911621094,17.000320434570313,82.50640869140625,1,0,0,0
682,595,56.605014801025391,55,41.900272369384766,51.900272369384766,17.050319671630859,82.507011413574219,1,0,0,0
683,596,56.6224250793457,55,41.920272827148438,51.920272827148438,17.100318908691406,82.507606506347656,1,0,0,0
684,597,56.639820098876953,55,41.940273284912109,51.940273284912109,17.150318145751953,82.508209228515625,1,0,0,0
685,598,56.657199859619141,55,41.960273742675781,51.960273742675781,17.2003173828125,82.5088119506836,1,0,0,0
686,599,56.674564361572266,55,41.980274200439453,51.980274200439453,17.250316619873047,82.509407043457031,1,0,0,0
687,600,56.691913604736328,55,42.000274658203125,52.000274658203125,17.300315856933594,82.510009765625,1,0,0,0
688,601,56.709247589111328,55,42.0202751159668,52.0202751159668,17.350315093994141,82.510604858398438,1,0,0,0
689,602,56.726566314697266,55,42.040275573730469,52.040275573730469,17.400314331054688,82.5112075805664,1,0,0,0
690,603,56.743869781494141,55,42.060276031494141,52.060276031494141,17.450313568115234,82.511810302734375,1,0,0,0
691,604,56.761157989501953,55,42.080276489257813,52.080276489257813,17.500312805175781,82.512405395507813,1,0,0,0
692,605,56.778434753417969,55,42.100276947021484,52.100276947021484,17.550312042236328,82.513008117675781,1,0,0,0
693,606,56.795696258544922,55,42.120277404785156,52.120277404785156,17.600311279296875,82.51361083984375,1,0,0,0
694,607,56.812942504882813,55,42.140277862548828,52.140277862548828,17.650310516357422,82.514205932617188,1,0,0,0
695,608,56.830173492431641,55,42.1602783203125,52.1602783203125,17.700309753417969,82.514808654785156,1,0,0,0
696,609,56.847389221191406,55,42.180278778076172,52.180278778076172,17.750308990478516,82.515411376953125,1,0,0,0
697,610,56.864589691162109,55,42.200279235839844,52.200279235839844,17.800308227539063,82.516006469726563,1,0,0,0
698,611,56.88177490234375,55,42.220279693603516,52.220279693603516,17.850307464599609,82.516609191894531,1,0,0,0
699,612,56.898944854736328,55,42.240280151367188,52.240280151367188,17.900306701660156,82.5172119140625,1,0,0,0
700,613,56.916099548339844,55,42.260280609130859,52.260280609130859,17.950305938720703,82.517807006835938,1,0,0,0
701,614,56.9332389831543,55,42.280281066894531,52.280281066894531,18.00030517578125,82.5184097290039,1,0,0,0
702,615,56.950363159179688,55,42.3002815246582,52.3002815246582,18.050304412841797,82.519004821777344,1,0,0,0
703,616,56.967472076416016,55,42.320281982421875,52.320281982421875,18.100303649902344,82.519607543945313,1,0,0,0
704,617,56.984565734863281,55,42.340282440185547,52.340282440185547,18.150302886962891,82.520210266113281,1,0,0,0
705,618,57.001644134521484,55,42.360282897949219,52.360282897949219,18.200302124023438,82.520805358886719,1,0,0,0
706,619,57.018707275390625,55,42.380283355712891,52.380283355712891,18.250301361083984,82.521408081054688,1,0,0,0
707,620,57.035758972167969,55,42.400283813476563,52.400283813476563,18.300300598144531,82.522010803222656,1,0,0,0
708,621,57.05279541015625,55,42.420284271240234,52.420284271240234,18.350299835205078,82.5226058959961,1,0,0,0
709,622,57.069816589355469,55,42.440284729003906,52.440284729003906,18.400299072265625,82.523208618164063,1,0,0,0
710,623,57.086822509765625,55,42.460285186767578,52.460285186767578,18.450298309326172,82.523811340332031,1,0,0,0
711,624,57.103813171386719,55,42.48028564453125,52.48028564453125,18.500297546386719,82.524406433105469,1,0,0,0
712,625,57.12078857421875,55,42.500286102294922,52.500286102294922,18.550296783447266,82.525009155273438,1,0,0,0
713,626,57.137748718261719,55,42.520286560058594,52.520286560058594,18.600296020507813,82.5256118774414,1,0,0,0
714,627,57.154693603515625,55,42.540287017822266,52.540287017822266,18.650295257568359,82.526206970214844,1,0,0,0
715,628,57.171623229980469,55,42.560287475585938,52.560287475585938,18.700294494628906,82.526809692382813,1,0,0,0
716,629,57.18853759765625,55,42.580287933349609,52.580287933349609,18.750293731689453,82.52740478515625,1,0,0,0
717,630,57.205436706542969,55,42.600288391113281,52.600288391113281,18.80029296875,82.528007507324219,1,0,0,0
718,631,57.222320556640625,55,42.620288848876953,52.620288848876953,18.850292205810547,82.528610229492188,1,0,0,0
719,632,57.239189147949219,55,42.640289306640625,52.640289306640625,18.900291442871094,82.529205322265625,1,0,0,0
720,633,57.25604248046875,55,42.6602897644043,52.6602897644043,18.950290679931641,82.5298080444336,1,0,0,0
721,634,57.272884368896484,55,42.680290222167969,52.680290222167969,19.000289916992188,82.530410766601563,1,0,0,0
722,635,57.289710998535156,55,42.700290679931641,52.700290679931641,19.050289154052734,82.531005859375,1,0,0,0
723,636,57.306522369384766,55,42.720291137695313,52.720291137695313,19.100288391113281,82.531608581542969,1,0,0,0
724,637,57.323318481445313,55,42.740291595458984,52.740291595458984,19.150287628173828,82.532211303710938,1,0,0,0
725,638,57.3400993347168,55,42.760292053222656,52.760292053222656,19.200286865234375,82.532806396484375,1,0,0,0
726,639,57.356864929199219,55,42.780292510986328,52.780292510986328,19.250286102294922,82.533409118652344,1,0,0,0
727,640,57.373615264892578,55,42.80029296875,52.80029296875,19.300285339355469,82.534011840820313,1,0,0,0
728,641,57.390350341796875,55,42.820293426513672,52.820293426513672,19.350284576416016,82.53460693359375,1,0,0,0
729,642,57.407070159912109,55,42.840293884277344,52.840293884277344,19.400283813476563,82.535209655761719,1,0,0,0
730,643,57.423774719238281,55,42.860294342041016,52.860294342041016,19.450283050537109,82.535812377929688,1,0,0,0
731,644,57.440464019775391,55,42.880294799804688,52.880294799804688,19.500282287597656,82.536407470703125,1,0,0,0
732,645,57.457138061523438,55,42.900295257568359,52.900295257568359,19.550281524658203,82.5370101928711,1,0,0,0
733,646,57.473796844482422,55,42.920295715332031,52.920295715332031,19.60028076171875,82.537605285644531,1,0,0,0
734,647,57.490440368652344,55,42.9402961730957,52.9402961730957,19.650279998779297,82.5382080078125,1,0,0,0
735,648,57.5070686340332,55,42.960296630859375,52.960296630859375,19.700279235839844,82.538810729980469,1,0,0,0
736,649,57.523685455322266,55,42.980297088623047,52.980297088623047,19.750278472900391,82.5394058227539,1,0,0,0
737,650,57.540287017822266,55,43.000297546386719,53.000297546386719,19.800277709960938,82.540008544921875,1,0,0,0
738,651,57.5568733215332,55,43.020298004150391,53.020298004150391,19.850276947021484,82.540611267089844,1,0,0,0
739,652,57.573444366455078,55,43.040298461914063,53.040298461914063,19.900276184082031,82.541206359863281,1,0,0,0
740,653,57.590000152587891,55,43.060298919677734,53.060298919677734,19.950275421142578,82.54180908203125,1,0,0,0
741,654,57.606540679931641,55,43.080299377441406,53.080299377441406,20.000274658203125,82.542411804199219,1,0,0,0
742,655,57.623065948486328,55,43.100299835205078,53.100299835205078,20.050273895263672,82.543006896972656,1,0,0,0
743,656,57.639575958251953,55,43.12030029296875,53.12030029296875,20.100273132324219,82.543609619140625,1,0,0,0
744,657,57.656070709228516,55,43.140300750732422,53.140300750732422,20.150272369384766,82.5442123413086,1,0,0,0
745,658,57.672550201416016,55,43.160301208496094,53.160301208496094,20.200271606445313,82.544807434082031,1,0,0,0
746,659,57.689014434814453,55,43.180301666259766,53.180301666259766,20.250270843505859,82.54541015625,1,0,0,0
747,660,57.705463409423828,55,43.200302124023438,53.200302124023438,20.300270080566406,82.546005249023438,1,0,0,0
748,661,57.721897125244141,55,43.220302581787109,53.220302581787109,20.350269317626953,82.5466079711914,1,0,0,0
749,662,57.738315582275391,55,43.240303039550781,53.240303039550781,20.4002685546875,82.547210693359375,1,0,0,0
750,663,57.754718780517578,55,43.260303497314453,53.260303497314453,20.450267791748047,82.547805786132813,1,0,0,0
751,664,57.771110534667969,55,43.280303955078125,53.280303955078125,20.500267028808594,82.548408508300781,1,0,0,0
752,665,57.7874870300293,55,43.3003044128418,53.3003044128418,20.550266265869141,82.54901123046875,1,0,0,0
753,666,57.803848266601563,55,43.320304870605469,53.320304870605469,20.600265502929688,82.549606323242188,1,0,0,0
754,667,57.820194244384766,55,43.340305328369141,53.340305328369141,20.650264739990234,82.550209045410156,1,0,0,0
755,668,57.836524963378906,55,43.360305786132813,53.360305786132813,20.700263977050781,82.550811767578125,1,0,0,0
756,669,57.852840423583984,55,43.380306243896484,53.380306243896484,20.750263214111328,82.551406860351563,1,0,0,0
757,670,57.869140625,55,43.400306701660156,53.400306701660156,20.800262451171875,82.552009582519531,1,0,0,0
758,671,57.885425567626953,55,43.420307159423828,53.420307159423828,20.850261688232422,82.5526123046875,1,0,0,0
759,672,57.901695251464844,55,43.4403076171875,53.4403076171875,20.900260925292969,82.553207397460938,1,0,0,0
760,673,57.917949676513672,55,43.460308074951172,53.460308074951172,20.950260162353516,82.5538101196289,1,0,0,0
761,674,57.934188842773438,55,43.480308532714844,53.480308532714844,21.000259399414063,82.554412841796875,1,0,0,0
762,675,57.950412750244141,55,43.500308990478516,53.500308990478516,21.050258636474609,82.555007934570313,1,0,0,0
763,676,57.966621398925781,55,43.520309448242188,53.520309448242188,21.100257873535156,82.555610656738281,1,0,0,0
764,677,57.982814788818359,55,43.540309906005859,53.540309906005859,21.150257110595703,82.556205749511719,1,0,0,0
765,678,57.998992919921875,55,43.560310363769531,53.560310363769531,21.20025634765625,82.556808471679688,1,0,0,0
766,679,58.015159606933594,55,43.5803108215332,53.5803108215332,21.250255584716797,82.557411193847656,1,0,0,0
767,680,58.03131103515625,55,43.600311279296875,53.600311279296875,21.300254821777344,82.5580062866211,1,0,0,0
768,681,58.047447204589844,55,43.620311737060547,53.620311737060547,21.350254058837891,82.558609008789063,1,0,0,0
769,682,58.063568115234375,55,43.640312194824219,53.640312194824219,21.400253295898438,82.559211730957031,1,0,0,0
770,683,58.079673767089844,55,43.660312652587891,53.660312652587891,21.450252532958984,82.559806823730469,1,0,0,0
771,684,58.09576416015625,55,43.680313110351563,53.680313110351563,21.500251770019531,82.560409545898438,1,0,0,0
772,685,58.111839294433594,55,43.700313568115234,53.700313568115234,21.550251007080078,82.5610122680664,1,0,0,0
773,686,58.127899169921875,55,43.720314025878906,53.720314025878906,21.600250244140625,82.561607360839844,1,0,0,0
774,687,58.143943786621094,55,43.740314483642578,53.740314483642578,21.650249481201172,82.562210083007813,1,0,0,0
775,688,58.15997314453125,55,43.76031494140625,53.76031494140625,21.700248718261719,82.562812805175781,1,0,0,0
776,689,58.175987243652344,55,43.780315399169922,53.780315399169922,21.750247955322266,82.563407897949219,1,0,0,0
777,690,58.191986083984375,55,43.800315856933594,53.800315856933594,21.800247192382813,82.564010620117188,1,0,0,0
778,691,58.207969665527344,55,43.820316314697266,53.820316314697266,21.850246429443359,82.564605712890625,1,0,0,0
779,692,58.22393798828125,55,43.840316772460938,53.840316772460938,21.900245666503906,82.5652084350586,1,0,0,0
780,693,58.239894866943359,55,43.860317230224609,53.860317230224609,21.950244903564453,82.565811157226563,1,0,0,0
781,694,58.255836486816406,55,43.880317687988281,53.880317687988281,22.000244140625,82.56640625,1,0,0,0
782,695,58.271762847900391,55,43.900318145751953,53.900318145751953,22.050243377685547,82.567008972167969,1,0,0,0
783,696,58.287673950195313,55,43.920318603515625,53.920318603515625,22.100242614746094,82.567611694335938,1,0,0,0
784,697,58.303569793701172,55,43.9403190612793,53.9403190612793,22.150241851806641,82.568206787109375,1,0,0,0
785,698,58.319450378417969,55,43.960319519042969,53.960319519042969,22.200241088867188,82.568809509277344,1,0,0,0
786,699,58.3353157043457,55,43.980319976806641,53.980319976806641,22.250240325927734,82.569412231445313,1,0,0,0
787,700,58.351165771484375,55,44.000320434570313,54.000320434570313,22.300239562988281,82.57000732421875,1,0,0,0
788,701,58.367000579833984,55,44.020320892333984,54.020320892333984,22.350238800048828,82.570610046386719,1,0,0,0
789,702,58.382820129394531,55,44.040321350097656,54.040321350097656,22.400238037109375,82.571212768554688,1,0,0,0
790,703,58.398624420166016,55,44.060321807861328,54.060321807861328,22.450237274169922,82.571807861328125,1,0,0,0
791,704,58.414413452148438,55,44.080322265625,54.080322265625,22.500236511230469,82.5724105834961,1,0,0,0
792,705,58.4301872253418,55,44.100322723388672,54.100322723388672,22.550235748291016,82.573013305664063,1,0,0,0
793,706,58.445945739746094,55,44.120323181152344,54.120323181152344,22.600234985351563,82.5736083984375,1,0,0,0
794,707,58.461688995361328,55,44.140323638916016,54.140323638916016,22.650234222412109,82.574211120605469,1,0,0,0
795,708,58.477420806884766,55,44.160324096679688,54.160324096679688,22.700233459472656,82.5748062133789,1,0,0,0
796,709,58.493137359619141,55,44.180324554443359,54.180324554443359,22.750232696533203,82.575408935546875,1,0,0,0
797,710,58.508838653564453,55,44.200325012207031,54.200325012207031,22.80023193359375,82.576011657714844,1,0,0,0
798,711,58.5245246887207,55,44.2203254699707,54.2203254699707,22.850231170654297,82.576606750488281,1,0,0,0
799,712,58.540195465087891,55,44.240325927734375,54.240325927734375,22.900230407714844,82.57720947265625,1,0,0,0
800,713,58.555850982666016,55,44.260326385498047,54.260326385498047,22.950229644775391,82.577812194824219,1,0,0,0
801,714,58.571491241455078,55,44.280326843261719,54.280326843261719,23.000228881835938,82.578407287597656,1,0,0,0
802,715,58.587116241455078,55,44.300327301025391,54.300327301025391,23.050228118896484,82.579010009765625,1,0,0,0
803,716,58.602725982666016,55,44.320327758789063,54.320327758789063,23.100227355957031,82.5796127319336,1,0,0,0
804,717,58.618320465087891,55,44.340328216552734,54.340328216552734,23.150226593017578,82.580207824707031,1,0,0,0
805,718,58.6338996887207,55,44.360328674316406,54.360328674316406,23.200225830078125,82.580810546875,1,0,0,0
806,719,58.649463653564453,55,44.380329132080078,54.380329132080078,23.250225067138672,82.581413269042969,1,0,0,0
807,720,58.665012359619141,55,44.40032958984375,54.40032958984375,23.300224304199219,82.5820083618164,1,0,0,0
808,721,58.680545806884766,55,44.420330047607422,54.420330047607422,23.350223541259766,82.582611083984375,1,0,0,0
809,722,58.696063995361328,55,44.440330505371094,54.440330505371094,23.400222778320313,82.583206176757813,1,0,0,0
810,723,58.711570739746094,55,44.460330963134766,54.460330963134766,23.450222015380859,82.583808898925781,1,0,0,0
811,724,58.7270622253418,55,44.480331420898438,54.480331420898438,23.500221252441406,82.58441162109375,1,0,0,0
812,725,58.742538452148438,55,44.500331878662109,54.500331878662109,23.550220489501953,82.585006713867188,1,0,0,0
813,726,58.757999420166016,55,44.520332336425781,54.520332336425781,23.6002197265625,82.585609436035156,1,0,0,0
814,727,58.773445129394531,55,44.540332794189453,54.540332794189453,23.650218963623047,82.586212158203125,1,0,0,0
815,728,58.788875579833984,55,44.560333251953125,54.560333251953125,23.700218200683594,82.586807250976563,1,0,0,0
816,729,58.804290771484375,55,44.5803337097168,54.5803337097168,23.750217437744141,82.587409973144531,1,0,0,0
817,730,58.8196907043457,55,44.600334167480469,54.600334167480469,23.800216674804688,82.5880126953125,1,0,0,0
818,731,58.835075378417969,55,44.620334625244141,54.620334625244141,23.850215911865234,82.588607788085938,1,0,0,0
819,732,58.850444793701172,55,44.640335083007813,54.640335083007813,23.900215148925781,82.5892105102539,1,0,0,0
820,733,58.865798950195313,55,44.660335540771484,54.660335540771484,23.950214385986328,82.589813232421875,1,0,0,0
821,734,58.881137847900391,55,44.680335998535156,54.680335998535156,24.000213623046875,82.590408325195313,1,0,0,0
822,735,58.896461486816406,55,44.700336456298828,54.700336456298828,24.050212860107422,82.591011047363281,1,0,0,0
823,736,58.911769866943359,55,44.7203369140625,54.7203369140625,24.100212097167969,82.59161376953125,1,0,0,0
824,737,58.927066802978516,55,44.740337371826172,54.740337371826172,24.150211334228516,82.592208862304688,1,0,0,0
825,738,58.942348480224609,55,44.760337829589844,54.760337829589844,24.200210571289063,82.592811584472656,1,0,0,0
826,739,58.957614898681641,55,44.780338287353516,54.780338287353516,24.250209808349609,82.5934066772461,1,0,0,0
827,740,58.972866058349609,55,44.800338745117188,54.800338745117188,24.300209045410156,82.594009399414063,1,0,0,0
828,741,58.988101959228516,55,44.820339202880859,54.820339202880859,24.350208282470703,82.594612121582031,1,0,0,0
829,742,59.003322601318359,55,44.840339660644531,54.840339660644531,24.40020751953125,82.595207214355469,1,0,0,0
830,743,59.018527984619141,55,44.8603401184082,54.8603401184082,24.450206756591797,82.595809936523438,1,0,0,0
831,744,59.033718109130859,55,44.880340576171875,54.880340576171875,24.500205993652344,82.5964126586914,1,0,0,0
832,745,59.048892974853516,55,44.900341033935547,54.900341033935547,24.550205230712891,82.597007751464844,1,0,0,0
833,746,59.064052581787109,55,44.920341491699219,54.920341491699219,24.600204467773438,82.597610473632813,1,0,0,0
834,747,59.079196929931641,55,44.940341949462891,54.940341949462891,24.650203704833984,82.598213195800781,1,0,0,0
835,748,59.094326019287109,55,44.960342407226563,54.960342407226563,24.700202941894531,82.598808288574219,1,0,0,0
836,749,59.109439849853516,55,44.980342864990234,54.980342864990234,24.750202178955078,82.599411010742188,1,0,0,0
837,750,59.124538421630859,55,45.000343322753906,55.000343322753906,24.800201416015625,82.600013732910156,1,0,0,0
838,751,59.139621734619141,55,45.020343780517578,55.020343780517578,24.850200653076172,82.6006088256836,1,0,0,0
839,752,59.154693603515625,55,45.04034423828125,55.04034423828125,24.900199890136719,82.601211547851563,1,0,0,0
840,753,59.169750213623047,55,45.060344696044922,55.060344696044922,24.950199127197266,82.601806640625,1,0,0,0
841,754,59.184791564941406,55,45.080345153808594,55.080345153808594,25.000198364257813,82.602409362792969,1,0,0,0
842,755,59.1998176574707,55,45.100345611572266,55.100345611572266,25.050197601318359,82.603012084960938,1,0,0,0
843,756,59.214828491210938,55,45.120346069335938,55.120346069335938,25.100196838378906,82.603607177734375,1,0,0,0
844,757,59.229824066162109,55,45.140346527099609,55.140346527099609,25.150196075439453,82.604209899902344,1,0,0,0
845,758,59.244804382324219,55,45.160346984863281,55.160346984863281,25.2001953125,82.604812622070313,1,0,0,0
846,759,59.259769439697266,55,45.180347442626953,55.180347442626953,25.250194549560547,82.60540771484375,1,0,0,0
847,760,59.27471923828125,55,45.200347900390625,55.200347900390625,25.300193786621094,82.606010437011719,1,0,0,0
848,761,59.289653778076172,55,45.2203483581543,55.2203483581543,25.350193023681641,82.606613159179688,1,0,0,0
849,762,59.304573059082031,55,45.240348815917969,55.240348815917969,25.400192260742188,82.607208251953125,1,0,0,0
850,763,59.319477081298828,55,45.260349273681641,55.260349273681641,25.450191497802734,82.6078109741211,1,0,0,0
851,764,59.334365844726563,55,45.280349731445313,55.280349731445313,25.500190734863281,82.608413696289063,1,0,0,0
852,765,59.349239349365234,55,45.300350189208984,55.300350189208984,25.550189971923828,82.6090087890625,1,0,0,0
853,766,59.364097595214844,55,45.320350646972656,55.320350646972656,25.600189208984375,82.609611511230469,1,0,0,0
854,767,59.378944396972656,55,45.340351104736328,55.340351104736328,25.650188446044922,82.610214233398438,1,0,0,0
855,768,59.393775939941406,55,45.3603515625,55.3603515625,25.700187683105469,82.610809326171875,1,0,0,0
856,769,59.408592224121094,55,45.380352020263672,55.380352020263672,25.750186920166016,82.611412048339844,1,0,0,0
857,770,59.423393249511719,55,45.400352478027344,55.400352478027344,25.800186157226563,82.612007141113281,1,0,0,0
858,771,59.438179016113281,55,45.420352935791016,55.420352935791016,25.850185394287109,82.61260986328125,1,0,0,0
859,772,59.452949523925781,55,45.440353393554688,55.440353393554688,25.900184631347656,82.613212585449219,1,0,0,0
860,773,59.467704772949219,55,45.460353851318359,55.460353851318359,25.950183868408203,82.613807678222656,1,0,0,0
861,774,59.482444763183594,55,45.480354309082031,55.480354309082031,26.00018310546875,82.614410400390625,1,0,0,0
862,775,59.497169494628906,55,45.5003547668457,55.5003547668457,26.050182342529297,82.6150131225586,1,0,0,0
863,776,59.511878967285156,55,45.520355224609375,55.520355224609375,26.100181579589844,82.615608215332031,1,0,0,0
864,777,59.526573181152344,55,45.540355682373047,55.540355682373047,26.150180816650391,82.6162109375,1,0,0,0
865,778,59.541252136230469,55,45.560356140136719,55.560356140136719,26.200180053710938,82.616813659667969,1,0,0,0
866,779,59.555915832519531,55,45.580356597900391,55.580356597900391,26.250179290771484,82.6174087524414,1,0,0,0
867,780,59.570564270019531,55,45.600357055664063,55.600357055664063,26.300178527832031,82.618011474609375,1,0,0,0
868,781,59.585201263427734,55,45.620357513427734,55.620357513427734,26.350177764892578,82.618614196777344,1,0,0,0
869,782,59.599822998046875,55,45.640357971191406,55.640357971191406,26.400177001953125,82.619209289550781,1,0,0,0
870,783,59.614429473876953,55,45.660358428955078,55.660358428955078,26.450176239013672,82.61981201171875,1,0,0,0
871,784,59.629020690917969,55,45.68035888671875,55.68035888671875,26.500175476074219,82.620407104492188,1,0,0,0
872,785,59.643596649169922,55,45.700359344482422,55.700359344482422,26.550174713134766,82.621009826660156,1,0,0,0
873,786,59.658157348632813,55,45.720359802246094,55.720359802246094,26.600173950195313,82.621612548828125,1,0,0,0
874,787,59.672702789306641,55,45.740360260009766,55.740360260009766,26.650173187255859,82.622207641601563,1,0,0,0
875,788,59.687232971191406,55,45.760360717773438,55.760360717773438,26.700172424316406,82.622810363769531,1,0,0,0
876,789,59.701747894287109,55,45.780361175537109,55.780361175537109,26.750171661376953,82.6234130859375,1,0,0,0
877,790,59.71624755859375,55,45.800361633300781,55.800361633300781,26.8001708984375,82.624008178710938,1,0,0,0
878,791,59.730731964111328,55,45.820362091064453,55.820362091064453,26.850170135498047,82.6246109008789,1,0,0,0
879,792,59.745201110839844,55,45.840362548828125,55.840362548828125,26.900169372558594,82.625213623046875,1,0,0,0
880,793,59.7596549987793,55,45.8603630065918,55.8603630065918,26.950168609619141,82.625808715820313,1,0,0,0
881,794,59.774093627929688,55,45.880363464355469,55.880363464355469,27.000167846679688,82.626411437988281,1,0,0,0
882,795,59.788516998291016,55,45.900363922119141,55.900363922119141,27.050167083740234,82.62701416015625,1,0,0,0
883,796,59.802928924560547,55,45.920364379882813,55.920364379882813,27.100166320800781,82.627609252929688,1,0,0,0
884,797,59.817325592041016,55,45.940364837646484,55.940364837646484,27.150165557861328,82.628211975097656,1,0,0,0
885,798,59.831707000732422,55,45.960365295410156,55.960365295410156,27.200164794921875,82.628814697265625,1,0,0,0
886,799,59.846073150634766,55,45.980365753173828,55.980365753173828,27.250164031982422,82.629409790039063,1,0,0,0
887,800,59.860424041748047,55,46.0003662109375,56.0003662109375,27.300163269042969,82.630012512207031,1,0,0,0
888,801,59.874759674072266,55,46.020366668701172,56.020366668701172,27.350162506103516,82.630607604980469,1,0,0,0
889,802,59.889080047607422,55,46.040367126464844,56.040367126464844,27.400161743164063,82.631210327148438,1,0,0,0
890,803,59.903385162353516,55,46.060367584228516,56.060367584228516,27.450160980224609,82.6318130493164,1,0,0,0
891,804,59.917675018310547,55,46.080368041992188,56.080368041992188,27.500160217285156,82.632408142089844,1,0,0,0
892,805,59.931949615478516,55,46.100368499755859,56.100368499755859,27.550159454345703,82.633010864257813,1,0,0,0
893,806,59.946208953857422,55,46.120368957519531,56.120368957519531,27.60015869140625,82.633613586425781,1,0,0,0
894,807,59.960453033447266,55,46.1403694152832,56.1403694152832,27.650157928466797,82.634208679199219,1,0,0,0
895,808,59.974681854248047,55,46.160369873046875,56.160369873046875,27.700157165527344,82.634811401367188,1,0,0,0
896,809,59.988895416259766,55,46.180370330810547,56.180370330810547,27.750156402587891,82.635414123535156,1,0,0,0
897,810,60.003093719482422,55,46.200370788574219,56.200370788574219,27.800155639648438,82.6360092163086,1,0,0,0
898,811,60.017280578613281,55,46.220371246337891,56.220371246337891,27.850154876708984,82.636611938476563,1,0,0,0
899,812,60.031452178955078,55,46.240371704101563,56.240371704101563,27.900154113769531,82.637214660644531,1,0,0,0
900,813,60.045608520507813,55,46.260372161865234,56.260372161865234,27.950153350830078,82.637809753417969,1,0,0,0
901,814,60.059749603271484,55,46.280372619628906,56.280372619628906,28.000152587890625,82.638412475585938,1,0,0,0
902,815,60.073875427246094,55,46.300373077392578,56.300373077392578,28.050151824951172,82.639007568359375,1,0,0,0
903,816,60.087985992431641,55,46.32037353515625,56.32037353515625,28.100151062011719,82.639610290527344,1,0,0,0
904,817,60.102081298828125,55,46.340373992919922,56.340373992919922,28.150150299072266,82.640213012695313,1,0,0,0
905,818,60.116161346435547,55,46.360374450683594,56.360374450683594,28.200149536132813,82.64080810546875,1,0,0,0
906,819,60.130226135253906,55,46.380374908447266,56.380374908447266,28.250148773193359,82.641410827636719,1,0,0,0
907,820,60.1442756652832,55,46.400375366210938,56.400375366210938,28.300148010253906,82.642013549804688,1,0,0,0
908,821,60.158309936523438,55,46.420375823974609,56.420375823974609,28.350147247314453,82.642608642578125,1,0,0,0
909,822,60.172328948974609,55,46.440376281738281,56.440376281738281,28.400146484375,82.6432113647461,1,0,0,0
910,823,60.186332702636719,55,46.460376739501953,56.460376739501953,28.450145721435547,82.643814086914063,1,0,0,0
911,824,60.200321197509766,55,46.480377197265625,56.480377197265625,28.500144958496094,82.6444091796875,1,0,0,0
912,825,60.21429443359375,55,46.5003776550293,56.5003776550293,28.550144195556641,82.645011901855469,1,0,0,0
913,826,60.228256225585938,55,46.520378112792969,56.520378112792969,28.600143432617188,82.645614624023438,1,0,0,0
914,827,60.242202758789063,55,46.540378570556641,56.540378570556641,28.650142669677734,82.646209716796875,1,0,0,0
915,828,60.256134033203125,55,46.560379028320313,56.560379028320313,28.700141906738281,82.646812438964844,1,0,0,0
916,829,60.270050048828125,55,46.580379486083984,56.580379486083984,28.750141143798828,82.647415161132813,1,0,0,0
917,830,60.283950805664063,55,46.600379943847656,56.600379943847656,28.800140380859375,82.64801025390625,1,0,0,0
918,831,60.297836303710938,55,46.620380401611328,56.620380401611328,28.850139617919922,82.648612976074219,1,0,0,0
919,832,60.31170654296875,55,46.640380859375,56.640380859375,28.900138854980469,82.649208068847656,1,0,0,0
920,833,60.3255615234375,55,46.660381317138672,56.660381317138672,28.950138092041016,82.649810791015625,1,0,0,0
921,834,60.339401245117188,55,46.680381774902344,56.680381774902344,29.000137329101563,82.6504135131836,1,0,0,0
922,835,60.353225708007813,55,46.700382232666016,56.700382232666016,29.050136566162109,82.651008605957031,1,0,0,0
923,836,60.367034912109375,55,46.720382690429688,56.720382690429688,29.100135803222656,82.651611328125,1,0,0,0
924,837,60.380828857421875,55,46.740383148193359,56.740383148193359,29.150135040283203,82.652214050292969,1,0,0,0
925,838,60.394607543945313,55,46.760383605957031,56.760383605957031,29.20013427734375,82.6528091430664,1,0,0,0
926,839,60.408370971679688,55,46.7803840637207,56.7803840637207,29.250133514404297,82.653411865234375,1,0,0,0
927,840,60.422122955322266,55,46.800384521484375,56.800384521484375,29.300132751464844,82.654014587402344,1,0,0,0
928,841,60.435859680175781,55,46.820384979248047,56.820384979248047,29.350131988525391,82.654609680175781,1,0,0,0
929,842,60.449581146240234,55,46.840385437011719,56.840385437011719,29.400131225585938,82.65521240234375,1,0,0,0
930,843,60.463287353515625,55,46.860385894775391,56.860385894775391,29.450130462646484,82.655815124511719,1,0,0,0
931,844,60.476978302001953,55,46.880386352539063,56.880386352539063,29.500129699707031,82.656410217285156,1,0,0,0
932,845,60.490653991699219,55,46.900386810302734,56.900386810302734,29.550128936767578,82.657012939453125,1,0,0,0
933,846,60.504314422607422,55,46.920387268066406,56.920387268066406,29.600128173828125,82.657608032226563,1,0,0,0
934,847,60.517959594726563,55,46.940387725830078,56.940387725830078,29.650127410888672,82.658210754394531,1,0,0,0
935,848,60.531589508056641,55,46.96038818359375,56.96038818359375,29.700126647949219,82.6588134765625,1,0,0,0
936,849,60.545204162597656,55,46.980388641357422,56.980388641357422,29.750125885009766,82.659408569335938,1,0,0,0
937,850,60.558803558349609,55,47.000389099121094,57.000389099121094,29.800125122070313,82.6600112915039,1,0,0,0
938,851,60.5723876953125,55,47.020389556884766,57.020389556884766,29.850124359130859,82.660614013671875,1,0,0,0
939,852,60.585956573486328,55,47.040390014648438,57.040390014648438,29.900123596191406,82.661209106445313,1,0,0,0
940,853,60.599510192871094,55,47.060390472412109,57.060390472412109,29.950122833251953,82.661811828613281,1,0,0,0
941,854,60.6130485534668,55,47.080390930175781,57.080390930175781,30.0001220703125,82.66241455078125,1,0,0,0
942,855,60.6265754699707,55,47.100391387939453,57.100391387939453,30.050121307373047,82.663009643554688,1,0,0,0
943,856,60.640087127685547,55,47.120391845703125,57.120391845703125,30.100120544433594,82.663612365722656,1,0,0,0
944,857,60.653583526611328,55,47.1403923034668,57.1403923034668,30.150119781494141,82.664215087890625,1,0,0,0
945,858,60.667064666748047,55,47.160392761230469,57.160392761230469,30.200119018554688,82.664810180664063,1,0,0,0
946,859,60.6805305480957,55,47.180393218994141,57.180393218994141,30.250118255615234,82.665412902832031,1,0,0,0
947,860,60.6939811706543,55,47.200393676757813,57.200393676757813,30.300117492675781,82.666015625,1,0,0,0
948,861,60.707416534423828,55,47.220394134521484,57.220394134521484,30.350116729736328,82.666610717773438,1,0,0,0
949,862,60.7208366394043,55,47.240394592285156,57.240394592285156,30.400115966796875,82.6672134399414,1,0,0,0
950,863,60.7342414855957,55,47.260395050048828,57.260395050048828,30.450115203857422,82.667808532714844,1,0,0,0
951,864,60.747631072998047,55,47.2803955078125,57.2803955078125,30.500114440917969,82.668411254882813,1,0,0,0
952,865,60.761005401611328,55,47.300395965576172,57.300395965576172,30.550113677978516,82.669013977050781,1,0,0,0
953,866,60.774364471435547,55,47.320396423339844,57.320396423339844,30.600112915039063,82.669609069824219,1,0,0,0
954,867,60.7877082824707,55,47.340396881103516,57.340396881103516,30.650112152099609,82.670211791992188,1,0,0,0
955,868,60.8010368347168,55,47.360397338867188,57.360397338867188,30.700111389160156,82.670814514160156,1,0,0,0
956,869,60.814350128173828,55,47.380397796630859,57.380397796630859,30.750110626220703,82.6714096069336,1,0,0,0
957,870,60.827651977539063,55,47.400398254394531,57.400398254394531,30.80010986328125,82.672012329101563,1,0,0,0
958,871,60.840938568115234,55,47.4203987121582,57.4203987121582,30.850109100341797,82.672615051269531,1,0,0,0
959,872,60.854209899902344,55,47.440399169921875,57.440399169921875,30.900108337402344,82.673210144042969,1,0,0,0
960,873,60.867465972900391,55,47.460399627685547,57.460399627685547,30.950107574462891,82.673812866210938,1,0,0,0
961,874,60.880706787109375,55,47.480400085449219,57.480400085449219,31.000106811523438,82.6744155883789,1,0,0,0
962,875,60.8939323425293,55,47.500400543212891,57.500400543212891,31.050106048583984,82.675010681152344,1,0,0,0
963,876,60.907142639160156,55,47.520401000976563,57.520401000976563,31.100105285644531,82.675613403320313,1,0,0,0
964,877,60.920337677001953,55,47.540401458740234,57.540401458740234,31.150104522705078,82.67620849609375,1,0,0,0
965,878,60.933517456054688,55,47.560401916503906,57.560401916503906,31.200103759765625,82.676811218261719,1,0,0,0
966,879,60.946681976318359,55,47.580402374267578,57.580402374267578,31.250102996826172,82.677413940429688,1,0,0,0
967,880,60.959831237792969,55,47.60040283203125,57.60040283203125,31.300102233886719,82.678009033203125,1,0,0,0
968,881,60.972965240478516,55,47.620403289794922,57.620403289794922,31.350101470947266,82.6786117553711,1,0,0,0
969,882,60.986083984375,55,47.640403747558594,57.640403747558594,31.400100708007813,82.679214477539063,1,0,0,0
970,883,60.999187469482422,55,47.660404205322266,57.660404205322266,31.450099945068359,82.6798095703125,1,0,0,0
971,884,61.012279510498047,55,47.680404663085938,57.680404663085938,31.500099182128906,82.680412292480469,1,0,0,0
972,885,61.025356292724609,55,47.700405120849609,57.700405120849609,31.550098419189453,82.681015014648438,1,0,0,0
973,886,61.038417816162109,55,47.720405578613281,57.720405578613281,31.60009765625,82.681610107421875,1,0,0,0
974,887,61.051464080810547,55,47.740406036376953,57.740406036376953,31.650096893310547,82.682212829589844,1,0,0,0
975,888,61.064495086669922,55,47.760406494140625,57.760406494140625,31.700096130371094,82.682815551757813,1,0,0,0
976,889,61.077510833740234,55,47.7804069519043,57.7804069519043,31.750095367431641,82.68341064453125,1,0,0,0
977,890,61.090511322021484,55,47.800407409667969,57.800407409667969,31.800094604492188,82.684013366699219,1,0,0,0
978,891,61.103496551513672,55,47.820407867431641,57.820407867431641,31.850093841552734,82.684608459472656,1,0,0,0
979,892,61.1164665222168,55,47.840408325195313,57.840408325195313,31.900093078613281,82.685211181640625,1,0,0,0
980,893,61.129421234130859,55,47.860408782958984,57.860408782958984,31.950092315673828,82.6858139038086,1,0,0,0
981,894,61.142360687255859,55,47.880409240722656,57.880409240722656,32.000091552734375,82.686408996582031,1,0,0,0
982,895,61.1552848815918,55,47.900409698486328,57.900409698486328,32.050090789794922,82.68701171875,1,0,0,0
983,896,61.168193817138672,55,47.92041015625,57.92041015625,32.100090026855469,82.687614440917969,1,0,0,0
984,897,61.181087493896484,55,47.940410614013672,57.940410614013672,32.150089263916016,82.6882095336914,1,0,0,0
985,898,61.193965911865234,55,47.960411071777344,57.960411071777344,32.200088500976563,82.688812255859375,1,0,0,0
986,899,61.206832885742188,55,47.980411529541016,57.980411529541016,32.250087738037109,82.689414978027344,1,0,0,0
987,900,61.219684600830078,55,48.000411987304688,58.000411987304688,32.300086975097656,82.690010070800781,1,0,0,0
988,901,61.232521057128906,55,48.020412445068359,58.020412445068359,32.3500862121582,82.69061279296875,1,0,0,0
989,902,61.245342254638672,55,48.040412902832031,58.040412902832031,32.40008544921875,82.691215515136719,1,0,0,0
990,903,61.258148193359375,55,48.0604133605957,58.0604133605957,32.4500846862793,82.691810607910156,1,0,0,0
991,904,61.270938873291016,55,48.080413818359375,58.080413818359375,32.500083923339844,82.692413330078125,1,0,0,0
992,905,61.283714294433594,55,48.100414276123047,58.100414276123047,32.550083160400391,82.6930160522461,1,0,0,0
993,906,61.296474456787109,55,48.120414733886719,58.120414733886719,32.600082397460938,82.693611145019531,1,0,0,0
994,907,61.309219360351563,55,48.140415191650391,58.140415191650391,32.650081634521484,82.6942138671875,1,0,0,0
995,908,61.321949005126953,55,48.160415649414063,58.160415649414063,32.700080871582031,82.694808959960938,1,0,0,0
996,909,61.334663391113281,55,48.180416107177734,58.180416107177734,32.750080108642578,82.6954116821289,1,0,0,0
997,910,61.347362518310547,55,48.200416564941406,58.200416564941406,32.800079345703125,82.696014404296875,1,0,0,0
998,911,61.36004638671875,55,48.220417022705078,58.220417022705078,32.850078582763672,82.696609497070313,1,0,0,0
999,912,61.372714996337891,55,48.24041748046875,58.24041748046875,32.900077819824219,82.697212219238281,1,0,0,0
1000,913,61.385368347167969,55,48.260417938232422,58.260417938232422,32.950077056884766,82.69781494140625,1,0,0,0
1001,914,61.39801025390625,55,48.280418395996094,58.280418395996094,33.000076293945313,82.698410034179688,1,0,0,0
1002,915,61.410636901855469,55,48.300418853759766,58.300418853759766,33.050075531005859,82.699012756347656,1,0,0,0
1003,916,61.423248291015625,55,48.320419311523438,58.320419311523438,33.100074768066406,82.699615478515625,1,0,0,0
1004,917,61.435844421386719,55,48.340419769287109,58.340419769287109,33.150074005126953,82.700210571289063,1,0,0,0
1005,918,61.44842529296875,55,48.360420227050781,58.360420227050781,33.2000732421875,82.700813293457031,1,0,0,0
1006,919,61.460990905761719,55,48.380420684814453,58.380420684814453,33.250072479248047,82.701416015625,1,0,0,0
1007,920,61.473541259765625,55,48.400421142578125,58.400421142578125,33.300071716308594,82.702011108398438,1,0,0,0
1008,921,61.486076354980469,55,48.4204216003418,58.4204216003418,33.350070953369141,82.7026138305664,1,0,0,0
1009,922,61.49859619140625,55,48.440422058105469,58.440422058105469,33.400070190429688,82.703208923339844,1,0,0,0
1010,923,61.511100769042969,55,48.460422515869141,58.460422515869141,33.450069427490234,82.703811645507813,1,0,0,0
1011,924,61.523590087890625,55,48.480422973632813,58.480422973632813,33.500068664550781,82.704414367675781,1,0,0,0
1012,925,61.536064147949219,55,48.500423431396484,58.500423431396484,33.550067901611328,82.705009460449219,1,0,0,0
1013,926,61.54852294921875,55,48.520423889160156,58.520423889160156,33.600067138671875,82.705612182617188,1,0,0,0
1014,927,61.560966491699219,55,48.540424346923828,58.540424346923828,33.650066375732422,82.706214904785156,1,0,0,0
1015,928,61.573394775390625,55,48.5604248046875,58.5604248046875,33.700065612792969,82.7068099975586,1,0,0,0
1016,929,61.585811614990234,55,48.580425262451172,58.580425262451172,33.750064849853516,82.707412719726563,1,0,0,0
1017,930,61.598213195800781,55,48.600425720214844,58.600425720214844,33.800064086914063,82.708015441894531,1,0,0,0
1018,931,61.610599517822266,55,48.620426177978516,58.620426177978516,33.850063323974609,82.708610534667969,1,0,0,0
1019,932,61.622970581054688,55,48.640426635742188,58.640426635742188,33.900062561035156,82.709213256835938,1,0,0,0
1020,933,61.635326385498047,55,48.660427093505859,58.660427093505859,33.9500617980957,82.7098159790039,1,0,0,0
1021,934,61.647666931152344,55,48.680427551269531,58.680427551269531,34.00006103515625,82.710411071777344,1,0,0,0
1022,935,61.659992218017578,55,48.7004280090332,58.7004280090332,34.0500602722168,82.711013793945313,1,0,0,0
1023,936,61.67230224609375,55,48.720428466796875,58.720428466796875,34.100059509277344,82.711616516113281,1,0,0,0
1024,937,61.684597015380859,55,48.740428924560547,58.740428924560547,34.150058746337891,82.712211608886719,1,0,0,0
1025,938,61.696876525878906,55,48.760429382324219,58.760429382324219,34.200057983398438,82.712814331054688,1,0,0,0
1026,939,61.709140777587891,55,48.780429840087891,58.780429840087891,34.250057220458984,82.713409423828125,1,0,0,0
1027,940,61.721389770507813,55,48.800430297851563,58.800430297851563,34.300056457519531,82.7140121459961,1,0,0,0
1028,941,61.733623504638672,55,48.820430755615234,58.820430755615234,34.350055694580078,82.714614868164063,1,0,0,0
1029,942,61.745841979980469,55,48.840431213378906,58.840431213378906,34.400054931640625,82.7152099609375,1,0,0,0
1030,943,61.758049011230469,55,48.860431671142578,58.860431671142578,34.450054168701172,82.715812683105469,1,0,0,0
1031,944,61.770240783691406,55,48.88043212890625,58.88043212890625,34.500053405761719,82.716415405273438,1,0,0,0
1032,945,61.782417297363281,55,48.900432586669922,58.900432586669922,34.550052642822266,82.717010498046875,1,0,0,0
1033,946,61.794578552246094,55,48.920433044433594,58.920433044433594,34.600051879882813,82.717613220214844,1,0,0,0
1034,947,61.806724548339844,55,48.940433502197266,58.940433502197266,34.650051116943359,82.718215942382813,1,0,0,0
1035,948,61.818855285644531,55,48.960433959960938,58.960433959960938,34.700050354003906,82.71881103515625,1,0,0,0
1036,949,61.830970764160156,55,48.980434417724609,58.980434417724609,34.750049591064453,82.719413757324219,1,0,0,0
1037,950,61.843070983886719,55,49.000434875488281,59.000434875488281,34.800048828125,82.720016479492188,1,0,0,0
1038,951,61.855155944824219,55,49.020435333251953,59.020435333251953,34.850048065185547,82.720611572265625,1,0,0,0
1039,952,61.867225646972656,55,49.040435791015625,59.040435791015625,34.900047302246094,82.7212142944336,1,0,0,0
1040,953,61.879280090332031,55,49.0604362487793,59.0604362487793,34.950046539306641,82.721809387207031,1,0,0,0
1041,954,61.891319274902344,55,49.080436706542969,59.080436706542969,35.000045776367188,82.722412109375,1,0,0,0
